user_id,variant,converted,pre_spend,sessions,clicks
USR_00001,A (Control),0,59.66,3,1
USR_00002,A (Control),0,39.39,4,1
USR_00003,A (Control),1,36.8,3,2
USR_00004,A (Control),0,36.8,3,3
USR_00005,A (Control),0,108.43,5,2
USR_00006,A (Control),0,70.08,6,1
USR_00007,A (Control),0,30.93,6,2
USR_00008,A (Control),0,61.35,4,1
USR_00009,A (Control),0,50.85,4,1
USR_00010,A (Control),0,7.89,5,1
USR_00011,A (Control),0,19.83,3,2
USR_00012,A (Control),0,53.26,5,0
USR_00013,A (Control),0,102.39,8,3
USR_00014,A (Control),0,37.02,5,0
USR_00015,A (Control),0,29.2,6,1
USR_00016,A (Control),1,46.68,4,2
USR_00017,A (Control),1,27.95,6,1
USR_00018,A (Control),0,35.3,4,6
USR_00019,A (Control),0,42.94,5,0
USR_00020,A (Control),0,19.06,5,1
USR_00021,A (Control),0,72.34,7,4
USR_00022,A (Control),0,16.41,2,3
USR_00023,A (Control),0,14.81,3,3
USR_00024,A (Control),0,49.39,5,3
USR_00025,A (Control),1,68.91,4,4
USR_00026,A (Control),1,48.58,6,4
USR_00027,A (Control),0,40.02,7,1
USR_00028,A (Control),0,35.06,7,4
USR_00029,A (Control),0,31.14,3,1
USR_00030,A (Control),0,82.5,9,3
USR_00031,A (Control),0,53.59,7,0
USR_00032,A (Control),0,32.96,6,3
USR_00033,A (Control),0,26.3,2,1
USR_00034,A (Control),0,63.95,4,3
USR_00035,A (Control),1,81.32,3,1
USR_00036,A (Control),0,76.94,3,0
USR_00037,A (Control),0,23.03,4,1
USR_00038,A (Control),0,34.85,4,1
USR_00039,A (Control),0,30.7,6,3
USR_00040,A (Control),0,38.09,4,1
USR_00041,A (Control),0,71.92,5,1
USR_00042,A (Control),1,96.78,2,1
USR_00043,A (Control),0,54.88,4,2
USR_00044,A (Control),0,26.98,4,1
USR_00045,A (Control),0,42.29,2,0
USR_00046,A (Control),1,107.64,3,1
USR_00047,A (Control),0,45.95,5,5
USR_00048,A (Control),0,35.11,8,7
USR_00049,A (Control),0,37.18,5,3
USR_00050,A (Control),0,54.72,5,3
USR_00051,A (Control),0,23.62,3,0
USR_00052,A (Control),0,30.18,4,1
USR_00053,A (Control),0,76.25,4,2
USR_00054,A (Control),0,53.75,3,2
USR_00055,A (Control),0,46.25,3,0
USR_00056,A (Control),0,78.56,4,1
USR_00057,A (Control),0,25.78,5,1
USR_00058,A (Control),0,34.39,6,3
USR_00059,A (Control),0,52.65,6,3
USR_00060,A (Control),1,51.48,5,3
USR_00061,A (Control),0,13.59,3,2
USR_00062,A (Control),1,32.09,5,1
USR_00063,A (Control),0,38.76,5,3
USR_00064,A (Control),0,56.35,3,1
USR_00065,A (Control),0,51.37,6,4
USR_00066,A (Control),0,41.18,4,1
USR_00067,A (Control),0,7.84,2,1
USR_00068,A (Control),1,42.56,7,3
USR_00069,A (Control),0,45.13,8,0
USR_00070,A (Control),0,163.82,6,4
USR_00071,A (Control),0,37.91,4,1
USR_00072,A (Control),0,52.83,4,1
USR_00073,A (Control),0,86.44,2,0
USR_00074,A (Control),1,69.45,1,1
USR_00075,A (Control),0,99.14,4,0
USR_00076,A (Control),0,13.78,5,2
USR_00077,A (Control),1,20.22,1,0
USR_00078,A (Control),0,28.71,1,0
USR_00079,A (Control),0,11.84,2,0
USR_00080,A (Control),0,45.38,4,1
USR_00081,A (Control),0,21.51,4,1
USR_00082,A (Control),0,106.85,7,1
USR_00083,A (Control),0,24.12,4,1
USR_00084,A (Control),0,34.53,6,2
USR_00085,A (Control),0,71.97,4,0
USR_00086,A (Control),0,16.26,6,5
USR_00087,A (Control),0,11.15,5,3
USR_00088,A (Control),0,49.0,9,3
USR_00089,A (Control),0,51.44,2,0
USR_00090,A (Control),1,70.67,5,4
USR_00091,A (Control),1,60.59,3,1
USR_00092,A (Control),0,52.68,4,3
USR_00093,A (Control),0,26.24,4,2
USR_00094,A (Control),1,50.54,6,1
USR_00095,A (Control),0,52.55,6,4
USR_00096,A (Control),0,25.52,3,1
USR_00097,A (Control),0,124.74,7,3
USR_00098,A (Control),0,58.83,3,0
USR_00099,A (Control),0,20.51,3,0
USR_00100,A (Control),0,70.88,5,1
USR_00101,A (Control),0,78.33,6,1
USR_00102,A (Control),0,56.66,3,1
USR_00103,A (Control),0,36.5,2,0
USR_00104,A (Control),0,24.72,5,4
USR_00105,A (Control),0,41.1,9,2
USR_00106,A (Control),0,54.17,9,5
USR_00107,A (Control),0,43.72,5,4
USR_00108,A (Control),0,101.75,2,0
USR_00109,A (Control),0,64.49,3,1
USR_00110,A (Control),0,22.68,6,3
USR_00111,A (Control),0,18.83,4,2
USR_00112,A (Control),0,59.15,5,0
USR_00113,A (Control),0,37.08,1,0
USR_00114,A (Control),0,67.93,4,0
USR_00115,A (Control),0,58.81,4,2
USR_00116,A (Control),0,41.22,8,1
USR_00117,A (Control),1,22.88,7,3
USR_00118,A (Control),1,12.29,4,1
USR_00119,A (Control),0,49.95,7,3
USR_00120,A (Control),0,16.03,6,3
USR_00121,A (Control),0,22.17,7,4
USR_00122,A (Control),0,48.02,5,0
USR_00123,A (Control),0,45.07,3,3
USR_00124,A (Control),0,17.64,7,3
USR_00125,A (Control),0,83.68,3,3
USR_00126,A (Control),0,82.35,1,0
USR_00127,A (Control),0,60.33,2,1
USR_00128,A (Control),0,60.29,4,2
USR_00129,A (Control),0,60.33,6,1
USR_00130,A (Control),0,77.92,2,0
USR_00131,A (Control),0,65.48,4,0
USR_00132,A (Control),0,24.33,6,4
USR_00133,A (Control),1,36.73,3,3
USR_00134,A (Control),0,153.43,7,4
USR_00135,A (Control),0,8.33,5,4
USR_00136,A (Control),0,30.87,4,5
USR_00137,A (Control),0,83.95,3,1
USR_00138,A (Control),1,25.5,5,1
USR_00139,A (Control),0,66.58,4,2
USR_00140,A (Control),0,44.69,5,1
USR_00141,A (Control),0,26.84,5,1
USR_00142,A (Control),0,6.88,7,4
USR_00143,A (Control),0,49.06,8,1
USR_00144,A (Control),0,23.94,3,0
USR_00145,A (Control),0,40.04,6,3
USR_00146,A (Control),0,59.96,2,0
USR_00147,A (Control),0,74.14,3,1
USR_00148,A (Control),0,30.8,6,2
USR_00149,A (Control),0,26.81,7,3
USR_00150,A (Control),0,15.8,5,1
USR_00151,A (Control),0,76.36,5,3
USR_00152,A (Control),0,140.64,6,5
USR_00153,A (Control),1,81.39,3,2
USR_00154,A (Control),0,92.35,5,4
USR_00155,A (Control),0,25.66,5,4
USR_00156,A (Control),0,57.76,9,3
USR_00157,A (Control),0,70.37,3,2
USR_00158,A (Control),0,0.82,2,1
USR_00159,A (Control),0,19.63,8,2
USR_00160,A (Control),0,111.34,3,2
USR_00161,A (Control),0,13.39,2,0
USR_00162,A (Control),0,101.12,4,0
USR_00163,A (Control),0,13.32,6,3
USR_00164,A (Control),0,20.39,4,1
USR_00165,A (Control),0,58.41,5,1
USR_00166,A (Control),0,45.42,6,4
USR_00167,A (Control),0,32.95,5,1
USR_00168,A (Control),0,108.8,3,2
USR_00169,A (Control),0,16.15,5,1
USR_00170,A (Control),0,39.02,5,4
USR_00171,A (Control),0,63.06,5,2
USR_00172,A (Control),0,52.14,3,1
USR_00173,A (Control),0,27.47,6,2
USR_00174,A (Control),0,28.2,8,5
USR_00175,A (Control),1,73.47,7,0
USR_00176,A (Control),1,75.58,2,1
USR_00177,A (Control),0,53.02,5,1
USR_00178,A (Control),0,23.22,4,3
USR_00179,A (Control),0,28.85,4,1
USR_00180,A (Control),0,42.72,5,1
USR_00181,A (Control),0,46.88,7,4
USR_00182,A (Control),0,61.52,2,1
USR_00183,A (Control),0,37.65,5,2
USR_00184,A (Control),0,72.46,3,1
USR_00185,A (Control),0,71.97,5,2
USR_00186,A (Control),0,94.25,7,1
USR_00187,A (Control),0,43.95,6,5
USR_00188,A (Control),0,53.59,3,1
USR_00189,A (Control),0,39.61,5,1
USR_00190,A (Control),0,23.43,8,5
USR_00191,A (Control),0,138.73,2,0
USR_00192,A (Control),0,87.15,4,6
USR_00193,A (Control),1,71.07,5,3
USR_00194,A (Control),0,42.97,3,1
USR_00195,A (Control),0,21.92,5,1
USR_00196,A (Control),0,78.85,5,2
USR_00197,A (Control),0,39.15,2,0
USR_00198,A (Control),0,56.66,3,2
USR_00199,A (Control),0,28.77,3,0
USR_00200,A (Control),0,50.95,4,1
USR_00201,A (Control),0,30.06,5,2
USR_00202,A (Control),1,30.89,2,1
USR_00203,A (Control),0,50.53,8,4
USR_00204,A (Control),0,13.15,4,2
USR_00205,A (Control),0,13.7,5,1
USR_00206,A (Control),0,25.44,4,1
USR_00207,A (Control),0,37.35,2,0
USR_00208,A (Control),1,73.8,5,0
USR_00209,A (Control),0,38.79,7,4
USR_00210,A (Control),0,42.79,5,1
USR_00211,A (Control),0,35.38,4,0
USR_00212,A (Control),0,53.55,3,2
USR_00213,A (Control),0,23.26,5,5
USR_00214,A (Control),0,40.21,5,2
USR_00215,A (Control),0,56.27,7,2
USR_00216,A (Control),0,50.27,3,1
USR_00217,A (Control),0,43.71,4,1
USR_00218,A (Control),0,44.06,4,2
USR_00219,A (Control),0,59.71,7,2
USR_00220,A (Control),0,142.65,5,0
USR_00221,A (Control),0,24.44,2,0
USR_00222,A (Control),0,145.05,3,1
USR_00223,A (Control),0,23.63,7,2
USR_00224,A (Control),0,6.06,4,0
USR_00225,A (Control),0,29.63,3,1
USR_00226,A (Control),0,54.19,2,0
USR_00227,A (Control),0,125.36,4,0
USR_00228,A (Control),0,21.9,4,1
USR_00229,A (Control),0,59.49,5,3
USR_00230,A (Control),0,14.93,5,3
USR_00231,A (Control),0,122.7,2,2
USR_00232,A (Control),0,88.15,3,1
USR_00233,A (Control),0,30.94,4,4
USR_00234,A (Control),0,96.66,2,0
USR_00235,A (Control),0,40.05,4,2
USR_00236,A (Control),1,90.94,5,3
USR_00237,A (Control),0,43.49,7,0
USR_00238,A (Control),0,44.73,4,1
USR_00239,A (Control),0,31.39,6,5
USR_00240,A (Control),1,64.38,6,3
USR_00241,A (Control),0,46.97,3,0
USR_00242,A (Control),0,60.31,7,3
USR_00243,A (Control),0,12.04,3,1
USR_00244,A (Control),0,92.88,5,5
USR_00245,A (Control),0,106.92,3,2
USR_00246,A (Control),0,46.83,8,4
USR_00247,A (Control),0,136.72,4,3
USR_00248,A (Control),1,118.27,2,1
USR_00249,A (Control),0,65.24,3,3
USR_00250,A (Control),0,97.4,5,2
USR_00251,A (Control),0,82.56,6,3
USR_00252,A (Control),0,9.44,6,3
USR_00253,A (Control),0,35.88,6,2
USR_00254,A (Control),0,68.08,7,2
USR_00255,A (Control),0,111.13,4,3
USR_00256,A (Control),0,14.08,7,2
USR_00257,A (Control),0,10.04,5,1
USR_00258,A (Control),0,41.72,7,4
USR_00259,A (Control),0,6.52,3,1
USR_00260,A (Control),0,40.76,7,2
USR_00261,A (Control),0,55.05,7,5
USR_00262,A (Control),0,21.14,6,1
USR_00263,A (Control),0,41.51,1,0
USR_00264,A (Control),0,77.97,3,0
USR_00265,A (Control),0,29.52,5,4
USR_00266,A (Control),0,23.93,6,2
USR_00267,A (Control),1,40.26,5,1
USR_00268,A (Control),0,19.44,9,4
USR_00269,A (Control),0,130.72,4,1
USR_00270,A (Control),0,44.38,7,10
USR_00271,A (Control),0,25.83,3,3
USR_00272,A (Control),0,49.94,4,1
USR_00273,A (Control),0,40.11,3,2
USR_00274,A (Control),0,37.15,2,0
USR_00275,A (Control),0,29.52,3,1
USR_00276,A (Control),0,28.5,5,1
USR_00277,A (Control),0,12.28,5,2
USR_00278,A (Control),0,97.31,8,3
USR_00279,A (Control),0,62.62,2,1
USR_00280,A (Control),0,53.16,3,0
USR_00281,A (Control),0,39.68,6,2
USR_00282,A (Control),0,20.85,4,3
USR_00283,A (Control),0,24.66,2,0
USR_00284,A (Control),0,13.5,4,2
USR_00285,A (Control),0,26.95,5,3
USR_00286,A (Control),0,18.66,4,1
USR_00287,A (Control),0,114.39,6,4
USR_00288,A (Control),0,74.81,7,4
USR_00289,A (Control),0,45.65,5,2
USR_00290,A (Control),0,22.6,2,0
USR_00291,A (Control),0,19.41,3,2
USR_00292,A (Control),0,37.97,8,5
USR_00293,A (Control),0,76.72,3,2
USR_00294,A (Control),0,13.82,3,1
USR_00295,A (Control),0,62.11,4,2
USR_00296,A (Control),0,26.86,6,6
USR_00297,A (Control),0,30.52,6,0
USR_00298,A (Control),0,44.78,9,4
USR_00299,A (Control),0,23.19,2,1
USR_00300,A (Control),0,36.67,3,1
USR_00301,A (Control),0,21.73,4,1
USR_00302,A (Control),0,28.47,9,5
USR_00303,A (Control),0,69.59,6,5
USR_00304,A (Control),0,46.32,8,4
USR_00305,A (Control),0,69.43,4,1
USR_00306,A (Control),0,26.61,4,1
USR_00307,A (Control),0,62.4,2,0
USR_00308,A (Control),0,10.91,3,2
USR_00309,A (Control),0,44.76,3,1
USR_00310,A (Control),0,64.98,2,0
USR_00311,A (Control),0,10.52,4,0
USR_00312,A (Control),0,26.84,2,0
USR_00313,A (Control),0,44.74,4,2
USR_00314,A (Control),1,80.22,2,0
USR_00315,A (Control),0,28.47,3,0
USR_00316,A (Control),0,60.88,6,2
USR_00317,A (Control),0,101.13,4,3
USR_00318,A (Control),0,62.64,6,1
USR_00319,A (Control),0,37.63,7,3
USR_00320,A (Control),0,55.2,5,2
USR_00321,A (Control),0,27.87,5,2
USR_00322,A (Control),0,45.93,2,1
USR_00323,A (Control),0,38.91,5,2
USR_00324,A (Control),0,54.05,7,1
USR_00325,A (Control),0,32.3,5,2
USR_00326,A (Control),0,56.01,4,1
USR_00327,A (Control),0,32.08,7,1
USR_00328,A (Control),1,74.37,6,4
USR_00329,A (Control),0,34.43,5,3
USR_00330,A (Control),0,6.77,2,0
USR_00331,A (Control),0,19.92,4,2
USR_00332,A (Control),0,43.88,4,4
USR_00333,A (Control),0,113.79,7,2
USR_00334,A (Control),0,72.62,1,2
USR_00335,A (Control),0,5.39,5,3
USR_00336,A (Control),0,12.75,5,2
USR_00337,A (Control),0,86.48,6,6
USR_00338,A (Control),0,64.76,4,1
USR_00339,A (Control),0,150.45,4,1
USR_00340,A (Control),0,31.17,4,1
USR_00341,A (Control),0,22.82,2,1
USR_00342,A (Control),0,45.47,2,0
USR_00343,A (Control),0,30.74,5,0
USR_00344,A (Control),0,81.62,7,3
USR_00345,A (Control),0,29.99,5,1
USR_00346,A (Control),0,35.86,7,0
USR_00347,A (Control),1,20.43,6,1
USR_00348,A (Control),0,69.66,5,3
USR_00349,A (Control),0,21.46,3,3
USR_00350,A (Control),0,56.68,5,2
USR_00351,A (Control),0,125.39,4,1
USR_00352,A (Control),0,9.23,4,1
USR_00353,A (Control),0,103.98,3,0
USR_00354,A (Control),0,52.11,4,3
USR_00355,A (Control),0,17.93,3,2
USR_00356,A (Control),0,46.63,4,0
USR_00357,A (Control),1,68.4,3,1
USR_00358,A (Control),0,23.98,3,1
USR_00359,A (Control),0,58.75,5,3
USR_00360,A (Control),0,109.19,6,5
USR_00361,A (Control),0,29.96,6,1
USR_00362,A (Control),0,20.24,5,3
USR_00363,A (Control),0,39.73,8,1
USR_00364,A (Control),0,44.99,3,0
USR_00365,A (Control),0,84.19,6,0
USR_00366,A (Control),0,38.85,3,0
USR_00367,A (Control),0,31.94,8,0
USR_00368,A (Control),0,19.85,8,1
USR_00369,A (Control),0,10.59,4,3
USR_00370,A (Control),0,15.37,4,1
USR_00371,A (Control),0,15.3,4,1
USR_00372,A (Control),0,36.13,3,1
USR_00373,A (Control),0,12.44,5,6
USR_00374,A (Control),0,41.75,4,1
USR_00375,A (Control),0,123.74,6,1
USR_00376,A (Control),0,85.68,5,5
USR_00377,A (Control),1,35.89,7,3
USR_00378,A (Control),1,171.81,4,1
USR_00379,A (Control),0,45.1,3,1
USR_00380,A (Control),0,49.43,4,0
USR_00381,A (Control),0,39.22,6,2
USR_00382,A (Control),0,42.38,1,1
USR_00383,A (Control),0,29.22,3,1
USR_00384,A (Control),0,36.25,8,5
USR_00385,A (Control),0,104.4,3,1
USR_00386,A (Control),0,91.34,4,1
USR_00387,A (Control),0,6.47,4,1
USR_00388,A (Control),0,13.7,12,3
USR_00389,A (Control),0,24.23,5,1
USR_00390,A (Control),0,77.13,7,7
USR_00391,A (Control),0,92.58,4,1
USR_00392,A (Control),0,68.24,5,2
USR_00393,A (Control),0,17.87,3,0
USR_00394,A (Control),0,29.65,1,0
USR_00395,A (Control),0,59.4,6,3
USR_00396,A (Control),0,36.64,5,2
USR_00397,A (Control),0,33.21,3,0
USR_00398,A (Control),0,33.55,3,2
USR_00399,A (Control),0,87.21,1,0
USR_00400,A (Control),0,63.24,6,2
USR_00401,A (Control),0,34.84,3,2
USR_00402,A (Control),0,53.66,4,0
USR_00403,A (Control),0,15.95,4,1
USR_00404,A (Control),1,29.69,7,3
USR_00405,A (Control),0,82.13,2,1
USR_00406,A (Control),0,11.76,4,1
USR_00407,A (Control),0,63.73,1,1
USR_00408,A (Control),0,6.4,3,2
USR_00409,A (Control),0,114.92,3,2
USR_00410,A (Control),0,29.19,2,3
USR_00411,A (Control),0,56.18,6,4
USR_00412,A (Control),0,46.78,3,1
USR_00413,A (Control),0,47.91,3,1
USR_00414,A (Control),0,53.04,4,3
USR_00415,A (Control),0,9.97,6,2
USR_00416,A (Control),0,48.56,3,2
USR_00417,A (Control),0,38.14,3,0
USR_00418,A (Control),0,29.31,7,4
USR_00419,A (Control),0,24.22,2,1
USR_00420,A (Control),0,49.36,5,4
USR_00421,A (Control),0,20.44,5,3
USR_00422,A (Control),0,81.24,5,4
USR_00423,A (Control),0,58.79,2,0
USR_00424,A (Control),0,51.32,5,3
USR_00425,A (Control),0,79.18,4,4
USR_00426,A (Control),0,8.59,4,3
USR_00427,A (Control),0,15.52,6,3
USR_00428,A (Control),0,60.43,6,5
USR_00429,A (Control),0,25.29,3,0
USR_00430,A (Control),0,27.71,2,0
USR_00431,A (Control),0,13.71,4,4
USR_00432,A (Control),0,20.49,3,2
USR_00433,A (Control),0,82.34,5,0
USR_00434,A (Control),0,59.54,8,2
USR_00435,A (Control),0,49.01,3,2
USR_00436,A (Control),0,28.5,6,3
USR_00437,A (Control),0,47.03,4,0
USR_00438,A (Control),0,86.74,2,1
USR_00439,A (Control),0,25.75,3,2
USR_00440,A (Control),0,42.31,4,4
USR_00441,A (Control),0,119.16,3,1
USR_00442,A (Control),0,67.69,4,2
USR_00443,A (Control),0,28.79,4,1
USR_00444,A (Control),0,64.34,4,2
USR_00445,A (Control),0,11.6,7,1
USR_00446,A (Control),0,41.18,7,2
USR_00447,A (Control),0,64.29,1,0
USR_00448,A (Control),1,55.52,2,0
USR_00449,A (Control),0,63.91,2,0
USR_00450,A (Control),0,72.81,6,6
USR_00451,A (Control),0,58.31,4,0
USR_00452,A (Control),0,57.25,3,1
USR_00453,A (Control),0,49.74,5,2
USR_00454,A (Control),0,18.66,6,1
USR_00455,A (Control),0,82.32,6,3
USR_00456,A (Control),0,42.18,10,3
USR_00457,A (Control),0,66.65,6,3
USR_00458,A (Control),0,77.24,5,3
USR_00459,A (Control),0,29.85,5,2
USR_00460,A (Control),0,31.76,4,0
USR_00461,A (Control),0,34.85,2,1
USR_00462,A (Control),0,91.81,5,1
USR_00463,A (Control),0,21.97,2,1
USR_00464,A (Control),0,101.41,4,2
USR_00465,A (Control),0,49.38,9,5
USR_00466,A (Control),0,51.68,5,2
USR_00467,A (Control),0,75.15,4,1
USR_00468,A (Control),0,45.8,6,2
USR_00469,A (Control),1,82.88,4,2
USR_00470,A (Control),0,29.82,2,2
USR_00471,A (Control),0,99.47,9,2
USR_00472,A (Control),0,31.5,4,3
USR_00473,A (Control),1,101.75,6,2
USR_00474,A (Control),1,32.1,3,2
USR_00475,A (Control),0,35.56,9,3
USR_00476,A (Control),0,19.98,7,4
USR_00477,A (Control),0,24.43,5,3
USR_00478,A (Control),0,42.32,3,1
USR_00479,A (Control),0,50.6,7,3
USR_00480,A (Control),0,79.25,2,1
USR_00481,A (Control),0,37.33,5,3
USR_00482,A (Control),0,17.97,1,1
USR_00483,A (Control),0,55.59,3,2
USR_00484,A (Control),0,48.42,4,1
USR_00485,A (Control),0,59.51,8,2
USR_00486,A (Control),0,27.14,6,5
USR_00487,A (Control),0,29.51,6,4
USR_00488,A (Control),0,27.15,5,2
USR_00489,A (Control),0,88.61,2,0
USR_00490,A (Control),0,100.05,4,3
USR_00491,A (Control),0,28.61,7,4
USR_00492,A (Control),0,29.02,3,3
USR_00493,A (Control),0,64.76,4,0
USR_00494,A (Control),0,106.72,2,0
USR_00495,A (Control),0,120.62,3,1
USR_00496,A (Control),0,27.68,5,3
USR_00497,A (Control),0,32.89,6,6
USR_00498,A (Control),0,52.31,4,1
USR_00499,A (Control),0,53.94,1,0
USR_00500,A (Control),1,38.33,5,1
USR_00501,A (Control),0,23.82,2,2
USR_00502,A (Control),0,42.37,4,1
USR_00503,A (Control),0,120.54,5,3
USR_00504,A (Control),0,29.81,5,2
USR_00505,A (Control),0,50.26,6,0
USR_00506,A (Control),0,168.41,5,2
USR_00507,A (Control),0,29.51,2,1
USR_00508,A (Control),0,66.67,3,1
USR_00509,A (Control),1,123.6,5,4
USR_00510,A (Control),0,63.15,2,1
USR_00511,A (Control),0,84.85,2,1
USR_00512,A (Control),1,72.25,6,0
USR_00513,A (Control),0,60.05,8,3
USR_00514,A (Control),0,98.09,4,2
USR_00515,A (Control),0,65.37,7,1
USR_00516,A (Control),0,38.6,3,1
USR_00517,A (Control),0,47.8,4,2
USR_00518,A (Control),0,55.12,10,2
USR_00519,A (Control),0,32.75,4,0
USR_00520,A (Control),0,49.21,4,1
USR_00521,A (Control),0,44.71,5,3
USR_00522,A (Control),0,65.25,6,3
USR_00523,A (Control),1,143.31,6,3
USR_00524,A (Control),0,51.1,5,1
USR_00525,A (Control),0,108.34,6,1
USR_00526,A (Control),0,63.81,2,0
USR_00527,A (Control),1,49.06,5,2
USR_00528,A (Control),0,31.47,8,4
USR_00529,A (Control),0,49.3,3,1
USR_00530,A (Control),0,47.37,2,1
USR_00531,A (Control),0,25.82,3,0
USR_00532,A (Control),0,28.87,5,1
USR_00533,A (Control),0,55.41,4,2
USR_00534,A (Control),0,107.69,5,3
USR_00535,A (Control),0,41.43,3,0
USR_00536,A (Control),0,13.16,6,5
USR_00537,A (Control),0,5.48,2,0
USR_00538,A (Control),0,19.69,5,4
USR_00539,A (Control),0,67.71,5,2
USR_00540,A (Control),0,15.51,5,2
USR_00541,A (Control),0,74.43,5,2
USR_00542,A (Control),0,65.43,3,3
USR_00543,A (Control),0,40.48,2,0
USR_00544,A (Control),0,25.99,3,1
USR_00545,A (Control),0,36.61,7,2
USR_00546,A (Control),0,54.55,3,3
USR_00547,A (Control),0,15.94,7,1
USR_00548,A (Control),0,101.25,6,3
USR_00549,A (Control),0,54.23,3,1
USR_00550,A (Control),0,58.22,4,2
USR_00551,A (Control),0,65.14,6,1
USR_00552,A (Control),0,95.42,3,1
USR_00553,A (Control),0,49.38,3,0
USR_00554,A (Control),0,67.74,4,4
USR_00555,A (Control),0,26.32,3,0
USR_00556,A (Control),1,120.91,7,7
USR_00557,A (Control),0,47.22,5,2
USR_00558,A (Control),0,26.22,5,0
USR_00559,A (Control),0,31.48,4,0
USR_00560,A (Control),0,8.11,7,3
USR_00561,A (Control),0,31.34,4,2
USR_00562,A (Control),0,3.98,5,2
USR_00563,A (Control),0,70.83,4,0
USR_00564,A (Control),0,57.1,2,0
USR_00565,A (Control),0,20.64,4,1
USR_00566,A (Control),1,41.94,6,3
USR_00567,A (Control),1,43.23,2,0
USR_00568,A (Control),0,17.4,8,3
USR_00569,A (Control),0,37.15,3,1
USR_00570,A (Control),0,44.13,4,2
USR_00571,A (Control),0,36.46,8,1
USR_00572,A (Control),0,26.2,2,3
USR_00573,A (Control),0,20.03,3,1
USR_00574,A (Control),0,35.57,5,1
USR_00575,A (Control),0,28.6,4,2
USR_00576,A (Control),0,62.47,6,4
USR_00577,A (Control),0,98.96,7,4
USR_00578,A (Control),0,76.65,2,0
USR_00579,A (Control),0,45.11,7,6
USR_00580,A (Control),0,26.94,5,0
USR_00581,A (Control),0,75.39,6,2
USR_00582,A (Control),1,64.85,3,0
USR_00583,A (Control),0,94.84,5,1
USR_00584,A (Control),0,49.41,5,0
USR_00585,A (Control),0,117.16,6,3
USR_00586,A (Control),0,49.42,5,0
USR_00587,A (Control),0,26.85,4,2
USR_00588,A (Control),0,30.59,2,0
USR_00589,A (Control),0,60.62,6,1
USR_00590,A (Control),0,28.54,6,2
USR_00591,A (Control),0,116.68,3,1
USR_00592,A (Control),0,57.49,4,2
USR_00593,A (Control),0,44.46,4,2
USR_00594,A (Control),0,46.96,2,2
USR_00595,A (Control),1,36.19,4,1
USR_00596,A (Control),0,10.43,3,1
USR_00597,A (Control),0,30.61,4,1
USR_00598,A (Control),0,108.15,3,1
USR_00599,A (Control),0,50.28,5,1
USR_00600,A (Control),0,82.05,4,2
USR_00601,A (Control),0,83.48,4,3
USR_00602,A (Control),0,42.21,3,1
USR_00603,A (Control),0,65.51,4,3
USR_00604,A (Control),0,11.52,6,3
USR_00605,A (Control),0,102.96,4,3
USR_00606,A (Control),0,97.98,5,4
USR_00607,A (Control),0,59.56,4,1
USR_00608,A (Control),0,51.47,4,3
USR_00609,A (Control),1,42.59,5,2
USR_00610,A (Control),0,87.84,6,3
USR_00611,A (Control),0,70.25,1,0
USR_00612,A (Control),0,33.52,2,3
USR_00613,A (Control),0,18.02,5,4
USR_00614,A (Control),0,15.3,6,4
USR_00615,A (Control),0,87.28,5,1
USR_00616,A (Control),0,41.97,7,2
USR_00617,A (Control),0,58.95,6,2
USR_00618,A (Control),0,45.63,5,4
USR_00619,A (Control),0,15.47,5,3
USR_00620,A (Control),0,11.76,5,1
USR_00621,A (Control),0,31.91,5,2
USR_00622,A (Control),0,33.86,2,1
USR_00623,A (Control),0,33.84,8,4
USR_00624,A (Control),0,34.54,4,1
USR_00625,A (Control),0,137.73,5,0
USR_00626,A (Control),0,81.29,5,0
USR_00627,A (Control),0,50.75,4,1
USR_00628,A (Control),0,41.26,3,3
USR_00629,A (Control),1,42.25,2,1
USR_00630,A (Control),0,68.68,8,4
USR_00631,A (Control),0,41.0,4,4
USR_00632,A (Control),0,76.29,5,2
USR_00633,A (Control),0,54.35,4,1
USR_00634,A (Control),0,138.47,4,1
USR_00635,A (Control),0,39.35,3,0
USR_00636,A (Control),0,84.83,4,2
USR_00637,A (Control),0,19.36,3,3
USR_00638,A (Control),0,27.44,2,2
USR_00639,A (Control),1,127.63,5,0
USR_00640,A (Control),0,74.33,3,1
USR_00641,A (Control),1,59.63,8,3
USR_00642,A (Control),0,159.58,4,1
USR_00643,A (Control),0,41.66,3,0
USR_00644,A (Control),0,84.71,5,2
USR_00645,A (Control),0,88.51,4,2
USR_00646,A (Control),0,111.4,4,2
USR_00647,A (Control),0,17.59,9,12
USR_00648,A (Control),0,41.47,5,2
USR_00649,A (Control),0,53.75,3,1
USR_00650,A (Control),0,110.31,8,6
USR_00651,A (Control),0,58.1,4,2
USR_00652,A (Control),0,88.63,5,2
USR_00653,A (Control),0,16.31,9,3
USR_00654,A (Control),0,35.15,7,2
USR_00655,A (Control),0,97.76,5,2
USR_00656,A (Control),0,38.44,6,5
USR_00657,A (Control),0,43.79,4,3
USR_00658,A (Control),0,109.26,2,0
USR_00659,A (Control),0,22.88,2,0
USR_00660,A (Control),1,27.11,2,0
USR_00661,A (Control),0,14.89,5,2
USR_00662,A (Control),0,111.88,5,1
USR_00663,A (Control),0,80.38,2,0
USR_00664,A (Control),0,79.14,2,1
USR_00665,A (Control),0,34.46,3,0
USR_00666,A (Control),0,13.95,6,1
USR_00667,A (Control),0,10.7,4,2
USR_00668,A (Control),0,98.19,4,1
USR_00669,A (Control),1,62.14,5,3
USR_00670,A (Control),0,69.74,4,1
USR_00671,A (Control),0,52.15,4,3
USR_00672,A (Control),0,24.71,2,1
USR_00673,A (Control),0,35.58,6,1
USR_00674,A (Control),0,20.26,10,4
USR_00675,A (Control),0,18.29,5,2
USR_00676,A (Control),0,76.38,4,2
USR_00677,A (Control),0,11.59,1,1
USR_00678,A (Control),0,20.37,4,0
USR_00679,A (Control),0,37.05,4,2
USR_00680,A (Control),0,46.51,8,4
USR_00681,A (Control),0,14.73,5,4
USR_00682,A (Control),0,57.64,3,1
USR_00683,A (Control),0,50.27,7,1
USR_00684,A (Control),0,97.18,2,2
USR_00685,A (Control),0,47.03,3,3
USR_00686,A (Control),0,61.38,5,0
USR_00687,A (Control),0,25.78,2,0
USR_00688,A (Control),0,26.6,2,2
USR_00689,A (Control),0,16.06,6,2
USR_00690,A (Control),1,25.97,4,0
USR_00691,A (Control),0,35.22,3,1
USR_00692,A (Control),1,91.42,5,2
USR_00693,A (Control),0,23.1,2,3
USR_00694,A (Control),0,142.13,5,1
USR_00695,A (Control),0,64.8,2,0
USR_00696,A (Control),0,56.69,3,0
USR_00697,A (Control),0,44.64,7,0
USR_00698,A (Control),0,39.15,5,1
USR_00699,A (Control),0,28.91,2,2
USR_00700,A (Control),0,14.22,5,1
USR_00701,A (Control),0,23.72,6,3
USR_00702,A (Control),0,111.72,3,1
USR_00703,A (Control),0,62.33,6,2
USR_00704,A (Control),0,111.12,7,4
USR_00705,A (Control),0,28.37,4,2
USR_00706,A (Control),1,19.8,6,1
USR_00707,A (Control),0,44.34,5,1
USR_00708,A (Control),0,24.39,5,2
USR_00709,A (Control),0,50.59,7,4
USR_00710,A (Control),0,11.77,4,0
USR_00711,A (Control),0,7.15,7,1
USR_00712,A (Control),0,55.3,4,2
USR_00713,A (Control),0,113.58,2,0
USR_00714,A (Control),0,56.88,4,5
USR_00715,A (Control),0,61.94,2,0
USR_00716,A (Control),0,45.61,2,1
USR_00717,A (Control),0,48.51,7,1
USR_00718,A (Control),0,13.62,7,3
USR_00719,A (Control),0,25.09,4,2
USR_00720,A (Control),0,90.86,3,2
USR_00721,A (Control),0,34.67,3,1
USR_00722,A (Control),0,89.76,7,1
USR_00723,A (Control),0,47.64,5,0
USR_00724,A (Control),0,49.24,5,3
USR_00725,A (Control),0,34.86,6,2
USR_00726,A (Control),0,67.7,5,1
USR_00727,A (Control),0,78.04,3,0
USR_00728,A (Control),0,24.07,5,1
USR_00729,A (Control),0,14.77,7,2
USR_00730,A (Control),0,8.64,5,3
USR_00731,A (Control),0,60.07,5,2
USR_00732,A (Control),0,55.81,3,4
USR_00733,A (Control),0,165.96,3,1
USR_00734,A (Control),0,45.79,7,3
USR_00735,A (Control),0,40.49,5,1
USR_00736,A (Control),0,51.69,4,2
USR_00737,A (Control),0,53.51,6,3
USR_00738,A (Control),0,38.38,2,0
USR_00739,A (Control),0,24.68,4,0
USR_00740,A (Control),0,44.17,6,2
USR_00741,A (Control),0,43.07,3,0
USR_00742,A (Control),0,42.6,3,1
USR_00743,A (Control),0,72.14,6,2
USR_00744,A (Control),1,43.64,4,2
USR_00745,A (Control),0,15.05,3,1
USR_00746,A (Control),0,27.75,3,2
USR_00747,A (Control),1,38.06,7,2
USR_00748,A (Control),0,45.02,6,3
USR_00749,A (Control),0,60.87,8,3
USR_00750,A (Control),0,45.26,1,0
USR_00751,A (Control),0,7.31,3,1
USR_00752,A (Control),0,16.59,2,1
USR_00753,A (Control),1,63.5,5,2
USR_00754,A (Control),0,37.35,5,0
USR_00755,A (Control),0,47.86,4,3
USR_00756,A (Control),0,34.15,2,0
USR_00757,A (Control),0,27.67,1,0
USR_00758,A (Control),0,35.02,8,3
USR_00759,A (Control),0,48.23,6,2
USR_00760,A (Control),0,43.42,4,0
USR_00761,A (Control),0,77.73,5,1
USR_00762,A (Control),0,12.67,4,2
USR_00763,A (Control),0,14.26,1,1
USR_00764,A (Control),0,37.05,4,3
USR_00765,A (Control),0,61.31,4,4
USR_00766,A (Control),0,69.74,7,4
USR_00767,A (Control),0,28.48,6,3
USR_00768,A (Control),0,3.06,5,2
USR_00769,A (Control),0,29.16,5,0
USR_00770,A (Control),0,55.92,5,1
USR_00771,A (Control),0,42.88,8,2
USR_00772,A (Control),0,62.72,4,1
USR_00773,A (Control),0,88.97,1,0
USR_00774,A (Control),0,38.83,4,2
USR_00775,A (Control),0,31.55,6,2
USR_00776,A (Control),0,22.16,3,0
USR_00777,A (Control),0,14.19,5,0
USR_00778,A (Control),0,11.07,2,3
USR_00779,A (Control),0,26.47,5,4
USR_00780,A (Control),0,81.72,4,0
USR_00781,A (Control),0,66.51,9,4
USR_00782,A (Control),0,30.5,4,1
USR_00783,A (Control),1,142.92,3,0
USR_00784,A (Control),0,27.84,3,2
USR_00785,A (Control),0,94.06,6,4
USR_00786,A (Control),0,107.47,6,2
USR_00787,A (Control),1,58.33,5,0
USR_00788,A (Control),0,26.29,6,2
USR_00789,A (Control),0,33.44,2,1
USR_00790,A (Control),0,49.0,6,4
USR_00791,A (Control),0,14.54,5,2
USR_00792,A (Control),0,20.56,5,3
USR_00793,A (Control),1,19.24,6,1
USR_00794,A (Control),0,61.13,3,2
USR_00795,A (Control),0,88.45,3,1
USR_00796,A (Control),0,68.13,3,2
USR_00797,A (Control),0,79.77,3,0
USR_00798,A (Control),0,24.65,6,2
USR_00799,A (Control),0,34.51,5,1
USR_00800,A (Control),0,36.36,1,0
USR_00801,A (Control),0,58.19,3,2
USR_00802,A (Control),0,27.02,5,3
USR_00803,A (Control),0,76.79,7,4
USR_00804,A (Control),0,105.7,6,0
USR_00805,A (Control),0,60.07,5,3
USR_00806,A (Control),0,33.45,6,2
USR_00807,A (Control),0,23.03,7,2
USR_00808,A (Control),0,19.28,2,0
USR_00809,A (Control),0,7.4,5,3
USR_00810,A (Control),0,37.14,2,0
USR_00811,A (Control),1,35.68,3,2
USR_00812,A (Control),0,73.92,7,5
USR_00813,A (Control),0,28.33,4,0
USR_00814,A (Control),0,38.6,3,6
USR_00815,A (Control),0,52.2,2,3
USR_00816,A (Control),0,59.45,1,0
USR_00817,A (Control),0,68.77,2,0
USR_00818,A (Control),0,48.88,3,1
USR_00819,A (Control),0,15.27,2,0
USR_00820,A (Control),1,56.2,4,0
USR_00821,A (Control),0,26.85,6,3
USR_00822,A (Control),0,90.97,4,2
USR_00823,A (Control),0,43.96,5,2
USR_00824,A (Control),0,50.81,8,2
USR_00825,A (Control),0,173.91,8,2
USR_00826,A (Control),0,69.51,2,3
USR_00827,A (Control),0,55.55,7,3
USR_00828,A (Control),0,39.38,3,2
USR_00829,A (Control),0,16.36,4,1
USR_00830,A (Control),0,37.47,8,5
USR_00831,A (Control),0,22.81,3,2
USR_00832,A (Control),1,113.43,5,1
USR_00833,A (Control),0,56.02,6,3
USR_00834,A (Control),1,88.97,6,5
USR_00835,A (Control),0,27.75,3,0
USR_00836,A (Control),0,24.09,4,2
USR_00837,A (Control),0,65.36,4,4
USR_00838,A (Control),0,22.11,3,2
USR_00839,A (Control),0,31.69,9,4
USR_00840,A (Control),0,116.65,2,0
USR_00841,A (Control),0,32.6,5,2
USR_00842,A (Control),0,13.55,2,1
USR_00843,A (Control),0,9.42,3,1
USR_00844,A (Control),0,12.15,5,6
USR_00845,A (Control),0,92.14,3,2
USR_00846,A (Control),0,29.03,3,0
USR_00847,A (Control),0,170.7,7,3
USR_00848,A (Control),0,106.43,5,1
USR_00849,A (Control),0,133.28,3,1
USR_00850,A (Control),0,81.01,4,1
USR_00851,A (Control),1,63.22,3,0
USR_00852,A (Control),0,23.43,4,2
USR_00853,A (Control),0,43.23,7,1
USR_00854,A (Control),0,67.24,1,0
USR_00855,A (Control),0,77.98,5,1
USR_00856,A (Control),0,17.66,6,5
USR_00857,A (Control),0,37.88,6,2
USR_00858,A (Control),0,40.94,3,1
USR_00859,A (Control),0,39.85,6,3
USR_00860,A (Control),0,19.63,5,1
USR_00861,A (Control),0,124.04,2,0
USR_00862,A (Control),0,37.0,5,3
USR_00863,A (Control),0,20.78,4,0
USR_00864,A (Control),0,125.86,8,2
USR_00865,A (Control),0,106.49,4,0
USR_00866,A (Control),0,47.61,5,1
USR_00867,A (Control),0,31.01,3,1
USR_00868,A (Control),0,11.3,3,1
USR_00869,A (Control),0,60.28,3,0
USR_00870,A (Control),0,29.47,2,0
USR_00871,A (Control),0,42.53,5,0
USR_00872,A (Control),0,119.25,4,0
USR_00873,A (Control),0,27.91,3,0
USR_00874,A (Control),0,58.65,3,0
USR_00875,A (Control),0,70.02,2,0
USR_00876,A (Control),0,90.42,4,2
USR_00877,A (Control),0,40.45,6,5
USR_00878,A (Control),0,37.61,3,2
USR_00879,A (Control),0,37.0,5,1
USR_00880,A (Control),0,55.07,5,1
USR_00881,A (Control),0,103.8,7,0
USR_00882,A (Control),0,35.83,2,0
USR_00883,A (Control),0,3.98,5,2
USR_00884,A (Control),0,74.92,4,6
USR_00885,A (Control),0,45.34,7,5
USR_00886,A (Control),0,60.37,3,1
USR_00887,A (Control),0,11.69,4,1
USR_00888,A (Control),0,29.55,6,1
USR_00889,A (Control),0,71.17,7,2
USR_00890,A (Control),0,15.9,5,2
USR_00891,A (Control),0,58.57,1,0
USR_00892,A (Control),0,42.29,7,3
USR_00893,A (Control),1,25.11,3,2
USR_00894,A (Control),1,23.59,4,1
USR_00895,A (Control),0,19.78,5,2
USR_00896,A (Control),0,45.17,3,1
USR_00897,A (Control),1,48.74,5,1
USR_00898,A (Control),0,33.4,2,0
USR_00899,A (Control),0,18.81,3,1
USR_00900,A (Control),0,57.5,5,2
USR_00901,A (Control),0,75.76,4,2
USR_00902,A (Control),0,64.24,7,3
USR_00903,A (Control),1,136.51,5,3
USR_00904,A (Control),0,38.17,7,2
USR_00905,A (Control),0,97.72,3,2
USR_00906,A (Control),0,26.96,7,3
USR_00907,A (Control),0,23.81,5,1
USR_00908,A (Control),0,47.05,2,0
USR_00909,A (Control),0,110.92,6,2
USR_00910,A (Control),0,35.3,13,9
USR_00911,A (Control),0,11.68,4,0
USR_00912,A (Control),1,74.88,9,7
USR_00913,A (Control),0,41.08,6,2
USR_00914,A (Control),0,52.74,4,2
USR_00915,A (Control),0,24.76,8,5
USR_00916,A (Control),0,46.75,4,0
USR_00917,A (Control),0,13.29,5,0
USR_00918,A (Control),0,125.18,7,1
USR_00919,A (Control),1,83.54,5,1
USR_00920,A (Control),0,45.36,6,5
USR_00921,A (Control),0,73.6,4,0
USR_00922,A (Control),0,27.01,4,3
USR_00923,A (Control),0,81.28,7,3
USR_00924,A (Control),0,34.21,4,0
USR_00925,A (Control),0,32.5,4,0
USR_00926,A (Control),0,20.86,3,2
USR_00927,A (Control),0,57.04,5,2
USR_00928,A (Control),0,44.05,2,0
USR_00929,A (Control),0,99.62,6,4
USR_00930,A (Control),0,18.98,6,1
USR_00931,A (Control),1,57.2,2,1
USR_00932,A (Control),0,88.53,2,1
USR_00933,A (Control),0,49.31,4,3
USR_00934,A (Control),0,33.75,1,0
USR_00935,A (Control),1,48.48,3,0
USR_00936,A (Control),0,94.85,5,1
USR_00937,A (Control),0,94.82,4,0
USR_00938,A (Control),0,39.95,5,2
USR_00939,A (Control),1,93.83,2,0
USR_00940,A (Control),0,42.66,2,1
USR_00941,A (Control),0,73.09,3,2
USR_00942,A (Control),0,61.5,2,0
USR_00943,A (Control),0,32.79,3,2
USR_00944,A (Control),0,21.46,4,2
USR_00945,A (Control),0,89.95,4,1
USR_00946,A (Control),0,105.32,4,0
USR_00947,A (Control),0,56.34,2,0
USR_00948,A (Control),0,42.62,4,3
USR_00949,A (Control),0,17.07,5,2
USR_00950,A (Control),0,88.54,5,3
USR_00951,A (Control),1,52.22,9,4
USR_00952,A (Control),0,36.15,2,0
USR_00953,A (Control),0,74.38,11,5
USR_00954,A (Control),0,14.56,2,1
USR_00955,A (Control),0,20.05,1,0
USR_00956,A (Control),0,26.29,4,0
USR_00957,A (Control),0,60.29,5,0
USR_00958,A (Control),0,48.84,5,1
USR_00959,A (Control),0,64.83,6,3
USR_00960,A (Control),0,84.9,3,2
USR_00961,A (Control),0,66.3,5,2
USR_00962,A (Control),0,126.78,5,1
USR_00963,A (Control),0,84.78,4,1
USR_00964,A (Control),0,39.89,6,3
USR_00965,A (Control),0,29.41,3,2
USR_00966,A (Control),0,40.72,2,1
USR_00967,A (Control),0,67.75,7,2
USR_00968,A (Control),0,31.74,3,0
USR_00969,A (Control),0,68.93,2,0
USR_00970,A (Control),0,64.09,2,0
USR_00971,A (Control),0,21.22,7,6
USR_00972,A (Control),0,83.81,4,1
USR_00973,A (Control),0,55.07,7,4
USR_00974,A (Control),0,123.1,2,1
USR_00975,A (Control),0,42.76,7,1
USR_00976,A (Control),0,35.01,5,2
USR_00977,A (Control),0,19.13,3,1
USR_00978,A (Control),0,18.89,4,1
USR_00979,A (Control),0,77.76,5,1
USR_00980,A (Control),0,115.72,5,1
USR_00981,A (Control),0,40.33,4,2
USR_00982,A (Control),0,38.55,3,2
USR_00983,A (Control),0,45.43,3,1
USR_00984,A (Control),0,87.33,10,7
USR_00985,A (Control),0,21.36,3,2
USR_00986,A (Control),0,50.74,2,2
USR_00987,A (Control),0,78.85,4,1
USR_00988,A (Control),0,59.82,6,0
USR_00989,A (Control),0,2.53,2,1
USR_00990,A (Control),0,66.51,4,3
USR_00991,A (Control),0,60.19,6,2
USR_00992,A (Control),0,97.66,2,1
USR_00993,A (Control),1,110.24,6,6
USR_00994,A (Control),0,94.71,2,0
USR_00995,A (Control),0,45.59,8,5
USR_00996,A (Control),0,11.21,4,1
USR_00997,A (Control),0,38.36,7,3
USR_00998,A (Control),0,44.63,3,0
USR_00999,A (Control),0,114.84,3,2
USR_01000,A (Control),0,24.94,5,3
USR_01001,A (Control),0,14.93,3,1
USR_01002,A (Control),0,31.88,3,2
USR_01003,A (Control),0,25.98,5,2
USR_01004,A (Control),0,13.72,5,1
USR_01005,A (Control),0,40.93,5,4
USR_01006,A (Control),0,45.81,5,3
USR_01007,A (Control),0,13.03,6,4
USR_01008,A (Control),0,34.85,5,1
USR_01009,A (Control),0,24.75,4,3
USR_01010,A (Control),0,46.81,4,1
USR_01011,A (Control),0,49.92,3,0
USR_01012,A (Control),0,24.75,5,0
USR_01013,A (Control),0,83.36,6,1
USR_01014,A (Control),0,43.96,4,1
USR_01015,A (Control),0,25.65,4,0
USR_01016,A (Control),0,12.3,6,0
USR_01017,A (Control),0,51.68,7,5
USR_01018,A (Control),0,60.1,4,3
USR_01019,A (Control),0,30.61,5,3
USR_01020,A (Control),1,47.8,4,1
USR_01021,A (Control),0,110.23,7,2
USR_01022,A (Control),0,75.46,4,1
USR_01023,A (Control),0,5.84,2,0
USR_01024,A (Control),0,25.42,4,2
USR_01025,A (Control),0,39.58,4,0
USR_01026,A (Control),0,45.64,2,1
USR_01027,A (Control),1,48.49,3,1
USR_01028,A (Control),0,57.69,5,3
USR_01029,A (Control),0,40.5,5,5
USR_01030,A (Control),0,43.89,3,2
USR_01031,A (Control),0,77.89,3,2
USR_01032,A (Control),0,52.35,4,1
USR_01033,A (Control),0,17.63,3,0
USR_01034,A (Control),0,46.61,2,1
USR_01035,A (Control),0,39.66,5,1
USR_01036,A (Control),0,8.19,3,0
USR_01037,A (Control),0,48.21,3,1
USR_01038,A (Control),0,19.57,3,1
USR_01039,A (Control),0,78.6,5,4
USR_01040,A (Control),0,57.17,3,1
USR_01041,A (Control),0,16.84,3,1
USR_01042,A (Control),0,76.42,4,2
USR_01043,A (Control),0,98.61,4,1
USR_01044,A (Control),0,36.38,6,5
USR_01045,A (Control),0,39.5,3,0
USR_01046,A (Control),0,71.85,6,4
USR_01047,A (Control),0,94.19,5,4
USR_01048,A (Control),0,10.5,4,0
USR_01049,A (Control),0,18.5,4,2
USR_01050,A (Control),0,32.33,2,1
USR_01051,A (Control),0,34.88,6,5
USR_01052,A (Control),0,70.58,2,0
USR_01053,A (Control),0,94.49,1,0
USR_01054,A (Control),0,98.78,3,2
USR_01055,A (Control),0,10.27,5,1
USR_01056,A (Control),0,23.68,4,3
USR_01057,A (Control),0,28.13,5,2
USR_01058,A (Control),0,23.6,5,2
USR_01059,A (Control),0,57.05,4,0
USR_01060,A (Control),0,61.49,1,0
USR_01061,A (Control),0,43.52,2,1
USR_01062,A (Control),1,40.78,6,1
USR_01063,A (Control),0,33.33,5,5
USR_01064,A (Control),1,36.15,3,2
USR_01065,A (Control),0,109.49,5,3
USR_01066,A (Control),0,67.26,4,1
USR_01067,A (Control),0,34.23,6,2
USR_01068,A (Control),0,40.25,6,4
USR_01069,A (Control),0,57.9,6,2
USR_01070,A (Control),0,16.83,4,1
USR_01071,A (Control),0,47.68,3,1
USR_01072,A (Control),0,64.96,3,1
USR_01073,A (Control),0,59.81,1,0
USR_01074,A (Control),0,24.03,7,3
USR_01075,A (Control),1,27.51,3,1
USR_01076,A (Control),0,7.28,7,2
USR_01077,A (Control),1,69.29,2,2
USR_01078,A (Control),1,137.56,2,2
USR_01079,A (Control),0,21.51,6,0
USR_01080,A (Control),0,84.5,3,1
USR_01081,A (Control),0,130.33,5,1
USR_01082,A (Control),0,31.03,2,1
USR_01083,A (Control),0,40.29,5,2
USR_01084,A (Control),0,51.24,8,0
USR_01085,A (Control),0,58.61,5,3
USR_01086,A (Control),0,53.05,1,0
USR_01087,A (Control),0,32.8,5,1
USR_01088,A (Control),1,64.33,8,0
USR_01089,A (Control),0,33.34,6,4
USR_01090,A (Control),0,55.41,2,1
USR_01091,A (Control),0,42.48,2,1
USR_01092,A (Control),0,9.29,4,2
USR_01093,A (Control),0,92.11,3,1
USR_01094,A (Control),0,28.06,5,2
USR_01095,A (Control),0,97.7,4,1
USR_01096,A (Control),0,82.45,2,0
USR_01097,A (Control),0,50.24,6,2
USR_01098,A (Control),1,60.56,7,2
USR_01099,A (Control),0,65.24,6,3
USR_01100,A (Control),0,37.78,5,2
USR_01101,A (Control),0,39.03,4,1
USR_01102,A (Control),0,63.26,5,2
USR_01103,A (Control),0,42.78,4,0
USR_01104,A (Control),0,32.87,3,2
USR_01105,A (Control),0,24.33,3,1
USR_01106,A (Control),0,56.46,4,3
USR_01107,A (Control),0,27.38,5,1
USR_01108,A (Control),0,74.0,4,1
USR_01109,A (Control),0,77.88,1,0
USR_01110,A (Control),0,60.26,4,0
USR_01111,A (Control),0,68.38,9,7
USR_01112,A (Control),0,60.37,5,3
USR_01113,A (Control),0,71.43,4,1
USR_01114,A (Control),1,69.55,7,2
USR_01115,A (Control),0,54.52,5,1
USR_01116,A (Control),0,83.09,2,0
USR_01117,A (Control),1,38.71,6,1
USR_01118,A (Control),0,24.9,4,0
USR_01119,A (Control),0,23.94,7,3
USR_01120,A (Control),0,34.88,7,3
USR_01121,A (Control),0,8.08,5,2
USR_01122,A (Control),0,49.92,5,3
USR_01123,A (Control),0,65.78,7,2
USR_01124,A (Control),0,77.21,5,1
USR_01125,A (Control),0,11.15,3,0
USR_01126,A (Control),1,24.53,4,2
USR_01127,A (Control),0,72.63,6,5
USR_01128,A (Control),0,37.87,3,2
USR_01129,A (Control),1,64.86,4,2
USR_01130,A (Control),0,16.13,4,2
USR_01131,A (Control),1,97.0,7,7
USR_01132,A (Control),0,15.09,2,1
USR_01133,A (Control),0,48.97,5,4
USR_01134,A (Control),0,49.8,3,1
USR_01135,A (Control),0,30.41,5,0
USR_01136,A (Control),0,58.92,3,3
USR_01137,A (Control),0,59.98,4,0
USR_01138,A (Control),0,55.94,3,2
USR_01139,A (Control),1,30.01,3,0
USR_01140,A (Control),0,25.93,4,3
USR_01141,A (Control),0,32.37,2,0
USR_01142,A (Control),0,23.35,6,1
USR_01143,A (Control),0,85.42,8,3
USR_01144,A (Control),0,34.38,2,1
USR_01145,A (Control),0,48.06,4,3
USR_01146,A (Control),0,72.44,5,3
USR_01147,A (Control),0,22.49,3,1
USR_01148,A (Control),0,14.56,2,0
USR_01149,A (Control),0,23.41,4,2
USR_01150,A (Control),0,51.53,4,2
USR_01151,A (Control),1,49.29,5,3
USR_01152,A (Control),0,55.87,3,1
USR_01153,A (Control),0,40.37,3,3
USR_01154,A (Control),0,3.89,5,1
USR_01155,A (Control),0,39.5,5,4
USR_01156,A (Control),0,78.42,5,1
USR_01157,A (Control),0,90.86,4,3
USR_01158,A (Control),0,46.0,1,0
USR_01159,A (Control),0,49.41,5,4
USR_01160,A (Control),0,64.11,6,1
USR_01161,A (Control),0,89.32,4,2
USR_01162,A (Control),0,43.35,6,4
USR_01163,A (Control),0,63.55,2,1
USR_01164,A (Control),0,29.06,5,2
USR_01165,A (Control),0,16.42,4,2
USR_01166,A (Control),0,31.31,3,0
USR_01167,A (Control),0,101.7,4,1
USR_01168,A (Control),0,64.35,3,0
USR_01169,A (Control),0,17.71,3,2
USR_01170,A (Control),0,66.22,5,1
USR_01171,A (Control),0,18.82,4,1
USR_01172,A (Control),0,55.39,4,3
USR_01173,A (Control),0,21.83,4,2
USR_01174,A (Control),0,16.9,5,3
USR_01175,A (Control),0,111.91,4,1
USR_01176,A (Control),0,34.36,4,2
USR_01177,A (Control),0,63.63,4,2
USR_01178,A (Control),0,44.55,3,0
USR_01179,A (Control),0,20.02,5,2
USR_01180,A (Control),0,36.95,5,2
USR_01181,A (Control),0,20.16,4,0
USR_01182,A (Control),0,160.23,4,1
USR_01183,A (Control),0,70.78,4,3
USR_01184,A (Control),0,44.0,4,3
USR_01185,A (Control),0,61.52,6,5
USR_01186,A (Control),1,67.99,4,2
USR_01187,A (Control),0,68.1,4,2
USR_01188,A (Control),1,66.31,5,1
USR_01189,A (Control),0,63.2,1,0
USR_01190,A (Control),0,46.4,3,0
USR_01191,A (Control),0,106.8,6,2
USR_01192,A (Control),0,48.37,6,3
USR_01193,A (Control),0,44.85,5,4
USR_01194,A (Control),0,48.64,5,4
USR_01195,A (Control),0,50.92,2,1
USR_01196,A (Control),0,11.23,5,2
USR_01197,A (Control),0,23.23,1,0
USR_01198,A (Control),0,40.36,6,5
USR_01199,A (Control),0,10.73,2,1
USR_01200,A (Control),0,43.95,5,2
USR_01201,A (Control),0,50.49,4,0
USR_01202,A (Control),0,15.81,6,4
USR_01203,A (Control),0,27.6,1,0
USR_01204,A (Control),0,93.07,4,3
USR_01205,A (Control),0,61.91,4,0
USR_01206,A (Control),0,59.72,6,0
USR_01207,A (Control),0,86.31,7,2
USR_01208,A (Control),0,23.58,4,0
USR_01209,A (Control),0,15.85,2,0
USR_01210,A (Control),0,79.38,3,2
USR_01211,A (Control),0,41.14,4,1
USR_01212,A (Control),0,23.1,3,1
USR_01213,A (Control),0,11.14,4,2
USR_01214,A (Control),0,49.0,3,0
USR_01215,A (Control),0,37.98,6,2
USR_01216,A (Control),1,33.64,3,0
USR_01217,A (Control),0,5.39,5,2
USR_01218,A (Control),0,105.97,6,1
USR_01219,A (Control),0,13.48,4,0
USR_01220,A (Control),0,35.95,5,1
USR_01221,A (Control),0,31.89,8,0
USR_01222,A (Control),0,63.07,6,3
USR_01223,A (Control),0,11.26,5,1
USR_01224,A (Control),0,58.41,2,1
USR_01225,A (Control),0,49.16,4,3
USR_01226,A (Control),0,26.62,1,1
USR_01227,A (Control),0,57.12,6,2
USR_01228,A (Control),0,43.9,6,4
USR_01229,A (Control),1,121.11,4,1
USR_01230,A (Control),0,37.95,3,1
USR_01231,A (Control),0,20.83,4,2
USR_01232,A (Control),0,58.78,6,3
USR_01233,A (Control),0,34.76,4,2
USR_01234,A (Control),0,43.31,3,2
USR_01235,A (Control),0,15.96,5,2
USR_01236,A (Control),1,63.68,2,2
USR_01237,A (Control),0,30.92,2,1
USR_01238,A (Control),1,51.64,6,5
USR_01239,A (Control),1,139.2,4,2
USR_01240,A (Control),0,36.46,6,3
USR_01241,A (Control),0,69.14,3,2
USR_01242,A (Control),1,38.21,7,3
USR_01243,A (Control),0,26.89,6,1
USR_01244,A (Control),1,95.03,4,0
USR_01245,A (Control),0,8.34,7,2
USR_01246,A (Control),0,80.28,2,2
USR_01247,A (Control),0,7.36,6,0
USR_01248,A (Control),0,75.28,2,0
USR_01249,A (Control),0,43.75,6,1
USR_01250,A (Control),0,20.88,3,0
USR_01251,A (Control),0,32.42,6,4
USR_01252,A (Control),0,66.84,4,1
USR_01253,A (Control),0,131.45,6,3
USR_01254,A (Control),0,11.67,6,1
USR_01255,A (Control),0,21.89,4,1
USR_01256,A (Control),0,14.78,6,1
USR_01257,A (Control),0,38.0,6,0
USR_01258,A (Control),0,76.52,2,1
USR_01259,A (Control),0,13.11,5,2
USR_01260,A (Control),0,42.98,5,2
USR_01261,A (Control),0,75.04,5,0
USR_01262,A (Control),0,32.09,6,3
USR_01263,A (Control),0,49.46,3,2
USR_01264,A (Control),0,90.84,5,0
USR_01265,A (Control),0,18.83,8,3
USR_01266,A (Control),0,9.23,4,1
USR_01267,A (Control),0,53.44,7,5
USR_01268,A (Control),0,54.4,6,1
USR_01269,A (Control),0,30.51,4,4
USR_01270,A (Control),1,26.33,3,2
USR_01271,A (Control),0,44.35,6,1
USR_01272,A (Control),0,18.56,5,2
USR_01273,A (Control),0,18.58,5,2
USR_01274,A (Control),1,66.57,3,1
USR_01275,A (Control),0,17.55,2,1
USR_01276,A (Control),0,9.8,3,1
USR_01277,A (Control),1,26.29,6,4
USR_01278,A (Control),0,31.05,3,0
USR_01279,A (Control),0,58.41,7,1
USR_01280,A (Control),0,28.02,4,4
USR_01281,A (Control),0,100.14,3,1
USR_01282,A (Control),0,45.89,2,1
USR_01283,A (Control),1,23.63,5,3
USR_01284,A (Control),0,56.85,6,2
USR_01285,A (Control),0,99.08,3,1
USR_01286,A (Control),0,65.44,5,4
USR_01287,A (Control),0,12.44,5,1
USR_01288,A (Control),0,32.98,3,0
USR_01289,A (Control),1,51.12,2,0
USR_01290,A (Control),0,63.76,5,4
USR_01291,A (Control),0,38.16,5,0
USR_01292,A (Control),0,34.56,6,3
USR_01293,A (Control),0,120.58,4,1
USR_01294,A (Control),0,66.04,3,2
USR_01295,A (Control),0,56.97,2,1
USR_01296,A (Control),0,28.89,9,4
USR_01297,A (Control),0,18.34,5,1
USR_01298,A (Control),0,57.6,7,1
USR_01299,A (Control),0,70.55,3,0
USR_01300,A (Control),0,43.17,7,4
USR_01301,A (Control),0,66.15,7,4
USR_01302,A (Control),0,67.2,6,1
USR_01303,A (Control),0,73.44,5,3
USR_01304,A (Control),0,12.25,5,3
USR_01305,A (Control),1,33.65,4,0
USR_01306,A (Control),0,59.81,3,2
USR_01307,A (Control),0,44.82,4,1
USR_01308,A (Control),0,67.33,4,1
USR_01309,A (Control),0,56.95,5,2
USR_01310,A (Control),0,5.83,5,2
USR_01311,A (Control),0,84.32,5,1
USR_01312,A (Control),0,30.71,3,0
USR_01313,A (Control),0,22.57,5,2
USR_01314,A (Control),1,82.63,8,6
USR_01315,A (Control),0,64.15,6,3
USR_01316,A (Control),0,89.7,5,2
USR_01317,A (Control),0,51.49,5,1
USR_01318,A (Control),0,33.35,6,3
USR_01319,A (Control),0,47.69,4,2
USR_01320,A (Control),0,19.54,5,2
USR_01321,A (Control),1,14.46,6,4
USR_01322,A (Control),0,27.32,5,3
USR_01323,A (Control),0,105.98,2,1
USR_01324,A (Control),0,29.4,8,2
USR_01325,A (Control),0,10.0,3,0
USR_01326,A (Control),0,38.9,4,1
USR_01327,A (Control),0,29.11,6,3
USR_01328,A (Control),0,85.25,3,2
USR_01329,A (Control),0,101.49,5,1
USR_01330,A (Control),0,32.27,5,1
USR_01331,A (Control),0,51.46,3,2
USR_01332,A (Control),0,54.26,4,1
USR_01333,A (Control),0,41.92,9,2
USR_01334,A (Control),0,36.9,6,1
USR_01335,A (Control),0,21.42,2,2
USR_01336,A (Control),0,8.54,5,1
USR_01337,A (Control),0,21.33,2,0
USR_01338,A (Control),0,40.92,5,2
USR_01339,A (Control),0,13.13,4,1
USR_01340,A (Control),1,49.73,4,1
USR_01341,A (Control),0,45.41,4,3
USR_01342,A (Control),0,29.15,2,4
USR_01343,A (Control),0,35.82,5,2
USR_01344,A (Control),0,15.23,2,0
USR_01345,A (Control),0,72.64,4,1
USR_01346,A (Control),0,71.88,5,1
USR_01347,A (Control),0,17.56,4,1
USR_01348,A (Control),0,17.98,7,2
USR_01349,A (Control),0,21.55,5,2
USR_01350,A (Control),0,61.68,4,4
USR_01351,A (Control),0,54.15,6,1
USR_01352,A (Control),0,82.06,3,1
USR_01353,A (Control),1,87.69,2,1
USR_01354,A (Control),0,12.08,5,3
USR_01355,A (Control),0,60.3,3,1
USR_01356,A (Control),0,85.58,4,0
USR_01357,A (Control),0,34.22,4,3
USR_01358,A (Control),0,42.64,8,4
USR_01359,A (Control),0,38.4,3,1
USR_01360,A (Control),0,39.58,7,4
USR_01361,A (Control),0,72.48,4,4
USR_01362,A (Control),0,117.94,7,2
USR_01363,A (Control),0,98.05,4,1
USR_01364,A (Control),0,30.15,10,5
USR_01365,A (Control),0,51.56,2,1
USR_01366,A (Control),0,24.11,3,0
USR_01367,A (Control),1,26.02,2,0
USR_01368,A (Control),0,41.39,3,2
USR_01369,A (Control),1,25.49,3,2
USR_01370,A (Control),0,28.4,5,3
USR_01371,A (Control),1,50.77,3,0
USR_01372,A (Control),0,59.77,9,2
USR_01373,A (Control),0,58.77,8,2
USR_01374,A (Control),0,59.14,7,6
USR_01375,A (Control),0,16.16,1,0
USR_01376,A (Control),0,24.52,4,2
USR_01377,A (Control),0,44.46,7,3
USR_01378,A (Control),0,83.22,3,1
USR_01379,A (Control),0,156.82,6,3
USR_01380,A (Control),0,52.91,3,1
USR_01381,A (Control),0,68.24,3,0
USR_01382,A (Control),0,14.66,4,2
USR_01383,A (Control),0,67.1,4,1
USR_01384,A (Control),1,132.44,4,0
USR_01385,A (Control),0,24.46,5,1
USR_01386,A (Control),0,29.08,5,1
USR_01387,A (Control),0,73.88,3,1
USR_01388,A (Control),0,44.09,3,2
USR_01389,A (Control),0,7.83,2,1
USR_01390,A (Control),0,30.38,5,2
USR_01391,A (Control),0,101.24,3,0
USR_01392,A (Control),1,35.63,2,2
USR_01393,A (Control),0,35.61,3,3
USR_01394,A (Control),0,71.01,5,3
USR_01395,A (Control),0,54.13,2,0
USR_01396,A (Control),0,34.29,5,2
USR_01397,A (Control),0,27.69,4,1
USR_01398,A (Control),0,201.04,5,2
USR_01399,A (Control),0,91.27,4,0
USR_01400,A (Control),0,59.12,4,0
USR_01401,A (Control),0,61.52,4,4
USR_01402,A (Control),1,39.74,5,2
USR_01403,A (Control),0,53.72,2,0
USR_01404,A (Control),0,36.91,2,1
USR_01405,A (Control),0,22.79,6,1
USR_01406,A (Control),0,55.08,1,1
USR_01407,A (Control),0,34.74,4,2
USR_01408,A (Control),0,56.91,5,0
USR_01409,A (Control),0,63.77,2,1
USR_01410,A (Control),0,58.83,5,0
USR_01411,A (Control),0,21.38,3,0
USR_01412,A (Control),0,32.17,3,0
USR_01413,A (Control),0,35.21,3,0
USR_01414,A (Control),0,78.88,3,2
USR_01415,A (Control),0,76.39,4,1
USR_01416,A (Control),0,25.62,5,2
USR_01417,A (Control),0,15.84,6,1
USR_01418,A (Control),0,161.23,3,3
USR_01419,A (Control),0,57.37,4,1
USR_01420,A (Control),1,14.11,6,0
USR_01421,A (Control),0,28.74,5,2
USR_01422,A (Control),0,80.89,4,0
USR_01423,A (Control),0,138.48,5,1
USR_01424,A (Control),1,125.05,2,1
USR_01425,A (Control),0,55.85,2,0
USR_01426,A (Control),0,43.43,6,1
USR_01427,A (Control),0,19.81,5,2
USR_01428,A (Control),0,45.91,5,1
USR_01429,A (Control),0,21.96,3,0
USR_01430,A (Control),0,32.4,2,0
USR_01431,A (Control),0,73.84,4,0
USR_01432,A (Control),0,36.79,2,2
USR_01433,A (Control),0,35.1,3,1
USR_01434,A (Control),0,41.87,7,0
USR_01435,A (Control),0,175.34,7,2
USR_01436,A (Control),0,18.15,4,4
USR_01437,A (Control),0,52.13,3,1
USR_01438,A (Control),0,118.46,3,1
USR_01439,A (Control),0,41.79,8,2
USR_01440,A (Control),0,90.26,2,0
USR_01441,A (Control),0,14.94,2,0
USR_01442,A (Control),1,37.63,6,3
USR_01443,A (Control),0,23.79,5,2
USR_01444,A (Control),0,41.49,3,2
USR_01445,A (Control),0,42.08,3,0
USR_01446,A (Control),0,45.06,4,0
USR_01447,A (Control),0,73.42,4,4
USR_01448,A (Control),1,5.14,5,2
USR_01449,A (Control),0,27.81,6,0
USR_01450,A (Control),0,49.86,1,0
USR_01451,A (Control),0,8.24,4,1
USR_01452,A (Control),0,64.26,6,3
USR_01453,A (Control),0,27.43,4,1
USR_01454,A (Control),0,38.12,2,2
USR_01455,A (Control),0,75.47,4,1
USR_01456,A (Control),0,92.74,1,0
USR_01457,A (Control),0,65.48,2,0
USR_01458,A (Control),0,17.73,6,4
USR_01459,A (Control),0,63.46,4,5
USR_01460,A (Control),0,66.14,3,0
USR_01461,A (Control),0,58.24,8,1
USR_01462,A (Control),0,101.87,3,3
USR_01463,A (Control),0,45.85,3,0
USR_01464,A (Control),0,99.53,5,1
USR_01465,A (Control),0,99.17,7,4
USR_01466,A (Control),0,67.3,8,9
USR_01467,A (Control),1,52.66,6,2
USR_01468,A (Control),0,58.45,7,1
USR_01469,A (Control),0,115.12,7,4
USR_01470,A (Control),0,83.15,5,1
USR_01471,A (Control),0,19.49,4,1
USR_01472,A (Control),0,56.14,4,1
USR_01473,A (Control),0,22.86,7,5
USR_01474,A (Control),0,26.83,6,1
USR_01475,A (Control),0,33.32,3,1
USR_01476,A (Control),0,13.73,4,1
USR_01477,A (Control),0,21.73,6,4
USR_01478,A (Control),0,105.21,5,2
USR_01479,A (Control),1,26.71,4,2
USR_01480,A (Control),0,73.67,4,2
USR_01481,A (Control),0,48.59,5,2
USR_01482,A (Control),0,61.75,3,0
USR_01483,A (Control),0,63.4,3,2
USR_01484,A (Control),0,20.98,4,2
USR_01485,A (Control),0,73.41,8,4
USR_01486,A (Control),0,16.23,4,2
USR_01487,A (Control),1,25.89,4,1
USR_01488,A (Control),0,62.83,6,2
USR_01489,A (Control),0,19.91,9,4
USR_01490,A (Control),0,7.43,4,1
USR_01491,A (Control),0,54.46,4,1
USR_01492,A (Control),0,11.66,2,1
USR_01493,A (Control),0,66.56,6,3
USR_01494,A (Control),0,35.04,3,2
USR_01495,A (Control),0,53.96,4,2
USR_01496,A (Control),0,53.32,6,2
USR_01497,A (Control),0,69.65,8,2
USR_01498,A (Control),0,63.98,4,2
USR_01499,A (Control),0,19.77,3,2
USR_01500,A (Control),0,36.54,4,1
USR_01501,A (Control),0,53.92,9,5
USR_01502,A (Control),0,100.61,7,2
USR_01503,A (Control),0,64.35,8,2
USR_01504,A (Control),1,95.41,7,4
USR_01505,A (Control),0,55.75,4,2
USR_01506,A (Control),0,84.04,3,0
USR_01507,A (Control),0,51.09,4,3
USR_01508,A (Control),0,81.96,2,1
USR_01509,A (Control),0,33.79,4,3
USR_01510,A (Control),1,107.58,4,1
USR_01511,A (Control),0,59.78,9,3
USR_01512,A (Control),0,13.81,4,3
USR_01513,A (Control),0,55.08,1,0
USR_01514,A (Control),1,64.48,7,5
USR_01515,A (Control),0,74.97,3,0
USR_01516,A (Control),0,130.08,8,7
USR_01517,A (Control),0,30.08,2,0
USR_01518,A (Control),0,130.59,6,2
USR_01519,A (Control),0,43.44,5,1
USR_01520,A (Control),0,24.94,2,3
USR_01521,A (Control),0,30.56,7,0
USR_01522,A (Control),0,62.11,8,3
USR_01523,A (Control),0,22.25,3,1
USR_01524,A (Control),0,34.2,5,1
USR_01525,A (Control),0,54.21,4,2
USR_01526,A (Control),0,107.08,5,4
USR_01527,A (Control),0,73.65,4,1
USR_01528,A (Control),0,44.63,4,1
USR_01529,A (Control),0,61.93,5,2
USR_01530,A (Control),0,50.83,5,1
USR_01531,A (Control),0,17.51,3,3
USR_01532,A (Control),0,118.28,6,2
USR_01533,A (Control),0,108.1,2,3
USR_01534,A (Control),0,41.19,2,0
USR_01535,A (Control),0,31.35,2,0
USR_01536,A (Control),0,17.84,3,1
USR_01537,A (Control),0,64.37,3,2
USR_01538,A (Control),0,64.63,2,0
USR_01539,A (Control),0,23.71,4,0
USR_01540,A (Control),0,51.22,5,3
USR_01541,A (Control),1,72.25,3,0
USR_01542,A (Control),0,29.84,4,2
USR_01543,A (Control),0,37.8,6,1
USR_01544,A (Control),0,37.55,6,2
USR_01545,A (Control),0,24.86,4,3
USR_01546,A (Control),0,38.33,5,1
USR_01547,A (Control),0,11.86,5,3
USR_01548,A (Control),0,36.22,6,1
USR_01549,A (Control),0,36.61,3,2
USR_01550,A (Control),0,41.54,3,0
USR_01551,A (Control),0,59.04,6,1
USR_01552,A (Control),0,16.69,4,2
USR_01553,A (Control),0,19.33,5,2
USR_01554,A (Control),0,24.39,8,3
USR_01555,A (Control),0,15.28,5,0
USR_01556,A (Control),0,63.32,7,3
USR_01557,A (Control),0,28.91,4,0
USR_01558,A (Control),0,42.41,6,2
USR_01559,A (Control),0,22.85,4,2
USR_01560,A (Control),0,33.58,2,2
USR_01561,A (Control),0,52.82,3,1
USR_01562,A (Control),0,54.47,3,0
USR_01563,A (Control),0,19.99,4,4
USR_01564,A (Control),0,41.0,4,0
USR_01565,A (Control),0,23.14,4,2
USR_01566,A (Control),0,39.99,5,1
USR_01567,A (Control),0,27.19,3,2
USR_01568,A (Control),0,122.77,4,1
USR_01569,A (Control),0,71.99,4,1
USR_01570,A (Control),0,55.99,1,1
USR_01571,A (Control),0,35.63,5,4
USR_01572,A (Control),0,73.28,6,1
USR_01573,A (Control),0,41.81,7,2
USR_01574,A (Control),1,115.35,1,0
USR_01575,A (Control),0,77.81,3,2
USR_01576,A (Control),0,33.41,7,6
USR_01577,A (Control),0,107.55,4,1
USR_01578,A (Control),0,35.76,5,1
USR_01579,A (Control),0,127.04,3,1
USR_01580,A (Control),0,110.99,2,0
USR_01581,A (Control),0,52.63,3,1
USR_01582,A (Control),0,12.26,4,1
USR_01583,A (Control),0,50.03,7,1
USR_01584,A (Control),0,18.39,4,0
USR_01585,A (Control),0,27.79,3,2
USR_01586,A (Control),0,29.32,4,3
USR_01587,A (Control),0,18.27,3,2
USR_01588,A (Control),0,50.16,3,1
USR_01589,A (Control),1,25.45,5,5
USR_01590,A (Control),0,36.89,4,0
USR_01591,A (Control),0,29.5,5,1
USR_01592,A (Control),0,59.2,7,2
USR_01593,A (Control),0,56.51,5,1
USR_01594,A (Control),0,34.89,5,3
USR_01595,A (Control),0,61.06,3,1
USR_01596,A (Control),1,90.52,1,0
USR_01597,A (Control),0,6.36,4,2
USR_01598,A (Control),0,28.3,3,2
USR_01599,A (Control),0,21.2,3,1
USR_01600,A (Control),0,26.5,3,1
USR_01601,A (Control),0,5.2,4,2
USR_01602,A (Control),0,6.08,6,2
USR_01603,A (Control),0,2.34,2,1
USR_01604,A (Control),0,30.22,8,2
USR_01605,A (Control),0,29.61,6,0
USR_01606,A (Control),1,98.4,3,1
USR_01607,A (Control),0,47.63,3,1
USR_01608,A (Control),0,60.08,6,1
USR_01609,A (Control),0,292.15,3,0
USR_01610,A (Control),0,6.38,8,7
USR_01611,A (Control),0,116.52,6,1
USR_01612,A (Control),0,42.01,4,2
USR_01613,A (Control),0,32.01,4,2
USR_01614,A (Control),0,28.63,3,1
USR_01615,A (Control),0,53.78,2,0
USR_01616,A (Control),0,32.2,5,3
USR_01617,A (Control),0,17.85,11,6
USR_01618,A (Control),0,29.41,3,4
USR_01619,A (Control),0,54.77,5,1
USR_01620,A (Control),0,66.81,4,2
USR_01621,A (Control),0,123.72,2,1
USR_01622,A (Control),0,46.28,4,0
USR_01623,A (Control),0,93.77,3,2
USR_01624,A (Control),0,37.85,5,1
USR_01625,A (Control),0,41.47,6,1
USR_01626,A (Control),0,40.0,3,3
USR_01627,A (Control),0,49.97,3,1
USR_01628,A (Control),0,74.29,7,3
USR_01629,A (Control),0,31.26,4,1
USR_01630,A (Control),0,22.07,8,1
USR_01631,A (Control),0,77.98,5,4
USR_01632,A (Control),0,74.58,5,1
USR_01633,A (Control),0,102.75,4,1
USR_01634,A (Control),0,27.87,5,1
USR_01635,A (Control),0,36.92,2,1
USR_01636,A (Control),0,79.79,4,0
USR_01637,A (Control),0,31.0,6,3
USR_01638,A (Control),0,65.06,7,3
USR_01639,A (Control),0,37.96,4,1
USR_01640,A (Control),0,53.59,6,3
USR_01641,A (Control),0,17.57,4,1
USR_01642,A (Control),0,45.89,2,2
USR_01643,A (Control),0,89.42,4,3
USR_01644,A (Control),0,70.49,5,5
USR_01645,A (Control),0,20.97,5,0
USR_01646,A (Control),0,117.81,4,1
USR_01647,A (Control),0,86.1,4,1
USR_01648,A (Control),0,18.24,8,2
USR_01649,A (Control),0,29.55,4,3
USR_01650,A (Control),0,19.08,6,1
USR_01651,A (Control),0,54.56,5,2
USR_01652,A (Control),0,28.62,3,0
USR_01653,A (Control),0,7.9,3,2
USR_01654,A (Control),0,41.34,7,4
USR_01655,A (Control),0,76.08,5,4
USR_01656,A (Control),0,46.52,3,1
USR_01657,A (Control),0,61.38,5,3
USR_01658,A (Control),1,49.49,5,2
USR_01659,A (Control),1,68.67,12,7
USR_01660,A (Control),0,52.4,3,0
USR_01661,A (Control),0,39.82,3,1
USR_01662,A (Control),0,46.14,4,0
USR_01663,A (Control),0,105.06,3,2
USR_01664,A (Control),0,63.59,7,1
USR_01665,A (Control),0,20.92,7,0
USR_01666,A (Control),0,45.65,3,3
USR_01667,A (Control),0,53.93,1,0
USR_01668,A (Control),0,38.92,5,5
USR_01669,A (Control),0,7.94,4,1
USR_01670,A (Control),0,22.62,5,2
USR_01671,A (Control),0,32.26,3,2
USR_01672,A (Control),0,126.05,5,1
USR_01673,A (Control),0,59.27,6,1
USR_01674,A (Control),0,11.88,5,2
USR_01675,A (Control),0,40.63,4,1
USR_01676,A (Control),0,95.25,3,2
USR_01677,A (Control),0,28.32,6,0
USR_01678,A (Control),0,81.65,5,2
USR_01679,A (Control),1,12.23,4,0
USR_01680,A (Control),0,2.0,2,1
USR_01681,A (Control),0,89.14,7,4
USR_01682,A (Control),0,31.08,5,1
USR_01683,A (Control),0,32.87,4,1
USR_01684,A (Control),0,49.18,5,2
USR_01685,A (Control),0,57.95,2,1
USR_01686,A (Control),0,3.6,5,2
USR_01687,A (Control),0,26.7,1,0
USR_01688,A (Control),0,45.09,3,4
USR_01689,A (Control),0,57.87,5,4
USR_01690,A (Control),0,20.72,5,2
USR_01691,A (Control),0,37.53,3,2
USR_01692,A (Control),0,28.26,4,0
USR_01693,A (Control),0,50.27,7,1
USR_01694,A (Control),0,87.2,6,3
USR_01695,A (Control),0,34.17,2,0
USR_01696,A (Control),0,14.2,5,0
USR_01697,A (Control),0,25.62,3,1
USR_01698,A (Control),0,117.1,5,0
USR_01699,A (Control),0,22.69,6,1
USR_01700,A (Control),0,16.7,4,0
USR_01701,A (Control),0,32.7,12,5
USR_01702,A (Control),0,40.64,3,2
USR_01703,A (Control),0,29.54,7,1
USR_01704,A (Control),0,12.29,5,2
USR_01705,A (Control),1,53.51,5,0
USR_01706,A (Control),0,50.31,6,1
USR_01707,A (Control),0,67.09,3,0
USR_01708,A (Control),0,49.57,3,0
USR_01709,A (Control),1,111.31,5,1
USR_01710,A (Control),0,70.39,6,4
USR_01711,A (Control),0,61.74,6,5
USR_01712,A (Control),1,89.16,3,2
USR_01713,A (Control),0,47.6,5,0
USR_01714,A (Control),0,38.09,3,1
USR_01715,A (Control),0,53.12,3,2
USR_01716,A (Control),0,7.54,3,0
USR_01717,A (Control),1,47.7,4,1
USR_01718,A (Control),0,40.61,7,2
USR_01719,A (Control),0,56.9,3,1
USR_01720,A (Control),0,81.8,3,1
USR_01721,A (Control),0,62.88,5,1
USR_01722,A (Control),0,25.68,4,1
USR_01723,A (Control),0,73.72,7,4
USR_01724,A (Control),1,112.29,4,1
USR_01725,A (Control),0,83.11,5,1
USR_01726,A (Control),0,15.32,5,3
USR_01727,A (Control),0,62.46,4,1
USR_01728,A (Control),0,17.34,5,2
USR_01729,A (Control),0,35.52,5,1
USR_01730,A (Control),0,55.82,6,1
USR_01731,A (Control),0,51.17,5,2
USR_01732,A (Control),0,82.12,1,0
USR_01733,A (Control),0,112.62,3,2
USR_01734,A (Control),0,59.46,7,3
USR_01735,A (Control),0,33.62,5,4
USR_01736,A (Control),0,7.92,4,4
USR_01737,A (Control),1,94.88,3,1
USR_01738,A (Control),0,40.76,8,1
USR_01739,A (Control),0,42.24,3,1
USR_01740,A (Control),0,44.56,2,0
USR_01741,A (Control),0,57.73,5,2
USR_01742,A (Control),0,58.82,4,1
USR_01743,A (Control),0,35.92,4,1
USR_01744,A (Control),0,40.48,5,2
USR_01745,A (Control),0,27.9,2,1
USR_01746,A (Control),0,25.66,3,0
USR_01747,A (Control),0,25.57,6,1
USR_01748,A (Control),0,40.16,4,0
USR_01749,A (Control),0,21.93,5,3
USR_01750,A (Control),0,1.73,4,3
USR_01751,A (Control),0,33.21,2,1
USR_01752,A (Control),0,16.16,6,6
USR_01753,A (Control),0,46.63,6,0
USR_01754,A (Control),0,27.82,3,1
USR_01755,A (Control),0,58.19,6,4
USR_01756,A (Control),0,17.46,6,2
USR_01757,A (Control),0,9.51,5,3
USR_01758,A (Control),0,40.55,4,2
USR_01759,A (Control),1,32.2,4,4
USR_01760,A (Control),0,14.97,4,1
USR_01761,A (Control),0,70.43,2,0
USR_01762,A (Control),0,20.02,5,1
USR_01763,A (Control),0,24.74,3,0
USR_01764,A (Control),0,78.85,2,2
USR_01765,A (Control),0,60.35,1,0
USR_01766,A (Control),0,18.29,4,2
USR_01767,A (Control),0,34.31,3,2
USR_01768,A (Control),0,16.79,6,2
USR_01769,A (Control),0,75.33,7,6
USR_01770,A (Control),0,75.3,8,6
USR_01771,A (Control),1,122.59,5,3
USR_01772,A (Control),1,151.19,5,6
USR_01773,A (Control),0,27.58,6,0
USR_01774,A (Control),1,67.88,6,0
USR_01775,A (Control),0,8.18,3,0
USR_01776,A (Control),0,49.02,8,6
USR_01777,A (Control),1,57.1,8,4
USR_01778,A (Control),1,20.91,3,3
USR_01779,A (Control),0,26.3,5,1
USR_01780,A (Control),0,75.61,5,0
USR_01781,A (Control),0,58.02,2,1
USR_01782,A (Control),0,113.28,2,0
USR_01783,A (Control),0,105.42,5,3
USR_01784,A (Control),0,10.57,7,2
USR_01785,A (Control),0,29.66,2,1
USR_01786,A (Control),0,19.19,4,1
USR_01787,A (Control),0,69.68,4,2
USR_01788,A (Control),0,52.23,4,2
USR_01789,A (Control),0,20.27,6,2
USR_01790,A (Control),0,22.88,2,2
USR_01791,A (Control),0,91.51,2,0
USR_01792,A (Control),0,32.16,4,1
USR_01793,A (Control),0,6.87,11,5
USR_01794,A (Control),0,18.84,4,2
USR_01795,A (Control),0,127.48,4,5
USR_01796,A (Control),0,80.27,3,2
USR_01797,A (Control),0,15.89,4,1
USR_01798,A (Control),0,49.0,4,0
USR_01799,A (Control),0,77.22,6,1
USR_01800,A (Control),0,10.43,8,2
USR_01801,A (Control),0,82.57,6,2
USR_01802,A (Control),0,57.67,4,2
USR_01803,A (Control),0,25.13,3,2
USR_01804,A (Control),0,63.63,4,5
USR_01805,A (Control),0,52.72,5,2
USR_01806,A (Control),0,55.08,6,2
USR_01807,A (Control),0,47.84,6,3
USR_01808,A (Control),0,22.23,4,2
USR_01809,A (Control),0,25.57,6,1
USR_01810,A (Control),0,36.69,5,0
USR_01811,A (Control),0,44.7,5,4
USR_01812,A (Control),0,66.02,5,2
USR_01813,A (Control),1,129.28,6,3
USR_01814,A (Control),1,50.51,8,5
USR_01815,A (Control),0,65.29,7,1
USR_01816,A (Control),0,74.81,5,2
USR_01817,A (Control),0,68.22,8,2
USR_01818,A (Control),0,21.57,5,2
USR_01819,A (Control),0,96.74,8,2
USR_01820,A (Control),0,87.72,5,3
USR_01821,A (Control),0,47.41,5,1
USR_01822,A (Control),0,22.59,1,0
USR_01823,A (Control),0,44.22,4,3
USR_01824,A (Control),0,11.7,2,0
USR_01825,A (Control),0,104.37,6,1
USR_01826,A (Control),0,27.36,3,2
USR_01827,A (Control),0,35.39,6,3
USR_01828,A (Control),0,99.95,3,1
USR_01829,A (Control),0,92.84,5,2
USR_01830,A (Control),0,54.07,2,0
USR_01831,A (Control),0,113.79,7,3
USR_01832,A (Control),0,21.03,2,0
USR_01833,A (Control),0,54.08,9,6
USR_01834,A (Control),0,21.17,7,3
USR_01835,A (Control),0,84.49,4,1
USR_01836,A (Control),0,82.69,3,1
USR_01837,A (Control),0,118.61,4,0
USR_01838,A (Control),0,43.32,3,0
USR_01839,A (Control),0,138.32,4,2
USR_01840,A (Control),0,19.8,6,0
USR_01841,A (Control),0,41.77,4,2
USR_01842,A (Control),0,20.37,3,2
USR_01843,A (Control),0,49.37,4,5
USR_01844,A (Control),0,21.8,5,3
USR_01845,A (Control),0,84.63,2,3
USR_01846,A (Control),0,58.88,3,0
USR_01847,A (Control),0,18.48,3,1
USR_01848,A (Control),1,72.85,4,0
USR_01849,A (Control),0,109.01,5,1
USR_01850,A (Control),0,62.53,5,3
USR_01851,A (Control),0,14.28,4,1
USR_01852,A (Control),0,39.09,9,2
USR_01853,A (Control),0,67.62,6,2
USR_01854,A (Control),0,36.57,6,1
USR_01855,A (Control),1,19.6,2,0
USR_01856,A (Control),0,90.57,3,0
USR_01857,A (Control),0,35.49,5,1
USR_01858,A (Control),0,109.05,5,4
USR_01859,A (Control),0,29.77,8,2
USR_01860,A (Control),0,34.05,2,0
USR_01861,A (Control),0,28.1,2,0
USR_01862,A (Control),0,38.64,5,0
USR_01863,A (Control),0,58.27,3,0
USR_01864,A (Control),0,20.42,6,3
USR_01865,A (Control),0,17.48,4,4
USR_01866,A (Control),0,10.22,3,2
USR_01867,A (Control),0,9.07,4,3
USR_01868,A (Control),0,14.43,7,4
USR_01869,A (Control),0,29.62,6,2
USR_01870,A (Control),0,48.78,8,4
USR_01871,A (Control),0,56.22,2,1
USR_01872,A (Control),0,47.31,4,1
USR_01873,A (Control),0,101.62,4,3
USR_01874,A (Control),1,121.28,6,7
USR_01875,A (Control),0,35.61,8,3
USR_01876,A (Control),0,20.69,6,2
USR_01877,A (Control),0,143.43,4,1
USR_01878,A (Control),0,88.68,5,2
USR_01879,A (Control),0,84.72,3,0
USR_01880,A (Control),0,28.76,4,1
USR_01881,A (Control),0,73.97,5,0
USR_01882,A (Control),0,47.56,2,1
USR_01883,A (Control),0,41.19,6,3
USR_01884,A (Control),0,41.14,4,2
USR_01885,A (Control),0,59.99,2,0
USR_01886,A (Control),0,103.62,2,2
USR_01887,A (Control),0,150.5,2,1
USR_01888,A (Control),0,32.49,4,2
USR_01889,A (Control),0,49.35,5,2
USR_01890,A (Control),0,40.49,5,2
USR_01891,A (Control),0,57.48,6,5
USR_01892,A (Control),0,37.11,4,2
USR_01893,A (Control),0,26.35,8,3
USR_01894,A (Control),0,32.52,6,3
USR_01895,A (Control),0,29.07,4,1
USR_01896,A (Control),0,39.15,7,1
USR_01897,A (Control),0,15.33,5,2
USR_01898,A (Control),0,29.48,3,0
USR_01899,A (Control),1,57.12,4,1
USR_01900,A (Control),0,56.85,3,1
USR_01901,A (Control),0,51.2,3,1
USR_01902,A (Control),1,98.21,6,2
USR_01903,A (Control),0,58.57,6,2
USR_01904,A (Control),0,96.28,4,1
USR_01905,A (Control),1,150.56,4,0
USR_01906,A (Control),0,75.13,6,4
USR_01907,A (Control),1,15.4,6,1
USR_01908,A (Control),1,52.53,5,1
USR_01909,A (Control),0,47.62,5,0
USR_01910,A (Control),0,108.94,6,5
USR_01911,A (Control),0,40.13,3,1
USR_01912,A (Control),0,23.69,3,0
USR_01913,A (Control),1,30.74,4,1
USR_01914,A (Control),0,15.89,4,3
USR_01915,A (Control),0,1.65,6,2
USR_01916,A (Control),1,136.22,6,3
USR_01917,A (Control),0,43.89,8,4
USR_01918,A (Control),0,17.18,11,4
USR_01919,A (Control),0,114.88,4,3
USR_01920,A (Control),0,126.62,2,0
USR_01921,A (Control),0,48.7,7,5
USR_01922,A (Control),0,14.69,3,2
USR_01923,A (Control),0,31.28,3,2
USR_01924,A (Control),0,37.21,4,0
USR_01925,A (Control),0,44.89,7,1
USR_01926,A (Control),0,19.01,4,1
USR_01927,A (Control),0,78.96,7,3
USR_01928,A (Control),0,6.2,5,0
USR_01929,A (Control),0,86.94,2,2
USR_01930,A (Control),0,98.3,5,3
USR_01931,A (Control),0,33.54,5,3
USR_01932,A (Control),0,41.47,2,1
USR_01933,A (Control),0,105.79,2,1
USR_01934,A (Control),0,66.0,3,0
USR_01935,A (Control),0,34.4,5,4
USR_01936,A (Control),0,37.35,7,3
USR_01937,A (Control),0,60.2,7,2
USR_01938,A (Control),0,128.92,4,3
USR_01939,A (Control),0,38.16,4,3
USR_01940,A (Control),0,33.66,4,0
USR_01941,A (Control),0,44.68,4,3
USR_01942,A (Control),0,44.86,4,1
USR_01943,A (Control),0,53.55,2,0
USR_01944,A (Control),0,41.56,4,0
USR_01945,A (Control),0,90.13,4,3
USR_01946,A (Control),0,22.31,2,1
USR_01947,A (Control),0,57.43,5,4
USR_01948,A (Control),0,58.89,2,1
USR_01949,A (Control),0,23.88,4,3
USR_01950,A (Control),0,57.07,4,4
USR_01951,A (Control),0,59.88,5,4
USR_01952,A (Control),0,3.58,6,1
USR_01953,A (Control),0,20.67,4,0
USR_01954,A (Control),0,111.17,5,2
USR_01955,A (Control),1,28.36,5,1
USR_01956,A (Control),0,17.15,2,2
USR_01957,A (Control),0,8.68,4,4
USR_01958,A (Control),0,19.17,7,1
USR_01959,A (Control),0,40.36,2,0
USR_01960,A (Control),0,16.13,6,3
USR_01961,A (Control),0,66.55,4,2
USR_01962,A (Control),0,23.55,6,2
USR_01963,A (Control),0,53.82,4,1
USR_01964,A (Control),0,101.62,5,1
USR_01965,A (Control),0,97.8,3,2
USR_01966,A (Control),0,53.22,5,3
USR_01967,A (Control),0,18.16,5,1
USR_01968,A (Control),0,42.29,5,1
USR_01969,A (Control),0,54.36,3,1
USR_01970,A (Control),1,167.3,6,2
USR_01971,A (Control),0,8.6,6,4
USR_01972,A (Control),0,42.39,5,2
USR_01973,A (Control),0,65.06,6,6
USR_01974,A (Control),0,47.06,7,2
USR_01975,A (Control),0,50.55,3,2
USR_01976,A (Control),0,24.65,6,3
USR_01977,A (Control),0,78.11,4,2
USR_01978,A (Control),0,44.87,5,1
USR_01979,A (Control),0,50.43,4,1
USR_01980,A (Control),0,83.28,3,1
USR_01981,A (Control),0,35.15,6,3
USR_01982,A (Control),0,94.57,5,1
USR_01983,A (Control),0,15.67,1,0
USR_01984,A (Control),0,52.34,5,3
USR_01985,A (Control),0,23.49,2,1
USR_01986,A (Control),0,18.91,3,0
USR_01987,A (Control),0,128.02,7,5
USR_01988,A (Control),0,16.38,4,2
USR_01989,A (Control),0,45.47,6,2
USR_01990,A (Control),1,15.32,6,1
USR_01991,A (Control),0,91.03,3,2
USR_01992,A (Control),0,32.68,4,3
USR_01993,A (Control),0,83.01,4,0
USR_01994,A (Control),0,63.66,5,2
USR_01995,A (Control),1,152.68,3,2
USR_01996,A (Control),0,12.74,10,7
USR_01997,A (Control),0,20.53,3,0
USR_01998,A (Control),0,80.26,6,4
USR_01999,A (Control),0,54.0,5,1
USR_02000,A (Control),0,36.98,7,3
USR_02001,A (Control),0,136.02,8,4
USR_02002,A (Control),0,43.35,4,2
USR_02003,A (Control),0,24.19,3,0
USR_02004,A (Control),0,83.63,11,5
USR_02005,A (Control),0,44.34,6,1
USR_02006,A (Control),0,46.7,4,1
USR_02007,A (Control),0,67.1,1,0
USR_02008,A (Control),0,68.76,1,2
USR_02009,A (Control),0,20.31,6,3
USR_02010,A (Control),0,35.49,4,1
USR_02011,A (Control),0,14.18,3,2
USR_02012,A (Control),0,54.53,5,1
USR_02013,A (Control),0,126.65,3,1
USR_02014,A (Control),0,20.99,4,2
USR_02015,A (Control),0,11.93,7,2
USR_02016,A (Control),0,27.25,5,3
USR_02017,A (Control),0,36.75,2,1
USR_02018,A (Control),0,69.14,9,4
USR_02019,A (Control),0,34.1,5,2
USR_02020,A (Control),0,55.17,2,0
USR_02021,A (Control),0,30.29,3,2
USR_02022,A (Control),1,38.18,4,0
USR_02023,A (Control),0,23.57,2,1
USR_02024,A (Control),0,18.11,2,0
USR_02025,A (Control),0,70.71,4,1
USR_02026,A (Control),0,31.84,5,1
USR_02027,A (Control),1,57.79,6,1
USR_02028,A (Control),0,23.29,5,5
USR_02029,A (Control),0,43.55,9,7
USR_02030,A (Control),0,6.36,3,1
USR_02031,A (Control),0,33.57,4,2
USR_02032,A (Control),0,25.24,2,0
USR_02033,A (Control),0,88.78,4,3
USR_02034,A (Control),0,15.85,3,0
USR_02035,A (Control),0,39.28,4,0
USR_02036,A (Control),1,54.09,5,2
USR_02037,A (Control),0,81.25,5,1
USR_02038,A (Control),0,74.42,3,0
USR_02039,A (Control),0,41.46,3,0
USR_02040,A (Control),0,45.51,3,4
USR_02041,A (Control),0,88.74,2,1
USR_02042,A (Control),0,40.92,8,3
USR_02043,A (Control),0,48.81,2,0
USR_02044,A (Control),0,90.53,4,1
USR_02045,A (Control),1,165.39,7,3
USR_02046,A (Control),0,51.6,7,4
USR_02047,A (Control),0,61.01,5,4
USR_02048,A (Control),0,73.04,3,0
USR_02049,A (Control),0,90.0,6,1
USR_02050,A (Control),0,82.51,6,3
USR_02051,A (Control),0,28.59,6,5
USR_02052,A (Control),0,53.88,6,2
USR_02053,A (Control),0,82.86,6,3
USR_02054,A (Control),0,101.71,5,1
USR_02055,A (Control),1,39.33,2,1
USR_02056,A (Control),0,53.03,6,3
USR_02057,A (Control),1,57.05,6,2
USR_02058,A (Control),0,44.51,5,2
USR_02059,A (Control),0,52.14,4,2
USR_02060,A (Control),0,226.09,3,0
USR_02061,A (Control),0,38.21,2,0
USR_02062,A (Control),1,40.28,5,1
USR_02063,A (Control),0,10.79,3,3
USR_02064,A (Control),0,9.15,5,0
USR_02065,A (Control),0,59.67,2,0
USR_02066,A (Control),0,83.07,3,1
USR_02067,A (Control),0,73.82,4,2
USR_02068,A (Control),0,23.24,4,1
USR_02069,A (Control),0,71.13,3,2
USR_02070,A (Control),0,39.84,8,2
USR_02071,A (Control),0,33.31,2,0
USR_02072,A (Control),0,14.53,4,1
USR_02073,A (Control),0,25.52,5,1
USR_02074,A (Control),0,60.56,2,0
USR_02075,A (Control),0,53.51,8,6
USR_02076,A (Control),0,48.47,4,2
USR_02077,A (Control),1,5.65,3,2
USR_02078,A (Control),0,48.8,9,2
USR_02079,A (Control),0,28.27,4,2
USR_02080,A (Control),0,53.76,3,2
USR_02081,A (Control),0,91.67,4,1
USR_02082,A (Control),0,31.43,5,2
USR_02083,A (Control),0,46.45,5,3
USR_02084,A (Control),1,135.54,8,1
USR_02085,A (Control),0,52.02,6,2
USR_02086,A (Control),0,42.68,2,2
USR_02087,A (Control),0,23.54,6,1
USR_02088,A (Control),0,72.37,4,2
USR_02089,A (Control),0,20.49,5,2
USR_02090,A (Control),0,94.15,3,2
USR_02091,A (Control),0,65.99,5,2
USR_02092,A (Control),0,29.01,6,3
USR_02093,A (Control),0,24.15,5,4
USR_02094,A (Control),1,24.6,8,2
USR_02095,A (Control),0,9.31,6,4
USR_02096,A (Control),0,58.75,3,1
USR_02097,A (Control),0,6.45,4,2
USR_02098,A (Control),0,40.85,5,1
USR_02099,A (Control),0,39.06,8,1
USR_02100,A (Control),0,34.41,6,3
USR_02101,A (Control),0,58.49,8,2
USR_02102,A (Control),0,29.06,5,1
USR_02103,A (Control),0,48.89,6,0
USR_02104,A (Control),0,94.14,2,1
USR_02105,A (Control),0,62.98,5,3
USR_02106,A (Control),0,32.29,6,4
USR_02107,A (Control),0,43.57,2,2
USR_02108,A (Control),0,34.44,5,3
USR_02109,A (Control),0,38.67,2,0
USR_02110,A (Control),0,49.88,5,1
USR_02111,A (Control),0,13.96,3,1
USR_02112,A (Control),0,11.23,5,1
USR_02113,A (Control),0,22.01,5,4
USR_02114,A (Control),1,60.28,4,3
USR_02115,A (Control),0,65.62,4,0
USR_02116,A (Control),0,71.85,6,5
USR_02117,A (Control),0,22.69,3,2
USR_02118,A (Control),0,46.27,3,3
USR_02119,A (Control),0,33.01,3,0
USR_02120,A (Control),0,39.79,3,1
USR_02121,A (Control),0,32.59,5,2
USR_02122,A (Control),0,51.75,8,2
USR_02123,A (Control),0,26.45,4,1
USR_02124,A (Control),0,87.79,5,0
USR_02125,A (Control),0,88.27,3,2
USR_02126,A (Control),1,59.09,6,1
USR_02127,A (Control),1,81.55,5,2
USR_02128,A (Control),0,13.49,3,3
USR_02129,A (Control),0,90.93,3,2
USR_02130,A (Control),0,55.5,5,3
USR_02131,A (Control),0,27.65,1,0
USR_02132,A (Control),0,25.62,4,1
USR_02133,A (Control),0,110.04,7,2
USR_02134,A (Control),0,72.57,3,0
USR_02135,A (Control),0,39.07,5,0
USR_02136,A (Control),0,13.35,1,1
USR_02137,A (Control),1,93.78,1,0
USR_02138,A (Control),1,18.23,4,0
USR_02139,A (Control),1,33.44,5,2
USR_02140,A (Control),0,39.03,5,3
USR_02141,A (Control),0,25.32,4,1
USR_02142,A (Control),0,37.83,5,2
USR_02143,A (Control),0,43.13,4,2
USR_02144,A (Control),0,37.29,5,2
USR_02145,A (Control),0,53.44,5,2
USR_02146,A (Control),0,112.52,5,1
USR_02147,A (Control),0,13.94,5,0
USR_02148,A (Control),0,48.15,4,0
USR_02149,A (Control),0,18.39,3,1
USR_02150,A (Control),0,12.77,4,1
USR_02151,A (Control),0,77.75,1,1
USR_02152,A (Control),0,50.89,7,3
USR_02153,A (Control),0,12.06,6,3
USR_02154,A (Control),0,37.81,5,2
USR_02155,A (Control),0,22.05,2,0
USR_02156,A (Control),1,38.73,5,1
USR_02157,A (Control),0,67.1,4,0
USR_02158,A (Control),0,62.85,7,3
USR_02159,A (Control),0,32.76,4,2
USR_02160,A (Control),0,80.01,5,3
USR_02161,A (Control),0,98.66,4,2
USR_02162,A (Control),0,67.8,4,3
USR_02163,A (Control),0,28.94,8,7
USR_02164,A (Control),0,39.62,3,3
USR_02165,A (Control),0,110.37,6,3
USR_02166,A (Control),1,34.53,5,1
USR_02167,A (Control),0,62.97,3,0
USR_02168,A (Control),0,25.06,4,5
USR_02169,A (Control),0,80.36,4,1
USR_02170,A (Control),0,22.91,3,0
USR_02171,A (Control),0,40.81,5,1
USR_02172,A (Control),0,61.56,2,1
USR_02173,A (Control),0,124.13,7,5
USR_02174,A (Control),0,50.28,4,1
USR_02175,A (Control),0,36.05,5,1
USR_02176,A (Control),0,34.17,9,5
USR_02177,A (Control),0,78.2,7,3
USR_02178,A (Control),0,58.42,7,1
USR_02179,A (Control),0,66.26,6,4
USR_02180,A (Control),0,105.68,7,3
USR_02181,A (Control),0,45.13,6,0
USR_02182,A (Control),0,55.8,2,0
USR_02183,A (Control),0,33.84,2,0
USR_02184,A (Control),0,24.34,7,4
USR_02185,A (Control),0,28.03,4,1
USR_02186,A (Control),0,4.18,2,0
USR_02187,A (Control),0,61.17,4,1
USR_02188,A (Control),0,57.2,3,1
USR_02189,A (Control),1,60.34,4,0
USR_02190,A (Control),0,23.12,4,2
USR_02191,A (Control),0,28.39,3,1
USR_02192,A (Control),0,27.71,6,4
USR_02193,A (Control),0,85.23,5,3
USR_02194,A (Control),0,49.06,4,0
USR_02195,A (Control),0,44.8,3,0
USR_02196,A (Control),0,70.14,7,3
USR_02197,A (Control),0,27.78,2,1
USR_02198,A (Control),0,54.93,7,4
USR_02199,A (Control),0,133.86,5,3
USR_02200,A (Control),1,93.52,3,0
USR_02201,A (Control),0,54.39,3,0
USR_02202,A (Control),0,45.94,2,1
USR_02203,A (Control),0,60.01,7,4
USR_02204,A (Control),0,101.43,3,2
USR_02205,A (Control),0,97.1,3,0
USR_02206,A (Control),0,111.8,5,5
USR_02207,A (Control),0,50.88,5,1
USR_02208,A (Control),0,6.4,3,0
USR_02209,A (Control),1,128.2,7,1
USR_02210,A (Control),0,24.3,6,0
USR_02211,A (Control),0,69.42,4,3
USR_02212,A (Control),0,6.54,3,0
USR_02213,A (Control),0,44.18,3,1
USR_02214,A (Control),0,34.57,5,0
USR_02215,A (Control),0,111.95,6,0
USR_02216,A (Control),0,54.84,9,6
USR_02217,A (Control),0,43.87,5,3
USR_02218,A (Control),1,58.79,5,2
USR_02219,A (Control),0,2.52,7,2
USR_02220,A (Control),0,27.31,2,2
USR_02221,A (Control),1,30.49,12,6
USR_02222,A (Control),0,64.78,4,2
USR_02223,A (Control),0,20.32,6,2
USR_02224,A (Control),0,49.45,3,1
USR_02225,A (Control),1,41.05,5,1
USR_02226,A (Control),0,28.42,5,2
USR_02227,A (Control),0,29.81,3,1
USR_02228,A (Control),0,40.79,3,2
USR_02229,A (Control),0,8.48,5,1
USR_02230,A (Control),1,70.74,5,1
USR_02231,A (Control),0,24.16,7,1
USR_02232,A (Control),0,36.13,5,2
USR_02233,A (Control),0,109.48,4,2
USR_02234,A (Control),1,71.5,5,1
USR_02235,A (Control),0,17.51,7,3
USR_02236,A (Control),1,1.97,2,1
USR_02237,A (Control),0,60.4,5,1
USR_02238,A (Control),0,37.13,6,1
USR_02239,A (Control),0,49.65,3,2
USR_02240,A (Control),0,70.02,4,2
USR_02241,A (Control),0,76.99,5,3
USR_02242,A (Control),0,32.23,6,5
USR_02243,A (Control),0,40.33,3,0
USR_02244,A (Control),0,55.97,4,1
USR_02245,A (Control),0,58.34,3,1
USR_02246,A (Control),0,49.33,5,1
USR_02247,A (Control),0,102.21,2,2
USR_02248,A (Control),0,57.93,6,1
USR_02249,A (Control),1,69.37,2,0
USR_02250,A (Control),0,52.09,1,0
USR_02251,A (Control),0,20.2,5,4
USR_02252,A (Control),0,27.24,3,1
USR_02253,A (Control),0,16.91,4,2
USR_02254,A (Control),0,82.36,4,0
USR_02255,A (Control),0,12.0,4,1
USR_02256,A (Control),0,39.21,3,2
USR_02257,A (Control),0,33.5,5,2
USR_02258,A (Control),0,32.88,4,0
USR_02259,A (Control),0,34.94,6,3
USR_02260,A (Control),0,113.92,5,2
USR_02261,A (Control),0,7.9,7,1
USR_02262,A (Control),0,94.53,1,0
USR_02263,A (Control),0,37.06,5,1
USR_02264,A (Control),0,73.88,2,1
USR_02265,A (Control),0,45.73,6,3
USR_02266,A (Control),0,18.37,7,5
USR_02267,A (Control),0,100.05,4,1
USR_02268,A (Control),0,90.79,4,1
USR_02269,A (Control),0,19.5,4,2
USR_02270,A (Control),0,63.33,2,1
USR_02271,A (Control),0,28.18,3,1
USR_02272,A (Control),0,12.47,6,2
USR_02273,A (Control),0,24.21,4,1
USR_02274,A (Control),0,96.52,5,3
USR_02275,A (Control),0,75.01,5,2
USR_02276,A (Control),1,35.24,2,2
USR_02277,A (Control),0,96.8,6,4
USR_02278,A (Control),0,86.58,7,3
USR_02279,A (Control),0,24.24,5,4
USR_02280,A (Control),0,111.19,1,0
USR_02281,A (Control),1,33.26,6,4
USR_02282,A (Control),0,36.57,3,0
USR_02283,A (Control),0,8.11,5,0
USR_02284,A (Control),0,27.79,5,3
USR_02285,A (Control),0,39.42,2,0
USR_02286,A (Control),0,53.04,6,3
USR_02287,A (Control),0,18.42,4,0
USR_02288,A (Control),0,25.09,6,5
USR_02289,A (Control),0,112.66,5,2
USR_02290,A (Control),0,83.1,4,0
USR_02291,A (Control),0,92.6,2,1
USR_02292,A (Control),0,41.71,9,5
USR_02293,A (Control),0,54.06,4,3
USR_02294,A (Control),0,64.23,4,1
USR_02295,A (Control),1,111.67,7,1
USR_02296,A (Control),0,12.23,4,3
USR_02297,A (Control),0,29.88,2,3
USR_02298,A (Control),0,50.91,8,1
USR_02299,A (Control),0,45.92,5,0
USR_02300,A (Control),0,24.85,3,1
USR_02301,A (Control),0,60.76,5,2
USR_02302,A (Control),0,30.74,5,2
USR_02303,A (Control),0,43.71,6,2
USR_02304,A (Control),0,59.05,4,0
USR_02305,A (Control),0,31.8,3,1
USR_02306,A (Control),0,71.16,3,0
USR_02307,A (Control),0,79.34,3,1
USR_02308,A (Control),0,25.57,5,2
USR_02309,A (Control),0,30.59,5,1
USR_02310,A (Control),0,20.66,3,1
USR_02311,A (Control),0,43.06,6,3
USR_02312,A (Control),0,53.01,4,0
USR_02313,A (Control),0,34.0,5,2
USR_02314,A (Control),1,52.06,6,2
USR_02315,A (Control),0,30.0,2,0
USR_02316,A (Control),0,30.71,6,3
USR_02317,A (Control),0,54.8,6,2
USR_02318,A (Control),0,32.19,4,0
USR_02319,A (Control),0,41.5,5,1
USR_02320,A (Control),0,56.06,3,1
USR_02321,A (Control),0,51.56,7,3
USR_02322,A (Control),0,30.31,3,0
USR_02323,A (Control),0,84.33,5,4
USR_02324,A (Control),0,11.65,7,2
USR_02325,A (Control),0,1.41,8,2
USR_02326,A (Control),0,62.42,6,1
USR_02327,A (Control),0,50.91,5,0
USR_02328,A (Control),0,18.51,7,7
USR_02329,A (Control),0,46.67,2,1
USR_02330,A (Control),0,27.39,3,2
USR_02331,A (Control),0,59.57,5,2
USR_02332,A (Control),0,1.92,3,1
USR_02333,A (Control),0,36.22,6,6
USR_02334,A (Control),0,29.35,1,0
USR_02335,A (Control),0,71.32,4,1
USR_02336,A (Control),0,8.41,3,0
USR_02337,A (Control),0,44.69,1,0
USR_02338,A (Control),0,61.94,4,2
USR_02339,A (Control),0,124.19,4,1
USR_02340,A (Control),0,30.64,4,3
USR_02341,A (Control),0,53.6,4,0
USR_02342,A (Control),0,8.97,1,0
USR_02343,A (Control),0,43.17,8,5
USR_02344,A (Control),1,88.11,4,2
USR_02345,A (Control),0,124.92,4,2
USR_02346,A (Control),0,56.9,6,2
USR_02347,A (Control),0,11.59,7,2
USR_02348,A (Control),1,96.74,6,4
USR_02349,A (Control),0,11.68,2,1
USR_02350,A (Control),0,17.06,4,1
USR_02351,A (Control),0,101.74,2,0
USR_02352,A (Control),0,41.07,6,1
USR_02353,A (Control),0,28.18,3,2
USR_02354,A (Control),0,67.33,5,3
USR_02355,A (Control),0,48.35,7,3
USR_02356,A (Control),0,83.33,4,2
USR_02357,A (Control),1,49.84,4,3
USR_02358,A (Control),0,50.59,5,3
USR_02359,A (Control),0,81.52,4,1
USR_02360,A (Control),0,40.69,4,0
USR_02361,A (Control),0,22.1,5,3
USR_02362,A (Control),0,69.76,3,0
USR_02363,A (Control),1,35.3,2,1
USR_02364,A (Control),0,52.47,4,1
USR_02365,A (Control),0,7.14,6,1
USR_02366,A (Control),0,39.56,5,1
USR_02367,A (Control),0,29.67,4,1
USR_02368,A (Control),0,6.91,5,1
USR_02369,A (Control),0,40.42,3,0
USR_02370,A (Control),0,41.36,1,0
USR_02371,A (Control),1,54.96,4,1
USR_02372,A (Control),0,87.21,3,2
USR_02373,A (Control),0,78.76,1,0
USR_02374,A (Control),0,31.21,5,1
USR_02375,A (Control),0,49.03,3,1
USR_02376,A (Control),0,60.1,4,3
USR_02377,A (Control),0,31.86,7,2
USR_02378,A (Control),0,12.68,3,1
USR_02379,A (Control),0,37.48,6,4
USR_02380,A (Control),0,89.44,7,2
USR_02381,A (Control),0,12.13,5,3
USR_02382,A (Control),0,20.33,4,1
USR_02383,A (Control),0,23.94,4,2
USR_02384,A (Control),0,20.52,3,1
USR_02385,A (Control),0,67.52,5,0
USR_02386,A (Control),0,27.31,8,2
USR_02387,A (Control),0,68.65,5,1
USR_02388,A (Control),0,44.65,2,1
USR_02389,A (Control),1,9.58,4,4
USR_02390,A (Control),0,32.37,7,1
USR_02391,A (Control),0,80.21,5,0
USR_02392,A (Control),0,48.04,3,1
USR_02393,A (Control),1,34.16,4,1
USR_02394,A (Control),0,90.1,2,0
USR_02395,A (Control),0,18.74,3,3
USR_02396,A (Control),0,28.06,2,2
USR_02397,A (Control),0,75.62,6,4
USR_02398,A (Control),0,66.65,1,0
USR_02399,A (Control),0,17.47,4,0
USR_02400,A (Control),1,58.8,6,3
USR_02401,A (Control),0,26.97,4,1
USR_02402,A (Control),1,6.55,6,1
USR_02403,A (Control),0,34.65,4,2
USR_02404,A (Control),0,129.72,3,2
USR_02405,A (Control),0,81.06,4,2
USR_02406,A (Control),0,41.95,4,1
USR_02407,A (Control),0,11.45,2,1
USR_02408,A (Control),0,6.78,6,3
USR_02409,A (Control),0,44.75,3,0
USR_02410,A (Control),0,56.36,5,2
USR_02411,A (Control),0,68.01,3,1
USR_02412,A (Control),0,63.18,2,0
USR_02413,A (Control),0,66.6,5,2
USR_02414,A (Control),0,52.0,3,1
USR_02415,A (Control),0,88.91,5,4
USR_02416,A (Control),0,29.63,9,3
USR_02417,A (Control),0,44.29,7,2
USR_02418,A (Control),0,9.62,2,0
USR_02419,A (Control),0,29.16,4,4
USR_02420,A (Control),0,79.7,4,4
USR_02421,A (Control),0,65.27,2,0
USR_02422,A (Control),0,4.3,2,2
USR_02423,A (Control),0,135.54,4,2
USR_02424,A (Control),0,48.13,5,3
USR_02425,A (Control),0,48.73,6,1
USR_02426,A (Control),0,27.8,3,0
USR_02427,A (Control),1,32.49,5,2
USR_02428,A (Control),0,47.77,5,0
USR_02429,A (Control),1,62.95,1,1
USR_02430,A (Control),0,53.6,4,3
USR_02431,A (Control),0,29.47,4,2
USR_02432,A (Control),0,21.86,3,0
USR_02433,A (Control),0,20.69,4,1
USR_02434,A (Control),0,83.54,2,0
USR_02435,A (Control),0,77.44,4,3
USR_02436,A (Control),0,59.32,4,2
USR_02437,A (Control),0,83.17,8,1
USR_02438,A (Control),0,39.75,2,1
USR_02439,A (Control),0,73.35,10,2
USR_02440,A (Control),0,61.29,3,0
USR_02441,A (Control),0,74.58,7,1
USR_02442,A (Control),0,19.05,9,6
USR_02443,A (Control),0,3.55,3,1
USR_02444,A (Control),0,51.52,5,1
USR_02445,A (Control),0,33.8,6,0
USR_02446,A (Control),0,5.34,4,1
USR_02447,A (Control),0,91.79,6,2
USR_02448,A (Control),1,77.57,3,1
USR_02449,A (Control),0,54.49,3,1
USR_02450,A (Control),0,22.93,6,1
USR_02451,A (Control),0,9.2,2,2
USR_02452,A (Control),0,5.25,4,1
USR_02453,A (Control),1,29.01,4,4
USR_02454,A (Control),1,67.22,2,1
USR_02455,A (Control),0,34.06,5,3
USR_02456,A (Control),0,59.79,5,2
USR_02457,A (Control),0,61.7,8,5
USR_02458,A (Control),0,66.6,8,0
USR_02459,A (Control),1,7.67,5,1
USR_02460,A (Control),0,24.56,4,1
USR_02461,A (Control),0,59.08,9,3
USR_02462,A (Control),0,104.02,3,3
USR_02463,A (Control),0,86.76,5,1
USR_02464,A (Control),1,52.66,3,3
USR_02465,A (Control),1,92.39,3,1
USR_02466,A (Control),0,52.4,3,2
USR_02467,A (Control),0,11.83,9,3
USR_02468,A (Control),0,65.89,9,2
USR_02469,A (Control),0,88.59,6,0
USR_02470,A (Control),0,123.76,5,2
USR_02471,A (Control),0,28.4,7,6
USR_02472,A (Control),0,17.43,4,0
USR_02473,A (Control),0,73.49,8,4
USR_02474,A (Control),0,56.83,3,1
USR_02475,A (Control),0,53.56,5,6
USR_02476,A (Control),0,93.18,9,6
USR_02477,A (Control),0,73.31,8,2
USR_02478,A (Control),0,60.3,3,2
USR_02479,A (Control),0,31.13,5,3
USR_02480,A (Control),0,69.64,5,3
USR_02481,A (Control),0,16.82,4,0
USR_02482,A (Control),0,52.3,3,2
USR_02483,A (Control),0,42.34,5,1
USR_02484,A (Control),0,11.3,2,1
USR_02485,A (Control),0,56.94,3,0
USR_02486,A (Control),0,28.45,3,1
USR_02487,A (Control),0,56.05,6,4
USR_02488,A (Control),0,20.81,4,0
USR_02489,A (Control),1,73.76,4,3
USR_02490,A (Control),0,113.85,6,2
USR_02491,A (Control),0,16.83,5,1
USR_02492,A (Control),0,20.79,4,0
USR_02493,A (Control),0,14.47,4,2
USR_02494,A (Control),0,37.33,3,0
USR_02495,A (Control),0,55.49,7,5
USR_02496,A (Control),0,67.0,5,1
USR_02497,A (Control),0,51.63,5,2
USR_02498,A (Control),0,65.72,3,1
USR_02499,A (Control),0,41.32,7,2
USR_02500,A (Control),0,28.2,1,1
USR_02501,A (Control),0,21.21,2,0
USR_02502,A (Control),0,38.3,6,4
USR_02503,A (Control),0,21.63,6,1
USR_02504,A (Control),0,54.42,5,0
USR_02505,A (Control),0,21.91,4,4
USR_02506,A (Control),0,30.5,4,2
USR_02507,A (Control),0,83.28,4,2
USR_02508,A (Control),0,88.19,5,1
USR_02509,A (Control),0,86.5,6,1
USR_02510,A (Control),0,41.79,3,2
USR_02511,A (Control),0,29.05,4,2
USR_02512,A (Control),0,59.81,3,1
USR_02513,A (Control),0,22.28,3,1
USR_02514,A (Control),0,69.07,3,3
USR_02515,A (Control),0,27.14,3,3
USR_02516,A (Control),0,37.2,5,1
USR_02517,A (Control),0,70.03,5,3
USR_02518,A (Control),0,8.79,4,1
USR_02519,A (Control),0,28.01,3,2
USR_02520,A (Control),0,55.17,6,1
USR_02521,A (Control),1,62.91,6,3
USR_02522,A (Control),0,56.58,3,1
USR_02523,A (Control),0,36.88,6,1
USR_02524,A (Control),0,74.44,3,1
USR_02525,A (Control),0,20.66,1,0
USR_02526,A (Control),0,19.96,5,1
USR_02527,A (Control),0,54.82,4,1
USR_02528,A (Control),0,18.85,8,7
USR_02529,A (Control),0,116.2,4,3
USR_02530,A (Control),0,28.61,5,3
USR_02531,A (Control),0,73.59,2,2
USR_02532,A (Control),0,16.29,5,2
USR_02533,A (Control),0,101.68,4,1
USR_02534,A (Control),0,43.75,4,3
USR_02535,A (Control),0,28.04,7,1
USR_02536,A (Control),0,35.11,2,4
USR_02537,A (Control),0,24.8,5,2
USR_02538,A (Control),0,37.13,6,2
USR_02539,A (Control),0,17.1,1,0
USR_02540,A (Control),1,28.71,3,0
USR_02541,A (Control),1,72.72,3,2
USR_02542,A (Control),0,49.8,4,1
USR_02543,A (Control),0,20.33,3,1
USR_02544,A (Control),1,38.02,5,1
USR_02545,A (Control),0,88.8,6,2
USR_02546,A (Control),0,31.16,2,1
USR_02547,A (Control),0,18.68,2,1
USR_02548,A (Control),0,61.47,4,0
USR_02549,A (Control),0,5.69,3,1
USR_02550,A (Control),0,35.67,5,1
USR_02551,A (Control),1,93.55,4,0
USR_02552,A (Control),0,37.28,4,2
USR_02553,A (Control),0,77.21,4,2
USR_02554,A (Control),0,18.48,3,1
USR_02555,A (Control),0,36.29,4,2
USR_02556,A (Control),0,33.95,5,2
USR_02557,A (Control),0,59.39,2,0
USR_02558,A (Control),0,45.36,8,2
USR_02559,A (Control),0,101.15,4,0
USR_02560,A (Control),0,29.93,2,3
USR_02561,A (Control),0,45.0,5,1
USR_02562,A (Control),0,34.84,4,3
USR_02563,A (Control),0,42.85,6,3
USR_02564,A (Control),0,40.29,6,3
USR_02565,A (Control),0,22.11,2,1
USR_02566,A (Control),0,70.26,4,2
USR_02567,A (Control),0,26.51,5,1
USR_02568,A (Control),0,25.14,4,0
USR_02569,A (Control),0,11.91,3,1
USR_02570,A (Control),0,29.32,6,4
USR_02571,A (Control),0,26.26,5,2
USR_02572,A (Control),0,6.94,7,4
USR_02573,A (Control),0,37.02,8,5
USR_02574,A (Control),1,98.44,5,2
USR_02575,A (Control),0,13.9,4,1
USR_02576,A (Control),0,42.32,4,3
USR_02577,A (Control),0,36.42,4,1
USR_02578,A (Control),0,64.52,7,0
USR_02579,A (Control),0,67.52,5,0
USR_02580,A (Control),0,142.77,1,0
USR_02581,A (Control),0,50.99,4,3
USR_02582,A (Control),0,23.75,3,1
USR_02583,A (Control),0,28.72,9,3
USR_02584,A (Control),0,30.89,6,3
USR_02585,A (Control),0,27.06,7,3
USR_02586,A (Control),0,113.17,4,2
USR_02587,A (Control),0,65.51,3,1
USR_02588,A (Control),0,59.07,3,1
USR_02589,A (Control),0,19.1,2,0
USR_02590,A (Control),0,67.09,11,5
USR_02591,A (Control),0,84.72,3,2
USR_02592,A (Control),1,36.87,7,3
USR_02593,A (Control),0,28.48,6,2
USR_02594,A (Control),0,102.67,8,2
USR_02595,A (Control),0,25.83,4,2
USR_02596,A (Control),1,23.87,2,0
USR_02597,A (Control),1,20.95,7,3
USR_02598,A (Control),0,40.94,9,6
USR_02599,A (Control),0,50.89,3,1
USR_02600,A (Control),0,77.81,3,0
USR_02601,A (Control),0,60.77,8,5
USR_02602,A (Control),0,60.15,3,0
USR_02603,A (Control),0,92.63,6,6
USR_02604,A (Control),0,20.18,3,2
USR_02605,A (Control),0,13.19,5,2
USR_02606,A (Control),0,62.65,2,1
USR_02607,A (Control),0,39.65,3,0
USR_02608,A (Control),0,77.98,3,0
USR_02609,A (Control),0,42.2,3,1
USR_02610,A (Control),0,27.78,3,1
USR_02611,A (Control),0,63.22,4,4
USR_02612,A (Control),0,45.77,4,2
USR_02613,A (Control),0,42.23,4,2
USR_02614,A (Control),0,158.53,3,0
USR_02615,A (Control),0,88.38,6,3
USR_02616,A (Control),0,68.29,1,0
USR_02617,A (Control),0,46.71,5,2
USR_02618,A (Control),0,44.11,4,3
USR_02619,A (Control),0,35.0,5,2
USR_02620,A (Control),0,49.83,3,0
USR_02621,A (Control),0,30.49,5,2
USR_02622,A (Control),0,16.91,4,3
USR_02623,A (Control),0,41.88,6,3
USR_02624,A (Control),0,52.48,6,3
USR_02625,A (Control),0,78.09,8,4
USR_02626,A (Control),0,23.97,3,2
USR_02627,A (Control),0,44.34,3,0
USR_02628,A (Control),0,60.47,4,3
USR_02629,A (Control),0,59.63,4,3
USR_02630,A (Control),0,109.8,6,2
USR_02631,A (Control),0,35.47,3,1
USR_02632,A (Control),0,22.47,4,4
USR_02633,A (Control),0,46.28,2,2
USR_02634,A (Control),0,36.75,4,5
USR_02635,A (Control),1,32.42,2,1
USR_02636,A (Control),0,29.42,4,0
USR_02637,A (Control),0,52.61,4,0
USR_02638,A (Control),0,26.55,6,4
USR_02639,A (Control),0,68.25,6,3
USR_02640,A (Control),0,66.28,5,1
USR_02641,A (Control),0,55.66,4,0
USR_02642,A (Control),0,20.16,10,3
USR_02643,A (Control),0,51.1,7,1
USR_02644,A (Control),0,81.25,5,4
USR_02645,A (Control),0,71.27,5,4
USR_02646,A (Control),0,65.25,4,3
USR_02647,A (Control),1,43.91,8,1
USR_02648,A (Control),0,42.62,3,0
USR_02649,A (Control),0,89.25,4,0
USR_02650,A (Control),0,52.08,6,1
USR_02651,A (Control),0,52.5,2,0
USR_02652,A (Control),0,185.58,9,8
USR_02653,A (Control),0,34.94,2,2
USR_02654,A (Control),0,6.33,6,0
USR_02655,A (Control),0,38.51,7,1
USR_02656,A (Control),0,40.05,5,1
USR_02657,A (Control),0,51.59,3,2
USR_02658,A (Control),0,59.28,7,4
USR_02659,A (Control),0,7.55,6,3
USR_02660,A (Control),0,60.04,5,4
USR_02661,A (Control),0,41.67,7,0
USR_02662,A (Control),0,36.05,9,2
USR_02663,A (Control),0,11.29,4,1
USR_02664,A (Control),0,100.4,3,0
USR_02665,A (Control),0,32.12,5,2
USR_02666,A (Control),0,65.79,4,1
USR_02667,A (Control),0,23.71,12,5
USR_02668,A (Control),0,53.03,8,4
USR_02669,A (Control),0,36.44,3,1
USR_02670,A (Control),0,64.56,3,1
USR_02671,A (Control),0,35.61,4,1
USR_02672,A (Control),0,22.9,4,1
USR_02673,A (Control),0,42.92,7,4
USR_02674,A (Control),0,41.52,4,1
USR_02675,A (Control),0,50.83,6,0
USR_02676,A (Control),0,76.6,5,2
USR_02677,A (Control),0,19.18,5,1
USR_02678,A (Control),1,74.27,3,1
USR_02679,A (Control),0,16.95,3,1
USR_02680,A (Control),0,63.05,6,0
USR_02681,A (Control),0,64.26,3,3
USR_02682,A (Control),0,30.95,6,2
USR_02683,A (Control),0,24.61,4,0
USR_02684,A (Control),0,23.67,2,1
USR_02685,A (Control),1,45.6,5,2
USR_02686,A (Control),0,66.81,3,1
USR_02687,A (Control),0,39.3,4,1
USR_02688,A (Control),0,5.64,4,2
USR_02689,A (Control),0,29.54,6,1
USR_02690,A (Control),0,28.81,5,2
USR_02691,A (Control),0,59.03,2,2
USR_02692,A (Control),0,60.92,4,1
USR_02693,A (Control),1,47.87,6,2
USR_02694,A (Control),0,74.35,4,4
USR_02695,A (Control),0,77.7,6,4
USR_02696,A (Control),0,30.78,2,1
USR_02697,A (Control),0,23.28,4,2
USR_02698,A (Control),0,41.14,6,2
USR_02699,A (Control),0,47.8,3,4
USR_02700,A (Control),0,29.71,3,0
USR_02701,A (Control),1,211.69,4,2
USR_02702,A (Control),0,96.97,5,0
USR_02703,A (Control),0,27.79,5,1
USR_02704,A (Control),0,19.8,8,4
USR_02705,A (Control),0,26.21,1,1
USR_02706,A (Control),0,78.53,2,0
USR_02707,A (Control),0,79.67,4,1
USR_02708,A (Control),0,97.67,5,0
USR_02709,A (Control),0,22.77,8,5
USR_02710,A (Control),0,58.89,9,3
USR_02711,A (Control),0,24.35,4,1
USR_02712,A (Control),0,110.08,3,2
USR_02713,A (Control),0,23.36,5,3
USR_02714,A (Control),0,16.44,6,5
USR_02715,A (Control),0,18.95,4,4
USR_02716,A (Control),0,43.04,4,1
USR_02717,A (Control),0,66.24,3,1
USR_02718,A (Control),0,63.65,7,3
USR_02719,A (Control),0,19.58,3,1
USR_02720,A (Control),0,33.25,5,2
USR_02721,A (Control),0,30.3,3,0
USR_02722,A (Control),0,17.47,6,4
USR_02723,A (Control),0,29.8,9,2
USR_02724,A (Control),0,95.23,4,1
USR_02725,A (Control),0,15.64,2,0
USR_02726,A (Control),0,49.86,4,2
USR_02727,A (Control),0,96.52,6,5
USR_02728,A (Control),0,93.62,4,1
USR_02729,A (Control),0,113.08,3,1
USR_02730,A (Control),0,52.95,2,0
USR_02731,A (Control),0,57.88,1,0
USR_02732,A (Control),1,30.19,4,3
USR_02733,A (Control),0,15.36,5,4
USR_02734,A (Control),0,39.25,4,2
USR_02735,A (Control),0,84.29,5,3
USR_02736,A (Control),0,5.54,3,0
USR_02737,A (Control),0,31.16,4,2
USR_02738,A (Control),0,61.38,6,3
USR_02739,A (Control),0,43.43,2,0
USR_02740,A (Control),1,90.57,2,2
USR_02741,A (Control),0,79.18,2,1
USR_02742,A (Control),0,13.8,4,2
USR_02743,A (Control),0,45.82,5,0
USR_02744,A (Control),0,25.24,8,2
USR_02745,A (Control),0,25.0,3,2
USR_02746,A (Control),0,14.72,4,2
USR_02747,A (Control),0,50.8,2,1
USR_02748,A (Control),0,91.68,1,0
USR_02749,A (Control),0,53.69,1,0
USR_02750,A (Control),0,13.95,5,3
USR_02751,A (Control),0,41.83,2,1
USR_02752,A (Control),0,59.9,5,2
USR_02753,A (Control),0,39.8,3,2
USR_02754,A (Control),0,53.08,5,3
USR_02755,A (Control),0,26.75,3,2
USR_02756,A (Control),0,36.76,2,1
USR_02757,A (Control),0,35.23,4,1
USR_02758,A (Control),0,101.71,3,1
USR_02759,A (Control),0,19.91,5,2
USR_02760,A (Control),0,6.37,6,1
USR_02761,A (Control),0,97.9,4,2
USR_02762,A (Control),0,46.83,2,1
USR_02763,A (Control),0,16.77,6,3
USR_02764,A (Control),0,75.05,8,2
USR_02765,A (Control),0,62.18,4,0
USR_02766,A (Control),0,111.53,7,5
USR_02767,A (Control),0,49.25,3,0
USR_02768,A (Control),1,158.79,4,3
USR_02769,A (Control),0,40.04,3,1
USR_02770,A (Control),0,62.25,6,0
USR_02771,A (Control),0,67.83,4,0
USR_02772,A (Control),1,214.76,3,1
USR_02773,A (Control),0,32.02,6,0
USR_02774,A (Control),0,31.31,5,4
USR_02775,A (Control),0,68.69,2,1
USR_02776,A (Control),0,15.6,5,2
USR_02777,A (Control),0,25.11,8,6
USR_02778,A (Control),0,39.3,5,1
USR_02779,A (Control),0,109.47,6,4
USR_02780,A (Control),1,68.71,3,2
USR_02781,A (Control),1,45.63,4,2
USR_02782,A (Control),0,29.95,7,2
USR_02783,A (Control),0,135.54,5,2
USR_02784,A (Control),0,41.65,4,4
USR_02785,A (Control),0,25.09,4,0
USR_02786,A (Control),0,150.88,5,1
USR_02787,A (Control),0,16.2,2,1
USR_02788,A (Control),0,93.39,5,3
USR_02789,A (Control),0,43.76,6,1
USR_02790,A (Control),0,68.61,3,2
USR_02791,A (Control),0,61.2,4,3
USR_02792,A (Control),0,68.0,3,0
USR_02793,A (Control),1,158.95,2,3
USR_02794,A (Control),0,144.74,8,2
USR_02795,A (Control),0,26.1,5,1
USR_02796,A (Control),0,59.75,6,0
USR_02797,A (Control),0,10.17,4,1
USR_02798,A (Control),0,72.57,4,4
USR_02799,A (Control),0,83.13,2,0
USR_02800,A (Control),0,6.46,3,1
USR_02801,A (Control),0,42.69,7,2
USR_02802,A (Control),1,68.53,5,0
USR_02803,A (Control),0,54.52,3,4
USR_02804,A (Control),0,16.48,4,2
USR_02805,A (Control),0,17.99,5,3
USR_02806,A (Control),0,39.38,5,2
USR_02807,A (Control),0,32.01,3,0
USR_02808,A (Control),0,34.19,5,1
USR_02809,A (Control),0,14.63,4,1
USR_02810,A (Control),0,44.26,7,8
USR_02811,A (Control),1,109.98,3,2
USR_02812,A (Control),0,17.07,5,2
USR_02813,A (Control),0,37.18,6,2
USR_02814,A (Control),0,63.87,3,3
USR_02815,A (Control),0,11.78,4,1
USR_02816,A (Control),0,44.56,2,0
USR_02817,A (Control),0,81.6,6,2
USR_02818,A (Control),0,20.17,4,3
USR_02819,A (Control),1,47.46,3,2
USR_02820,A (Control),1,78.02,5,2
USR_02821,A (Control),0,154.12,5,1
USR_02822,A (Control),0,45.87,1,0
USR_02823,A (Control),0,25.54,7,2
USR_02824,A (Control),0,8.8,4,4
USR_02825,A (Control),0,25.7,5,4
USR_02826,A (Control),0,13.91,5,2
USR_02827,A (Control),0,115.35,4,1
USR_02828,A (Control),0,75.13,3,2
USR_02829,A (Control),0,17.99,5,2
USR_02830,A (Control),0,24.45,5,0
USR_02831,A (Control),0,45.37,3,1
USR_02832,A (Control),0,81.22,4,2
USR_02833,A (Control),0,59.84,5,4
USR_02834,A (Control),0,56.22,5,2
USR_02835,A (Control),0,49.55,3,0
USR_02836,A (Control),0,18.79,6,2
USR_02837,A (Control),0,45.76,3,0
USR_02838,A (Control),0,42.17,4,3
USR_02839,A (Control),0,13.75,3,0
USR_02840,A (Control),0,113.62,4,0
USR_02841,A (Control),0,28.19,5,2
USR_02842,A (Control),0,14.07,4,0
USR_02843,A (Control),0,31.72,4,1
USR_02844,A (Control),0,36.18,5,2
USR_02845,A (Control),0,41.32,5,3
USR_02846,A (Control),1,35.76,6,2
USR_02847,A (Control),0,42.91,4,4
USR_02848,A (Control),0,47.89,6,2
USR_02849,A (Control),0,46.28,6,5
USR_02850,A (Control),0,55.95,4,1
USR_02851,A (Control),0,58.11,4,1
USR_02852,A (Control),0,59.04,5,5
USR_02853,A (Control),1,68.53,4,2
USR_02854,A (Control),0,25.98,6,1
USR_02855,A (Control),0,26.68,2,1
USR_02856,A (Control),0,81.45,5,1
USR_02857,A (Control),0,32.41,4,1
USR_02858,A (Control),1,39.78,7,4
USR_02859,A (Control),0,37.4,4,2
USR_02860,A (Control),0,150.79,3,1
USR_02861,A (Control),0,22.77,3,0
USR_02862,A (Control),0,22.45,7,3
USR_02863,A (Control),0,43.01,4,1
USR_02864,A (Control),0,38.14,4,0
USR_02865,A (Control),0,17.85,3,0
USR_02866,A (Control),0,40.68,4,2
USR_02867,A (Control),0,43.81,4,1
USR_02868,A (Control),0,30.13,4,1
USR_02869,A (Control),0,39.05,2,2
USR_02870,A (Control),0,24.47,6,4
USR_02871,A (Control),0,17.89,11,4
USR_02872,A (Control),0,32.24,2,0
USR_02873,A (Control),0,20.14,5,2
USR_02874,A (Control),0,15.2,6,3
USR_02875,A (Control),0,8.47,7,0
USR_02876,A (Control),0,50.09,6,3
USR_02877,A (Control),0,31.48,3,2
USR_02878,A (Control),0,81.75,4,3
USR_02879,A (Control),0,33.35,3,0
USR_02880,A (Control),0,49.94,5,1
USR_02881,A (Control),0,27.19,2,0
USR_02882,A (Control),0,42.13,2,2
USR_02883,A (Control),0,8.54,1,0
USR_02884,A (Control),0,31.9,5,3
USR_02885,A (Control),0,22.89,5,5
USR_02886,A (Control),0,76.7,3,3
USR_02887,A (Control),0,47.88,3,1
USR_02888,A (Control),0,70.21,2,2
USR_02889,A (Control),0,87.23,2,1
USR_02890,A (Control),0,30.08,4,3
USR_02891,A (Control),0,46.57,2,0
USR_02892,A (Control),0,18.71,5,3
USR_02893,A (Control),0,54.83,4,2
USR_02894,A (Control),0,59.94,4,2
USR_02895,A (Control),0,52.48,3,2
USR_02896,A (Control),0,30.06,2,0
USR_02897,A (Control),0,119.97,5,0
USR_02898,A (Control),0,43.73,5,2
USR_02899,A (Control),0,18.79,2,0
USR_02900,A (Control),0,63.51,3,0
USR_02901,A (Control),0,78.09,5,7
USR_02902,A (Control),0,19.09,5,1
USR_02903,A (Control),0,36.2,2,0
USR_02904,A (Control),0,13.83,8,2
USR_02905,A (Control),0,89.25,9,3
USR_02906,A (Control),0,40.4,2,2
USR_02907,A (Control),0,22.96,6,1
USR_02908,A (Control),0,78.71,7,3
USR_02909,A (Control),0,42.94,6,2
USR_02910,A (Control),0,72.21,5,3
USR_02911,A (Control),0,57.05,3,1
USR_02912,A (Control),0,20.67,5,3
USR_02913,A (Control),0,29.33,4,3
USR_02914,A (Control),0,23.44,5,4
USR_02915,A (Control),0,17.79,6,7
USR_02916,A (Control),0,10.92,3,1
USR_02917,A (Control),1,134.31,2,1
USR_02918,A (Control),0,51.86,8,1
USR_02919,A (Control),0,56.82,7,1
USR_02920,A (Control),0,84.09,6,2
USR_02921,A (Control),0,29.12,5,3
USR_02922,A (Control),0,14.7,4,1
USR_02923,A (Control),0,68.34,5,1
USR_02924,A (Control),0,16.74,1,1
USR_02925,A (Control),0,67.34,3,0
USR_02926,A (Control),0,12.86,5,2
USR_02927,A (Control),0,15.78,2,1
USR_02928,A (Control),0,27.07,6,5
USR_02929,A (Control),0,65.78,7,2
USR_02930,A (Control),0,110.59,6,1
USR_02931,A (Control),0,56.76,4,0
USR_02932,A (Control),0,27.85,4,1
USR_02933,A (Control),0,76.04,5,1
USR_02934,A (Control),0,12.53,3,2
USR_02935,A (Control),0,21.53,5,2
USR_02936,A (Control),0,45.72,5,3
USR_02937,A (Control),0,69.73,4,2
USR_02938,A (Control),0,37.48,4,1
USR_02939,A (Control),0,34.76,5,4
USR_02940,A (Control),0,36.19,4,3
USR_02941,A (Control),0,83.63,7,1
USR_02942,A (Control),0,24.61,4,1
USR_02943,A (Control),0,20.43,4,1
USR_02944,A (Control),0,35.8,6,3
USR_02945,A (Control),0,90.75,10,3
USR_02946,A (Control),0,26.73,6,3
USR_02947,A (Control),0,36.11,2,0
USR_02948,A (Control),0,12.35,3,0
USR_02949,A (Control),0,37.16,6,0
USR_02950,A (Control),0,50.24,4,5
USR_02951,A (Control),0,16.76,2,0
USR_02952,A (Control),0,83.73,4,3
USR_02953,A (Control),0,49.82,8,5
USR_02954,A (Control),0,29.81,2,0
USR_02955,A (Control),0,50.07,5,2
USR_02956,A (Control),1,58.9,4,3
USR_02957,A (Control),0,9.57,4,2
USR_02958,A (Control),0,51.32,6,2
USR_02959,A (Control),0,88.81,5,4
USR_02960,A (Control),0,24.35,8,2
USR_02961,A (Control),0,30.26,6,1
USR_02962,A (Control),0,33.89,4,0
USR_02963,A (Control),0,70.22,7,4
USR_02964,A (Control),0,19.12,4,0
USR_02965,A (Control),0,57.19,5,3
USR_02966,A (Control),0,34.34,3,1
USR_02967,A (Control),0,113.71,3,1
USR_02968,A (Control),0,35.74,4,3
USR_02969,A (Control),0,5.47,4,3
USR_02970,A (Control),0,64.03,4,1
USR_02971,A (Control),0,55.35,5,2
USR_02972,A (Control),1,48.46,3,2
USR_02973,A (Control),1,87.35,6,3
USR_02974,A (Control),0,10.86,3,1
USR_02975,A (Control),0,21.78,5,3
USR_02976,A (Control),0,41.99,4,3
USR_02977,A (Control),0,46.78,6,4
USR_02978,A (Control),0,37.97,3,0
USR_02979,A (Control),0,12.51,5,1
USR_02980,A (Control),0,30.48,2,0
USR_02981,A (Control),0,108.96,3,2
USR_02982,A (Control),0,18.41,4,0
USR_02983,A (Control),0,41.37,4,0
USR_02984,A (Control),1,57.32,5,4
USR_02985,A (Control),0,68.96,4,0
USR_02986,A (Control),0,63.84,5,0
USR_02987,A (Control),0,28.91,2,2
USR_02988,A (Control),1,21.71,2,0
USR_02989,A (Control),0,114.25,7,5
USR_02990,A (Control),0,73.16,5,1
USR_02991,A (Control),0,44.02,2,0
USR_02992,A (Control),1,96.52,4,0
USR_02993,A (Control),0,12.32,7,5
USR_02994,A (Control),0,14.78,5,3
USR_02995,A (Control),0,5.64,1,0
USR_02996,A (Control),0,46.43,4,2
USR_02997,A (Control),0,47.88,5,0
USR_02998,A (Control),0,13.65,4,2
USR_02999,A (Control),0,71.54,3,0
USR_03000,A (Control),0,8.08,5,3
USR_03001,A (Control),0,53.17,2,1
USR_03002,A (Control),0,61.05,3,3
USR_03003,A (Control),0,46.07,9,4
USR_03004,A (Control),0,12.08,2,1
USR_03005,A (Control),1,86.78,2,1
USR_03006,A (Control),1,29.61,5,3
USR_03007,A (Control),0,29.67,5,0
USR_03008,A (Control),0,25.62,4,2
USR_03009,A (Control),0,65.21,4,2
USR_03010,A (Control),0,28.62,3,1
USR_03011,A (Control),0,17.07,2,0
USR_03012,A (Control),0,76.71,3,0
USR_03013,A (Control),0,40.71,7,4
USR_03014,A (Control),0,78.35,7,1
USR_03015,A (Control),0,42.74,4,0
USR_03016,A (Control),0,24.36,4,1
USR_03017,A (Control),0,9.28,6,1
USR_03018,A (Control),0,46.56,6,0
USR_03019,A (Control),0,33.95,3,2
USR_03020,A (Control),0,66.9,4,1
USR_03021,A (Control),1,27.68,4,2
USR_03022,A (Control),0,54.2,6,4
USR_03023,A (Control),0,41.59,3,4
USR_03024,A (Control),0,22.81,5,3
USR_03025,A (Control),0,29.28,3,3
USR_03026,A (Control),1,14.51,3,1
USR_03027,A (Control),0,119.01,6,4
USR_03028,A (Control),0,53.45,2,2
USR_03029,A (Control),0,13.71,4,0
USR_03030,A (Control),0,115.38,7,2
USR_03031,A (Control),0,18.21,6,3
USR_03032,A (Control),0,27.34,3,1
USR_03033,A (Control),0,35.67,4,0
USR_03034,A (Control),0,42.27,2,1
USR_03035,A (Control),0,65.8,8,2
USR_03036,A (Control),0,7.39,4,1
USR_03037,A (Control),0,42.71,7,5
USR_03038,A (Control),0,34.41,5,1
USR_03039,A (Control),0,47.11,5,4
USR_03040,A (Control),0,33.24,6,2
USR_03041,A (Control),0,30.21,5,4
USR_03042,A (Control),0,38.52,4,3
USR_03043,A (Control),0,111.58,3,1
USR_03044,A (Control),0,30.63,7,5
USR_03045,A (Control),0,84.41,5,2
USR_03046,A (Control),0,45.82,4,1
USR_03047,A (Control),1,44.43,5,2
USR_03048,A (Control),0,47.4,9,1
USR_03049,A (Control),0,57.21,2,1
USR_03050,A (Control),0,32.32,2,0
USR_03051,A (Control),0,80.9,2,0
USR_03052,A (Control),0,57.3,7,4
USR_03053,A (Control),0,15.58,3,1
USR_03054,A (Control),0,5.52,5,2
USR_03055,A (Control),0,109.54,5,2
USR_03056,A (Control),0,48.39,3,1
USR_03057,A (Control),0,14.05,4,1
USR_03058,A (Control),0,30.6,5,4
USR_03059,A (Control),0,73.14,4,2
USR_03060,A (Control),0,36.99,5,1
USR_03061,A (Control),0,39.29,5,0
USR_03062,A (Control),0,64.94,3,1
USR_03063,A (Control),0,51.41,2,1
USR_03064,A (Control),0,59.95,5,4
USR_03065,A (Control),0,64.52,3,0
USR_03066,A (Control),0,24.87,5,4
USR_03067,A (Control),0,26.63,6,3
USR_03068,A (Control),0,22.7,5,2
USR_03069,A (Control),0,27.71,3,2
USR_03070,A (Control),0,38.27,5,3
USR_03071,A (Control),0,40.17,4,2
USR_03072,A (Control),0,94.74,6,1
USR_03073,A (Control),0,49.83,4,0
USR_03074,A (Control),0,38.78,5,2
USR_03075,A (Control),0,19.09,4,1
USR_03076,A (Control),0,33.73,3,1
USR_03077,A (Control),0,114.51,2,1
USR_03078,A (Control),0,113.43,3,1
USR_03079,A (Control),0,33.45,3,1
USR_03080,A (Control),0,10.41,3,1
USR_03081,A (Control),0,30.4,7,1
USR_03082,A (Control),0,95.37,4,2
USR_03083,A (Control),0,38.45,4,1
USR_03084,A (Control),0,64.99,5,1
USR_03085,A (Control),0,41.49,2,0
USR_03086,A (Control),0,13.12,5,1
USR_03087,A (Control),0,42.48,2,1
USR_03088,A (Control),0,70.39,2,1
USR_03089,A (Control),0,27.43,5,1
USR_03090,A (Control),0,69.25,4,2
USR_03091,A (Control),0,44.27,6,2
USR_03092,A (Control),0,66.99,3,1
USR_03093,A (Control),0,51.88,2,2
USR_03094,A (Control),0,20.09,4,1
USR_03095,A (Control),0,33.97,4,1
USR_03096,A (Control),0,33.22,4,2
USR_03097,A (Control),0,26.49,10,7
USR_03098,A (Control),0,49.28,2,1
USR_03099,A (Control),1,126.8,3,0
USR_03100,A (Control),0,80.97,7,5
USR_03101,A (Control),0,87.59,5,2
USR_03102,A (Control),0,25.32,4,1
USR_03103,A (Control),0,88.47,3,1
USR_03104,A (Control),0,106.34,3,0
USR_03105,A (Control),0,24.71,5,3
USR_03106,A (Control),0,55.6,3,1
USR_03107,A (Control),0,56.54,3,3
USR_03108,A (Control),0,35.69,6,1
USR_03109,A (Control),0,46.76,5,2
USR_03110,A (Control),0,58.3,3,1
USR_03111,A (Control),0,37.34,8,5
USR_03112,A (Control),0,78.64,6,0
USR_03113,A (Control),0,15.65,7,4
USR_03114,A (Control),0,33.12,3,1
USR_03115,A (Control),0,65.79,7,3
USR_03116,A (Control),0,118.92,4,3
USR_03117,A (Control),0,81.66,7,3
USR_03118,A (Control),0,46.13,4,2
USR_03119,A (Control),0,38.56,3,1
USR_03120,A (Control),0,34.43,2,0
USR_03121,A (Control),0,34.57,3,0
USR_03122,A (Control),0,9.22,5,1
USR_03123,A (Control),0,116.02,4,2
USR_03124,A (Control),0,40.53,5,0
USR_03125,A (Control),0,23.58,8,4
USR_03126,A (Control),0,55.05,7,1
USR_03127,A (Control),0,24.99,5,2
USR_03128,A (Control),1,74.1,6,1
USR_03129,A (Control),0,24.14,5,1
USR_03130,A (Control),0,67.66,3,1
USR_03131,A (Control),0,34.08,3,3
USR_03132,A (Control),0,50.52,4,1
USR_03133,A (Control),0,70.85,2,0
USR_03134,A (Control),0,28.86,6,4
USR_03135,A (Control),0,69.8,4,1
USR_03136,A (Control),0,9.61,8,4
USR_03137,A (Control),0,101.46,4,3
USR_03138,A (Control),0,77.26,3,2
USR_03139,A (Control),1,39.59,8,5
USR_03140,A (Control),0,85.76,8,3
USR_03141,A (Control),0,80.4,3,2
USR_03142,A (Control),0,42.04,4,4
USR_03143,A (Control),0,41.74,6,4
USR_03144,A (Control),1,21.46,7,3
USR_03145,A (Control),0,43.55,2,0
USR_03146,A (Control),0,12.75,3,4
USR_03147,A (Control),0,67.14,5,1
USR_03148,A (Control),1,68.04,5,1
USR_03149,A (Control),0,9.75,5,1
USR_03150,A (Control),1,95.66,2,0
USR_03151,A (Control),0,27.07,2,1
USR_03152,A (Control),0,191.0,6,1
USR_03153,A (Control),0,48.84,5,1
USR_03154,A (Control),0,96.22,4,0
USR_03155,A (Control),0,20.93,6,2
USR_03156,A (Control),0,34.03,4,2
USR_03157,A (Control),0,28.76,3,1
USR_03158,A (Control),0,12.55,6,3
USR_03159,A (Control),0,15.7,8,4
USR_03160,A (Control),0,38.57,2,0
USR_03161,A (Control),0,53.85,6,3
USR_03162,A (Control),0,19.24,9,4
USR_03163,A (Control),0,32.59,5,0
USR_03164,A (Control),0,24.89,3,1
USR_03165,A (Control),0,40.32,2,0
USR_03166,A (Control),1,63.99,4,1
USR_03167,A (Control),0,45.07,1,0
USR_03168,A (Control),0,27.88,5,0
USR_03169,A (Control),0,78.78,6,1
USR_03170,A (Control),0,52.74,5,0
USR_03171,A (Control),0,45.95,3,0
USR_03172,A (Control),0,19.43,4,0
USR_03173,A (Control),0,73.76,3,1
USR_03174,A (Control),0,56.14,3,0
USR_03175,A (Control),0,57.99,3,2
USR_03176,A (Control),0,36.08,5,4
USR_03177,A (Control),0,31.77,8,4
USR_03178,A (Control),0,116.37,7,1
USR_03179,A (Control),0,31.44,4,3
USR_03180,A (Control),0,16.51,6,2
USR_03181,A (Control),0,47.46,9,2
USR_03182,A (Control),0,41.81,6,3
USR_03183,A (Control),0,80.96,6,2
USR_03184,A (Control),0,37.97,9,3
USR_03185,A (Control),0,62.72,6,3
USR_03186,A (Control),0,99.61,3,0
USR_03187,A (Control),0,54.08,3,0
USR_03188,A (Control),0,20.19,2,3
USR_03189,A (Control),1,55.05,5,3
USR_03190,A (Control),0,32.99,2,0
USR_03191,A (Control),0,49.57,7,3
USR_03192,A (Control),0,42.01,6,1
USR_03193,A (Control),0,16.23,1,1
USR_03194,A (Control),0,37.82,6,2
USR_03195,A (Control),0,19.32,6,4
USR_03196,A (Control),0,29.79,4,4
USR_03197,A (Control),0,73.62,8,7
USR_03198,A (Control),0,44.21,3,0
USR_03199,A (Control),0,60.39,9,7
USR_03200,A (Control),0,46.57,4,1
USR_03201,A (Control),0,34.61,5,1
USR_03202,A (Control),0,49.66,4,0
USR_03203,A (Control),0,10.96,9,4
USR_03204,A (Control),0,67.28,8,4
USR_03205,A (Control),0,23.09,1,1
USR_03206,A (Control),0,58.05,5,4
USR_03207,A (Control),0,33.68,2,0
USR_03208,A (Control),0,16.23,4,1
USR_03209,A (Control),0,26.14,7,3
USR_03210,A (Control),0,58.24,4,2
USR_03211,A (Control),0,139.1,6,2
USR_03212,A (Control),0,40.26,6,5
USR_03213,A (Control),0,129.35,6,0
USR_03214,A (Control),0,10.93,3,2
USR_03215,A (Control),0,35.48,3,0
USR_03216,A (Control),0,40.28,5,2
USR_03217,A (Control),0,60.15,6,4
USR_03218,A (Control),0,26.89,7,2
USR_03219,A (Control),0,52.62,2,2
USR_03220,A (Control),0,36.69,4,1
USR_03221,A (Control),0,88.05,4,2
USR_03222,A (Control),0,47.48,3,2
USR_03223,A (Control),0,181.56,5,1
USR_03224,A (Control),0,36.89,2,2
USR_03225,A (Control),0,84.6,6,1
USR_03226,A (Control),0,101.15,5,2
USR_03227,A (Control),0,3.91,8,6
USR_03228,A (Control),0,66.76,4,0
USR_03229,A (Control),0,35.98,2,1
USR_03230,A (Control),0,18.1,10,3
USR_03231,A (Control),0,88.98,8,2
USR_03232,A (Control),0,28.03,3,0
USR_03233,A (Control),0,10.37,6,4
USR_03234,A (Control),0,48.23,4,1
USR_03235,A (Control),0,97.07,5,1
USR_03236,A (Control),0,18.29,4,3
USR_03237,A (Control),1,72.26,2,0
USR_03238,A (Control),1,7.97,7,4
USR_03239,A (Control),0,101.28,5,2
USR_03240,A (Control),0,54.76,4,2
USR_03241,A (Control),0,16.79,2,0
USR_03242,A (Control),0,68.21,2,1
USR_03243,A (Control),0,29.18,3,3
USR_03244,A (Control),0,21.47,3,0
USR_03245,A (Control),0,28.73,6,2
USR_03246,A (Control),0,63.98,3,3
USR_03247,A (Control),0,20.44,7,2
USR_03248,A (Control),0,5.3,4,0
USR_03249,A (Control),0,29.8,2,0
USR_03250,A (Control),0,91.21,4,1
USR_03251,A (Control),0,90.47,11,4
USR_03252,A (Control),0,28.7,5,1
USR_03253,A (Control),0,27.97,5,1
USR_03254,A (Control),0,26.72,3,2
USR_03255,A (Control),0,25.87,7,4
USR_03256,A (Control),1,27.19,5,1
USR_03257,A (Control),0,49.76,3,1
USR_03258,A (Control),1,92.56,4,4
USR_03259,A (Control),0,20.41,4,4
USR_03260,A (Control),0,23.45,5,5
USR_03261,A (Control),0,53.5,5,4
USR_03262,A (Control),0,66.29,6,3
USR_03263,A (Control),0,12.75,2,0
USR_03264,A (Control),0,113.56,4,4
USR_03265,A (Control),0,33.81,4,2
USR_03266,A (Control),0,13.82,5,3
USR_03267,A (Control),0,12.22,5,3
USR_03268,A (Control),0,11.58,5,2
USR_03269,A (Control),0,83.61,2,1
USR_03270,A (Control),0,44.45,1,0
USR_03271,A (Control),0,84.08,4,0
USR_03272,A (Control),0,39.01,6,2
USR_03273,A (Control),0,82.64,5,2
USR_03274,A (Control),0,38.35,6,4
USR_03275,A (Control),0,59.99,2,0
USR_03276,A (Control),0,40.83,9,6
USR_03277,A (Control),0,36.78,5,1
USR_03278,A (Control),0,21.99,9,7
USR_03279,A (Control),0,65.26,2,0
USR_03280,A (Control),0,18.36,8,3
USR_03281,A (Control),0,65.2,5,1
USR_03282,A (Control),0,45.79,4,1
USR_03283,A (Control),0,66.29,1,0
USR_03284,A (Control),0,48.43,4,2
USR_03285,A (Control),0,88.23,2,0
USR_03286,A (Control),0,56.32,7,6
USR_03287,A (Control),0,46.43,5,3
USR_03288,A (Control),0,4.67,6,2
USR_03289,A (Control),1,90.42,6,3
USR_03290,A (Control),0,11.47,3,0
USR_03291,A (Control),0,14.92,4,2
USR_03292,A (Control),0,70.24,5,2
USR_03293,A (Control),0,43.37,3,0
USR_03294,A (Control),0,11.91,4,2
USR_03295,A (Control),0,27.94,3,1
USR_03296,A (Control),0,87.52,4,1
USR_03297,A (Control),0,47.48,6,3
USR_03298,A (Control),0,44.08,4,1
USR_03299,A (Control),0,25.48,2,0
USR_03300,A (Control),0,71.8,5,1
USR_03301,A (Control),0,39.81,6,3
USR_03302,A (Control),0,63.6,3,0
USR_03303,A (Control),0,23.54,5,3
USR_03304,A (Control),0,139.56,4,2
USR_03305,A (Control),0,97.37,7,4
USR_03306,A (Control),0,47.15,1,0
USR_03307,A (Control),0,54.06,3,0
USR_03308,A (Control),0,28.13,4,3
USR_03309,A (Control),0,66.82,4,0
USR_03310,A (Control),0,5.83,3,0
USR_03311,A (Control),1,112.5,4,1
USR_03312,A (Control),0,64.39,5,1
USR_03313,A (Control),0,20.09,5,1
USR_03314,A (Control),0,110.84,6,4
USR_03315,A (Control),0,132.37,5,0
USR_03316,A (Control),0,55.96,5,3
USR_03317,A (Control),0,23.85,3,1
USR_03318,A (Control),1,44.55,9,5
USR_03319,A (Control),0,61.17,3,2
USR_03320,A (Control),0,52.99,5,0
USR_03321,A (Control),0,20.09,3,2
USR_03322,A (Control),0,60.47,3,1
USR_03323,A (Control),0,86.89,4,3
USR_03324,A (Control),0,16.47,4,3
USR_03325,A (Control),0,18.11,3,0
USR_03326,A (Control),0,27.29,5,2
USR_03327,A (Control),0,37.33,4,2
USR_03328,A (Control),0,72.95,4,2
USR_03329,A (Control),0,86.31,6,1
USR_03330,A (Control),0,23.07,1,0
USR_03331,A (Control),0,49.48,3,2
USR_03332,A (Control),0,84.19,6,0
USR_03333,A (Control),0,144.31,8,2
USR_03334,A (Control),0,49.31,3,0
USR_03335,A (Control),0,51.1,2,0
USR_03336,A (Control),0,56.18,5,3
USR_03337,A (Control),0,34.64,5,2
USR_03338,A (Control),0,46.86,2,1
USR_03339,A (Control),0,7.4,2,1
USR_03340,A (Control),0,28.25,2,2
USR_03341,A (Control),0,59.87,4,0
USR_03342,A (Control),0,22.04,4,0
USR_03343,A (Control),0,74.01,6,2
USR_03344,A (Control),0,10.14,8,5
USR_03345,A (Control),0,72.24,5,2
USR_03346,A (Control),1,72.12,3,0
USR_03347,A (Control),0,145.86,3,0
USR_03348,A (Control),0,33.67,3,3
USR_03349,A (Control),0,43.39,5,1
USR_03350,A (Control),0,105.94,5,1
USR_03351,A (Control),0,97.84,5,3
USR_03352,A (Control),0,80.83,6,4
USR_03353,A (Control),0,54.17,5,2
USR_03354,A (Control),0,104.21,5,3
USR_03355,A (Control),0,176.93,5,2
USR_03356,A (Control),0,63.43,5,3
USR_03357,A (Control),0,44.8,5,2
USR_03358,A (Control),0,68.27,4,3
USR_03359,A (Control),0,48.85,7,2
USR_03360,A (Control),0,35.78,4,2
USR_03361,A (Control),0,74.2,3,2
USR_03362,A (Control),0,30.28,1,1
USR_03363,A (Control),0,62.62,6,3
USR_03364,A (Control),0,12.37,3,1
USR_03365,A (Control),0,115.53,5,0
USR_03366,A (Control),0,24.37,3,2
USR_03367,A (Control),0,14.69,4,3
USR_03368,A (Control),0,95.8,7,2
USR_03369,A (Control),0,106.78,9,2
USR_03370,A (Control),0,53.46,6,3
USR_03371,A (Control),0,40.59,3,0
USR_03372,A (Control),0,34.25,1,0
USR_03373,A (Control),0,51.59,4,1
USR_03374,A (Control),0,42.16,4,2
USR_03375,A (Control),0,38.72,6,4
USR_03376,A (Control),0,22.41,3,0
USR_03377,A (Control),0,17.64,3,3
USR_03378,A (Control),0,45.96,3,1
USR_03379,A (Control),0,50.56,8,6
USR_03380,A (Control),0,25.45,6,1
USR_03381,A (Control),0,28.23,7,2
USR_03382,A (Control),0,50.48,3,1
USR_03383,A (Control),0,21.96,3,1
USR_03384,A (Control),0,82.76,7,5
USR_03385,A (Control),0,61.04,6,4
USR_03386,A (Control),0,25.27,2,1
USR_03387,A (Control),0,59.08,2,0
USR_03388,A (Control),1,22.38,4,1
USR_03389,A (Control),1,72.33,4,1
USR_03390,A (Control),0,23.07,2,1
USR_03391,A (Control),0,40.05,5,1
USR_03392,A (Control),0,47.83,5,5
USR_03393,A (Control),0,105.8,5,1
USR_03394,A (Control),0,24.23,6,1
USR_03395,A (Control),1,23.47,3,3
USR_03396,A (Control),1,13.06,8,4
USR_03397,A (Control),0,124.9,2,1
USR_03398,A (Control),0,44.37,6,4
USR_03399,A (Control),0,83.99,6,5
USR_03400,A (Control),0,28.6,3,2
USR_03401,A (Control),0,30.58,4,3
USR_03402,A (Control),0,42.0,2,0
USR_03403,A (Control),0,42.85,4,1
USR_03404,A (Control),0,66.72,2,1
USR_03405,A (Control),0,45.23,8,3
USR_03406,A (Control),0,33.28,7,3
USR_03407,A (Control),0,126.32,6,5
USR_03408,A (Control),0,22.18,6,1
USR_03409,A (Control),0,24.33,5,2
USR_03410,A (Control),0,22.42,5,2
USR_03411,A (Control),0,68.36,3,1
USR_03412,A (Control),0,57.92,4,1
USR_03413,A (Control),0,38.83,4,2
USR_03414,A (Control),0,21.54,5,4
USR_03415,A (Control),0,47.69,7,3
USR_03416,A (Control),0,74.39,7,3
USR_03417,A (Control),0,108.44,2,1
USR_03418,A (Control),0,27.7,3,5
USR_03419,A (Control),0,38.74,2,0
USR_03420,A (Control),0,57.56,2,1
USR_03421,A (Control),0,33.04,7,3
USR_03422,A (Control),0,14.93,10,4
USR_03423,A (Control),0,38.87,5,0
USR_03424,A (Control),0,16.58,6,5
USR_03425,A (Control),0,78.37,3,0
USR_03426,A (Control),0,34.95,3,1
USR_03427,A (Control),0,41.56,3,1
USR_03428,A (Control),0,24.82,3,2
USR_03429,A (Control),0,42.66,2,1
USR_03430,A (Control),0,92.92,4,0
USR_03431,A (Control),0,83.67,5,1
USR_03432,A (Control),0,18.74,3,1
USR_03433,A (Control),0,2.49,3,2
USR_03434,A (Control),0,39.08,3,3
USR_03435,A (Control),0,35.12,6,2
USR_03436,A (Control),0,33.62,2,1
USR_03437,A (Control),0,29.02,3,1
USR_03438,A (Control),0,18.39,1,0
USR_03439,A (Control),1,151.88,2,1
USR_03440,A (Control),0,124.84,2,1
USR_03441,A (Control),0,32.61,2,0
USR_03442,A (Control),0,47.25,4,3
USR_03443,A (Control),0,79.23,5,3
USR_03444,A (Control),0,47.15,6,8
USR_03445,A (Control),0,30.76,3,1
USR_03446,A (Control),0,15.16,4,0
USR_03447,A (Control),0,43.69,5,2
USR_03448,A (Control),0,16.79,2,1
USR_03449,A (Control),1,89.1,6,5
USR_03450,A (Control),0,42.39,8,0
USR_03451,A (Control),1,60.54,4,3
USR_03452,A (Control),0,34.38,5,2
USR_03453,A (Control),0,72.62,4,1
USR_03454,A (Control),0,27.27,5,1
USR_03455,A (Control),0,52.48,6,4
USR_03456,A (Control),0,33.49,5,1
USR_03457,A (Control),0,37.13,8,4
USR_03458,A (Control),0,78.59,4,1
USR_03459,A (Control),0,24.67,7,2
USR_03460,A (Control),1,54.83,7,4
USR_03461,A (Control),0,95.59,7,2
USR_03462,A (Control),0,76.84,7,4
USR_03463,A (Control),0,27.85,4,1
USR_03464,A (Control),0,59.7,4,0
USR_03465,A (Control),0,10.15,3,2
USR_03466,A (Control),0,80.24,3,3
USR_03467,A (Control),0,176.62,5,0
USR_03468,A (Control),1,52.84,5,2
USR_03469,A (Control),0,98.47,5,0
USR_03470,A (Control),0,14.57,3,2
USR_03471,A (Control),0,20.0,3,4
USR_03472,A (Control),0,34.29,6,2
USR_03473,A (Control),1,38.85,2,0
USR_03474,A (Control),0,53.06,2,2
USR_03475,A (Control),0,27.95,2,1
USR_03476,A (Control),0,47.58,3,1
USR_03477,A (Control),0,78.5,6,1
USR_03478,A (Control),0,59.56,3,1
USR_03479,A (Control),0,33.52,3,1
USR_03480,A (Control),0,69.05,2,0
USR_03481,A (Control),0,32.51,3,0
USR_03482,A (Control),0,45.87,4,1
USR_03483,A (Control),0,76.03,5,2
USR_03484,A (Control),0,38.15,4,0
USR_03485,A (Control),0,16.59,1,0
USR_03486,A (Control),0,45.03,2,0
USR_03487,A (Control),0,76.45,3,3
USR_03488,A (Control),0,80.78,7,1
USR_03489,A (Control),0,19.36,6,4
USR_03490,A (Control),0,67.33,3,1
USR_03491,A (Control),0,36.61,3,2
USR_03492,A (Control),1,102.45,4,3
USR_03493,A (Control),0,16.88,4,1
USR_03494,A (Control),0,66.54,3,2
USR_03495,A (Control),0,33.91,6,3
USR_03496,A (Control),0,28.27,5,6
USR_03497,A (Control),0,78.13,2,0
USR_03498,A (Control),1,85.73,4,1
USR_03499,A (Control),0,7.57,7,7
USR_03500,A (Control),0,78.99,8,2
USR_03501,A (Control),0,41.35,7,6
USR_03502,A (Control),0,44.19,3,2
USR_03503,A (Control),0,16.13,6,2
USR_03504,A (Control),0,63.8,3,0
USR_03505,A (Control),0,154.12,2,0
USR_03506,A (Control),0,29.55,8,1
USR_03507,A (Control),0,90.73,4,1
USR_03508,A (Control),0,43.11,4,4
USR_03509,A (Control),0,30.41,3,1
USR_03510,A (Control),0,13.63,6,2
USR_03511,A (Control),0,98.59,4,1
USR_03512,A (Control),0,46.69,5,2
USR_03513,A (Control),0,31.55,6,2
USR_03514,A (Control),0,35.38,5,3
USR_03515,A (Control),0,67.02,4,1
USR_03516,A (Control),0,31.51,2,2
USR_03517,A (Control),0,21.39,5,3
USR_03518,A (Control),0,40.07,5,1
USR_03519,A (Control),1,39.24,4,0
USR_03520,A (Control),0,38.65,6,0
USR_03521,A (Control),0,31.81,6,2
USR_03522,A (Control),0,92.64,7,1
USR_03523,A (Control),0,187.51,4,1
USR_03524,A (Control),0,19.4,5,1
USR_03525,A (Control),0,6.44,4,1
USR_03526,A (Control),0,36.77,6,1
USR_03527,A (Control),0,7.26,4,2
USR_03528,A (Control),0,12.49,5,5
USR_03529,A (Control),0,29.93,5,2
USR_03530,A (Control),0,66.72,9,4
USR_03531,A (Control),0,36.48,5,3
USR_03532,A (Control),0,4.76,6,0
USR_03533,A (Control),0,36.15,7,2
USR_03534,A (Control),0,38.03,2,3
USR_03535,A (Control),0,38.47,5,3
USR_03536,A (Control),0,84.38,5,0
USR_03537,A (Control),0,75.88,6,2
USR_03538,A (Control),0,45.5,4,1
USR_03539,A (Control),1,136.53,2,2
USR_03540,A (Control),0,29.87,2,1
USR_03541,A (Control),0,39.71,4,0
USR_03542,A (Control),0,42.62,6,2
USR_03543,A (Control),0,13.5,2,0
USR_03544,A (Control),0,43.22,2,0
USR_03545,A (Control),0,11.35,6,1
USR_03546,A (Control),0,26.56,6,2
USR_03547,A (Control),0,46.86,2,1
USR_03548,A (Control),0,15.44,3,2
USR_03549,A (Control),0,53.8,5,3
USR_03550,A (Control),0,23.52,1,1
USR_03551,A (Control),0,33.43,6,4
USR_03552,A (Control),0,59.94,4,1
USR_03553,A (Control),0,40.96,3,0
USR_03554,A (Control),0,53.0,8,1
USR_03555,A (Control),0,57.6,4,0
USR_03556,A (Control),0,40.5,5,1
USR_03557,A (Control),0,54.98,5,4
USR_03558,A (Control),0,26.24,5,1
USR_03559,A (Control),0,59.47,4,0
USR_03560,A (Control),0,36.93,4,1
USR_03561,A (Control),0,94.1,6,1
USR_03562,A (Control),0,47.51,6,1
USR_03563,A (Control),0,29.06,2,0
USR_03564,A (Control),0,60.14,4,3
USR_03565,A (Control),0,96.61,6,0
USR_03566,A (Control),0,31.0,7,1
USR_03567,A (Control),0,27.34,5,3
USR_03568,A (Control),0,2.92,7,2
USR_03569,A (Control),0,47.44,7,2
USR_03570,A (Control),0,34.42,4,0
USR_03571,A (Control),0,59.98,4,3
USR_03572,A (Control),1,60.8,8,4
USR_03573,A (Control),0,14.03,3,0
USR_03574,A (Control),0,75.67,3,3
USR_03575,A (Control),0,24.47,5,2
USR_03576,A (Control),0,31.12,4,3
USR_03577,A (Control),0,54.0,3,2
USR_03578,A (Control),0,18.37,8,3
USR_03579,A (Control),0,27.54,6,3
USR_03580,A (Control),0,17.02,5,1
USR_03581,A (Control),0,79.76,4,0
USR_03582,A (Control),0,33.06,8,2
USR_03583,A (Control),0,15.68,7,1
USR_03584,A (Control),0,16.62,6,6
USR_03585,A (Control),0,71.78,3,3
USR_03586,A (Control),0,22.82,6,1
USR_03587,A (Control),0,30.61,3,1
USR_03588,A (Control),0,44.45,3,1
USR_03589,A (Control),0,34.71,5,2
USR_03590,A (Control),0,8.7,3,2
USR_03591,A (Control),0,64.11,8,3
USR_03592,A (Control),0,36.54,6,2
USR_03593,A (Control),0,52.6,5,3
USR_03594,A (Control),0,67.11,3,0
USR_03595,A (Control),0,6.85,5,0
USR_03596,A (Control),0,67.5,5,1
USR_03597,A (Control),1,166.35,2,1
USR_03598,A (Control),0,56.29,4,1
USR_03599,A (Control),0,95.02,2,2
USR_03600,A (Control),0,78.1,2,0
USR_03601,A (Control),0,65.95,5,2
USR_03602,A (Control),0,79.82,4,0
USR_03603,A (Control),0,88.27,4,4
USR_03604,A (Control),0,90.43,7,1
USR_03605,A (Control),0,16.58,5,2
USR_03606,A (Control),0,82.87,6,5
USR_03607,A (Control),0,36.17,4,0
USR_03608,A (Control),0,92.44,4,1
USR_03609,A (Control),0,59.47,5,2
USR_03610,A (Control),0,16.38,8,2
USR_03611,A (Control),0,100.26,4,2
USR_03612,A (Control),0,24.56,4,2
USR_03613,A (Control),0,34.93,6,1
USR_03614,A (Control),0,114.69,5,3
USR_03615,A (Control),0,47.72,6,2
USR_03616,A (Control),0,33.87,4,1
USR_03617,A (Control),0,41.16,4,4
USR_03618,A (Control),0,33.36,4,2
USR_03619,A (Control),0,71.7,4,2
USR_03620,A (Control),0,34.09,3,2
USR_03621,A (Control),0,42.13,5,2
USR_03622,A (Control),0,62.71,3,2
USR_03623,A (Control),0,58.34,4,1
USR_03624,A (Control),0,26.12,5,1
USR_03625,A (Control),0,72.25,4,2
USR_03626,A (Control),0,29.83,4,3
USR_03627,A (Control),0,19.65,6,0
USR_03628,A (Control),0,9.52,3,2
USR_03629,A (Control),0,38.32,2,0
USR_03630,A (Control),0,11.48,8,3
USR_03631,A (Control),0,23.44,4,2
USR_03632,A (Control),0,42.86,5,2
USR_03633,A (Control),0,87.09,6,2
USR_03634,A (Control),0,35.59,1,0
USR_03635,A (Control),0,13.76,4,4
USR_03636,A (Control),0,40.23,6,3
USR_03637,A (Control),0,85.01,3,0
USR_03638,A (Control),0,35.01,6,0
USR_03639,A (Control),1,96.27,7,2
USR_03640,A (Control),0,42.69,3,1
USR_03641,A (Control),0,67.67,4,2
USR_03642,A (Control),1,50.09,2,3
USR_03643,A (Control),0,93.43,4,3
USR_03644,A (Control),0,141.99,7,3
USR_03645,A (Control),0,30.92,9,4
USR_03646,A (Control),0,48.18,4,2
USR_03647,A (Control),0,87.05,4,1
USR_03648,A (Control),1,51.24,5,3
USR_03649,A (Control),0,9.08,7,1
USR_03650,A (Control),0,35.4,4,1
USR_03651,A (Control),1,50.95,5,5
USR_03652,A (Control),0,109.25,8,3
USR_03653,A (Control),0,46.45,5,2
USR_03654,A (Control),1,22.25,7,4
USR_03655,A (Control),0,51.75,5,3
USR_03656,A (Control),0,102.6,5,1
USR_03657,A (Control),0,27.47,6,3
USR_03658,A (Control),0,30.12,4,0
USR_03659,A (Control),0,27.79,3,0
USR_03660,A (Control),0,15.38,2,3
USR_03661,A (Control),0,45.08,5,3
USR_03662,A (Control),0,41.6,2,2
USR_03663,A (Control),0,10.06,1,1
USR_03664,A (Control),0,23.6,3,1
USR_03665,A (Control),0,49.1,4,3
USR_03666,A (Control),0,66.66,3,2
USR_03667,A (Control),0,78.29,1,0
USR_03668,A (Control),0,70.08,2,1
USR_03669,A (Control),0,43.28,4,1
USR_03670,A (Control),0,13.28,9,2
USR_03671,A (Control),0,37.03,6,0
USR_03672,A (Control),0,4.26,5,2
USR_03673,A (Control),0,49.26,3,1
USR_03674,A (Control),0,26.78,4,0
USR_03675,A (Control),1,6.67,6,3
USR_03676,A (Control),0,55.29,5,3
USR_03677,A (Control),0,101.85,3,0
USR_03678,A (Control),0,11.62,2,2
USR_03679,A (Control),0,58.24,4,2
USR_03680,A (Control),0,32.75,2,1
USR_03681,A (Control),0,24.54,8,0
USR_03682,A (Control),0,24.58,4,4
USR_03683,A (Control),0,32.75,2,3
USR_03684,A (Control),0,32.66,2,1
USR_03685,A (Control),0,42.12,8,7
USR_03686,A (Control),0,22.75,2,1
USR_03687,A (Control),1,26.46,5,1
USR_03688,A (Control),1,61.73,10,6
USR_03689,A (Control),0,21.2,4,2
USR_03690,A (Control),0,51.36,5,1
USR_03691,A (Control),1,33.96,5,1
USR_03692,A (Control),0,29.19,2,1
USR_03693,A (Control),0,121.84,6,3
USR_03694,A (Control),0,15.68,5,4
USR_03695,A (Control),0,106.11,7,3
USR_03696,A (Control),0,72.78,5,2
USR_03697,A (Control),0,27.3,5,2
USR_03698,A (Control),0,74.08,9,3
USR_03699,A (Control),0,2.51,4,2
USR_03700,A (Control),0,25.41,4,2
USR_03701,A (Control),0,21.43,6,6
USR_03702,A (Control),0,55.71,9,4
USR_03703,A (Control),0,67.49,4,2
USR_03704,A (Control),0,55.13,8,5
USR_03705,A (Control),0,47.1,6,5
USR_03706,A (Control),0,77.14,6,1
USR_03707,A (Control),0,70.47,3,1
USR_03708,A (Control),0,26.81,2,2
USR_03709,A (Control),0,29.08,5,5
USR_03710,A (Control),0,67.98,4,1
USR_03711,A (Control),0,41.85,2,1
USR_03712,A (Control),0,43.81,5,1
USR_03713,A (Control),0,47.69,7,4
USR_03714,A (Control),0,9.48,4,3
USR_03715,A (Control),0,25.92,4,1
USR_03716,A (Control),0,58.81,8,4
USR_03717,A (Control),0,25.76,4,3
USR_03718,A (Control),0,36.7,5,3
USR_03719,A (Control),0,58.57,3,0
USR_03720,A (Control),1,79.81,6,3
USR_03721,A (Control),0,85.72,6,1
USR_03722,A (Control),0,88.71,3,1
USR_03723,A (Control),0,39.15,5,1
USR_03724,A (Control),1,36.4,5,0
USR_03725,A (Control),1,17.32,3,0
USR_03726,A (Control),0,102.21,8,3
USR_03727,A (Control),0,35.33,3,4
USR_03728,A (Control),0,100.76,4,1
USR_03729,A (Control),0,52.27,4,4
USR_03730,A (Control),0,82.1,7,2
USR_03731,A (Control),0,40.99,3,3
USR_03732,A (Control),0,62.31,3,3
USR_03733,A (Control),0,83.83,4,0
USR_03734,A (Control),0,30.24,6,4
USR_03735,A (Control),0,89.0,4,2
USR_03736,A (Control),0,19.28,5,3
USR_03737,A (Control),0,119.92,2,1
USR_03738,A (Control),0,47.82,6,1
USR_03739,A (Control),0,26.23,4,3
USR_03740,A (Control),0,71.89,3,1
USR_03741,A (Control),0,53.86,3,2
USR_03742,A (Control),0,9.96,4,2
USR_03743,A (Control),0,32.76,5,3
USR_03744,A (Control),0,20.03,4,2
USR_03745,A (Control),0,21.46,1,1
USR_03746,A (Control),0,20.87,3,3
USR_03747,A (Control),0,60.45,8,3
USR_03748,A (Control),0,75.35,3,1
USR_03749,A (Control),0,24.46,2,0
USR_03750,A (Control),0,7.62,10,6
USR_03751,A (Control),0,4.22,3,3
USR_03752,A (Control),0,136.94,3,0
USR_03753,A (Control),0,48.16,3,1
USR_03754,A (Control),0,72.22,6,3
USR_03755,A (Control),1,37.83,4,2
USR_03756,A (Control),0,6.06,6,4
USR_03757,A (Control),0,56.69,1,0
USR_03758,A (Control),1,112.35,5,4
USR_03759,A (Control),0,27.32,5,0
USR_03760,A (Control),0,5.35,6,2
USR_03761,A (Control),0,17.24,5,1
USR_03762,A (Control),0,74.41,4,3
USR_03763,A (Control),0,53.59,2,0
USR_03764,A (Control),0,89.22,3,1
USR_03765,A (Control),0,43.59,2,2
USR_03766,A (Control),0,66.77,6,2
USR_03767,A (Control),0,32.08,4,3
USR_03768,A (Control),0,18.37,2,1
USR_03769,A (Control),0,66.88,3,0
USR_03770,A (Control),0,75.17,7,2
USR_03771,A (Control),0,27.8,6,1
USR_03772,A (Control),0,106.27,5,0
USR_03773,A (Control),0,108.06,4,1
USR_03774,A (Control),0,20.97,2,2
USR_03775,A (Control),0,21.74,7,1
USR_03776,A (Control),0,22.55,1,0
USR_03777,A (Control),0,39.71,2,2
USR_03778,A (Control),0,33.19,4,2
USR_03779,A (Control),0,15.15,4,2
USR_03780,A (Control),0,23.06,5,4
USR_03781,A (Control),0,6.19,7,4
USR_03782,A (Control),0,7.41,6,4
USR_03783,A (Control),0,12.72,4,2
USR_03784,A (Control),0,132.41,5,2
USR_03785,A (Control),0,122.85,5,3
USR_03786,A (Control),0,69.35,4,2
USR_03787,A (Control),0,28.02,3,1
USR_03788,A (Control),0,12.53,3,0
USR_03789,A (Control),0,42.97,4,0
USR_03790,A (Control),0,57.7,4,1
USR_03791,A (Control),0,24.78,1,0
USR_03792,A (Control),0,55.72,3,1
USR_03793,A (Control),0,17.1,6,3
USR_03794,A (Control),0,28.45,7,5
USR_03795,A (Control),0,36.17,2,1
USR_03796,A (Control),0,125.05,3,0
USR_03797,A (Control),0,22.8,4,0
USR_03798,A (Control),0,57.52,6,1
USR_03799,A (Control),0,20.17,3,3
USR_03800,A (Control),0,18.01,6,3
USR_03801,A (Control),0,24.69,4,3
USR_03802,A (Control),0,43.99,4,1
USR_03803,A (Control),0,114.76,7,4
USR_03804,A (Control),0,27.56,5,3
USR_03805,A (Control),0,75.53,6,4
USR_03806,A (Control),0,128.81,3,1
USR_03807,A (Control),0,51.34,4,3
USR_03808,A (Control),0,84.21,5,4
USR_03809,A (Control),0,23.67,9,7
USR_03810,A (Control),0,56.53,9,2
USR_03811,A (Control),0,66.07,7,3
USR_03812,A (Control),0,14.54,5,0
USR_03813,A (Control),0,21.89,4,3
USR_03814,A (Control),0,35.07,3,3
USR_03815,A (Control),0,25.22,8,3
USR_03816,A (Control),0,38.0,5,5
USR_03817,A (Control),0,12.78,6,3
USR_03818,A (Control),0,121.18,4,2
USR_03819,A (Control),0,80.42,4,2
USR_03820,A (Control),0,252.37,6,2
USR_03821,A (Control),0,16.05,6,5
USR_03822,A (Control),0,57.97,5,1
USR_03823,A (Control),0,25.4,7,4
USR_03824,A (Control),0,17.92,1,0
USR_03825,A (Control),0,77.61,6,3
USR_03826,A (Control),0,44.97,5,1
USR_03827,A (Control),0,33.4,6,2
USR_03828,A (Control),0,52.36,2,2
USR_03829,A (Control),0,22.63,4,2
USR_03830,A (Control),0,22.05,4,1
USR_03831,A (Control),0,26.1,4,2
USR_03832,A (Control),0,87.4,6,2
USR_03833,A (Control),0,83.03,7,3
USR_03834,A (Control),0,15.43,3,1
USR_03835,A (Control),0,118.02,5,6
USR_03836,A (Control),0,42.41,3,2
USR_03837,A (Control),0,57.35,8,1
USR_03838,A (Control),0,25.46,4,2
USR_03839,A (Control),0,43.96,4,1
USR_03840,A (Control),0,17.84,3,0
USR_03841,A (Control),0,24.14,4,3
USR_03842,A (Control),0,73.61,3,0
USR_03843,A (Control),0,74.7,9,3
USR_03844,A (Control),0,59.08,4,0
USR_03845,A (Control),0,31.88,6,6
USR_03846,A (Control),0,15.21,4,3
USR_03847,A (Control),0,93.98,4,0
USR_03848,A (Control),0,78.2,6,2
USR_03849,A (Control),0,8.62,5,1
USR_03850,A (Control),0,75.52,4,0
USR_03851,A (Control),0,33.38,5,4
USR_03852,A (Control),0,67.48,3,2
USR_03853,A (Control),1,12.93,2,3
USR_03854,A (Control),0,26.48,7,2
USR_03855,A (Control),0,46.18,4,2
USR_03856,A (Control),0,121.21,4,0
USR_03857,A (Control),0,46.26,5,2
USR_03858,A (Control),0,85.22,9,5
USR_03859,A (Control),0,50.53,6,0
USR_03860,A (Control),0,49.33,2,1
USR_03861,A (Control),0,61.16,9,3
USR_03862,A (Control),0,41.64,7,3
USR_03863,A (Control),1,72.5,2,0
USR_03864,A (Control),0,18.92,6,1
USR_03865,A (Control),0,41.83,4,2
USR_03866,A (Control),0,127.51,5,2
USR_03867,A (Control),0,87.43,6,3
USR_03868,A (Control),0,53.49,4,1
USR_03869,A (Control),0,80.04,5,0
USR_03870,A (Control),0,107.41,4,3
USR_03871,A (Control),0,7.53,3,0
USR_03872,A (Control),0,35.68,6,2
USR_03873,A (Control),0,26.41,5,2
USR_03874,A (Control),0,13.77,3,0
USR_03875,A (Control),0,138.65,2,1
USR_03876,A (Control),0,63.05,6,5
USR_03877,A (Control),0,78.29,3,0
USR_03878,A (Control),0,27.29,10,4
USR_03879,A (Control),0,35.14,8,2
USR_03880,A (Control),0,43.18,5,5
USR_03881,A (Control),0,56.16,2,0
USR_03882,A (Control),0,70.8,2,0
USR_03883,A (Control),0,67.96,5,1
USR_03884,A (Control),0,36.81,3,1
USR_03885,A (Control),1,110.0,6,2
USR_03886,A (Control),0,96.64,5,2
USR_03887,A (Control),0,52.49,5,2
USR_03888,A (Control),0,44.29,2,2
USR_03889,A (Control),0,34.86,3,1
USR_03890,A (Control),0,56.38,4,2
USR_03891,A (Control),0,93.51,11,3
USR_03892,A (Control),0,44.98,7,3
USR_03893,A (Control),0,28.92,1,1
USR_03894,A (Control),1,44.3,6,6
USR_03895,A (Control),0,53.13,3,2
USR_03896,A (Control),0,17.9,3,3
USR_03897,A (Control),0,14.3,2,1
USR_03898,A (Control),0,29.49,9,7
USR_03899,A (Control),0,109.86,6,4
USR_03900,A (Control),0,90.27,5,0
USR_03901,A (Control),0,11.58,8,3
USR_03902,A (Control),0,21.27,1,0
USR_03903,A (Control),0,70.04,5,0
USR_03904,A (Control),0,32.25,3,1
USR_03905,A (Control),0,58.36,3,0
USR_03906,A (Control),0,12.19,2,0
USR_03907,A (Control),0,43.69,2,1
USR_03908,A (Control),0,40.66,4,1
USR_03909,A (Control),0,78.52,4,4
USR_03910,A (Control),0,56.17,5,3
USR_03911,A (Control),0,47.68,4,4
USR_03912,A (Control),0,9.79,4,3
USR_03913,A (Control),0,130.01,6,3
USR_03914,A (Control),0,66.87,3,1
USR_03915,A (Control),0,25.59,3,0
USR_03916,A (Control),0,46.87,1,0
USR_03917,A (Control),0,32.97,3,2
USR_03918,A (Control),0,37.55,5,2
USR_03919,A (Control),0,89.41,4,1
USR_03920,A (Control),0,21.19,3,0
USR_03921,A (Control),0,68.65,4,0
USR_03922,A (Control),0,91.75,4,1
USR_03923,A (Control),0,61.95,3,2
USR_03924,A (Control),0,38.89,5,2
USR_03925,A (Control),0,24.2,4,1
USR_03926,A (Control),0,26.84,2,0
USR_03927,A (Control),0,47.53,2,0
USR_03928,A (Control),0,44.91,4,1
USR_03929,A (Control),0,74.12,4,0
USR_03930,A (Control),0,12.99,1,1
USR_03931,A (Control),0,88.71,3,2
USR_03932,A (Control),0,182.15,3,0
USR_03933,A (Control),0,41.48,6,3
USR_03934,A (Control),0,37.17,2,1
USR_03935,A (Control),0,39.69,4,4
USR_03936,A (Control),0,46.43,3,2
USR_03937,A (Control),0,35.14,5,2
USR_03938,A (Control),0,7.68,7,3
USR_03939,A (Control),0,39.08,5,1
USR_03940,A (Control),0,48.32,4,3
USR_03941,A (Control),0,94.67,5,2
USR_03942,A (Control),0,20.97,4,2
USR_03943,A (Control),0,118.15,8,3
USR_03944,A (Control),0,33.45,4,1
USR_03945,A (Control),0,23.0,5,3
USR_03946,A (Control),0,66.88,3,2
USR_03947,A (Control),0,30.73,5,1
USR_03948,A (Control),0,42.03,8,3
USR_03949,A (Control),0,44.02,5,1
USR_03950,A (Control),0,64.46,3,0
USR_03951,A (Control),0,41.18,3,1
USR_03952,A (Control),0,38.12,3,3
USR_03953,A (Control),0,32.83,2,1
USR_03954,A (Control),0,60.37,5,2
USR_03955,A (Control),0,29.57,6,5
USR_03956,A (Control),0,96.62,2,1
USR_03957,A (Control),0,44.35,5,0
USR_03958,A (Control),0,10.3,2,0
USR_03959,A (Control),0,53.11,2,0
USR_03960,A (Control),0,58.9,5,1
USR_03961,A (Control),0,97.29,3,2
USR_03962,A (Control),0,25.04,7,4
USR_03963,A (Control),0,22.31,8,1
USR_03964,A (Control),0,65.83,6,2
USR_03965,A (Control),0,87.6,5,0
USR_03966,A (Control),0,24.29,4,0
USR_03967,A (Control),0,51.85,5,1
USR_03968,A (Control),0,41.67,2,2
USR_03969,A (Control),1,24.95,4,1
USR_03970,A (Control),0,40.01,5,4
USR_03971,A (Control),0,83.78,5,3
USR_03972,A (Control),0,44.48,2,1
USR_03973,A (Control),0,38.56,4,3
USR_03974,A (Control),1,63.64,5,0
USR_03975,A (Control),0,88.52,3,2
USR_03976,A (Control),0,20.68,4,1
USR_03977,A (Control),0,53.27,1,2
USR_03978,A (Control),0,33.6,5,3
USR_03979,A (Control),0,44.61,4,6
USR_03980,A (Control),0,66.86,4,4
USR_03981,A (Control),0,35.52,5,1
USR_03982,A (Control),0,40.97,3,3
USR_03983,A (Control),0,79.55,4,1
USR_03984,A (Control),0,57.98,5,2
USR_03985,A (Control),0,40.33,4,3
USR_03986,A (Control),1,47.58,6,2
USR_03987,A (Control),0,45.28,3,0
USR_03988,A (Control),0,9.6,5,4
USR_03989,A (Control),0,48.12,5,0
USR_03990,A (Control),0,15.66,6,2
USR_03991,A (Control),0,86.99,5,2
USR_03992,A (Control),0,15.36,5,3
USR_03993,A (Control),0,32.42,4,3
USR_03994,A (Control),0,28.15,8,3
USR_03995,A (Control),1,107.13,1,0
USR_03996,A (Control),0,84.76,2,2
USR_03997,A (Control),0,4.94,4,1
USR_03998,A (Control),0,42.98,6,2
USR_03999,A (Control),0,18.0,6,0
USR_04000,A (Control),0,48.24,3,3
USR_04001,A (Control),0,65.9,6,3
USR_04002,A (Control),0,50.96,5,3
USR_04003,A (Control),0,68.44,6,1
USR_04004,A (Control),0,36.2,4,2
USR_04005,A (Control),0,52.03,4,1
USR_04006,A (Control),0,66.92,7,1
USR_04007,A (Control),0,31.54,3,2
USR_04008,A (Control),0,22.74,2,2
USR_04009,A (Control),0,27.02,5,0
USR_04010,A (Control),1,39.96,4,1
USR_04011,A (Control),0,43.78,6,1
USR_04012,A (Control),0,54.01,3,1
USR_04013,A (Control),0,25.06,3,1
USR_04014,A (Control),0,68.14,3,1
USR_04015,A (Control),0,122.02,5,1
USR_04016,A (Control),0,28.31,7,2
USR_04017,A (Control),0,163.05,3,2
USR_04018,A (Control),1,131.89,7,6
USR_04019,A (Control),0,43.68,8,6
USR_04020,A (Control),0,39.14,3,2
USR_04021,A (Control),0,26.73,4,0
USR_04022,A (Control),0,74.49,5,1
USR_04023,A (Control),0,45.68,4,2
USR_04024,A (Control),0,48.95,2,0
USR_04025,A (Control),0,23.12,7,2
USR_04026,A (Control),0,75.81,7,6
USR_04027,A (Control),0,37.02,7,1
USR_04028,A (Control),0,19.11,4,3
USR_04029,A (Control),0,41.38,3,0
USR_04030,A (Control),0,24.29,4,1
USR_04031,A (Control),0,97.38,7,3
USR_04032,A (Control),0,130.86,5,1
USR_04033,A (Control),0,42.19,2,2
USR_04034,A (Control),1,83.32,3,1
USR_04035,A (Control),0,82.05,3,2
USR_04036,A (Control),0,1.57,3,2
USR_04037,A (Control),0,27.05,5,3
USR_04038,A (Control),1,47.03,9,6
USR_04039,A (Control),0,32.13,3,1
USR_04040,A (Control),1,25.5,4,3
USR_04041,A (Control),0,85.44,3,1
USR_04042,A (Control),0,31.23,5,3
USR_04043,A (Control),0,54.1,6,1
USR_04044,A (Control),0,80.9,2,0
USR_04045,A (Control),0,100.86,4,2
USR_04046,A (Control),0,19.19,7,2
USR_04047,A (Control),0,20.55,5,2
USR_04048,A (Control),0,50.27,3,1
USR_04049,A (Control),0,7.58,5,1
USR_04050,A (Control),0,21.35,8,3
USR_04051,A (Control),0,91.21,3,1
USR_04052,A (Control),0,64.86,6,1
USR_04053,A (Control),0,39.96,5,1
USR_04054,A (Control),0,58.86,2,0
USR_04055,A (Control),0,67.68,2,1
USR_04056,A (Control),0,14.14,6,3
USR_04057,A (Control),0,30.83,4,0
USR_04058,A (Control),1,98.76,2,0
USR_04059,A (Control),0,50.85,4,1
USR_04060,A (Control),0,52.83,4,3
USR_04061,A (Control),0,42.27,3,1
USR_04062,A (Control),0,9.67,6,2
USR_04063,A (Control),0,27.97,6,2
USR_04064,A (Control),0,56.63,5,2
USR_04065,A (Control),0,31.36,2,3
USR_04066,A (Control),0,19.74,2,2
USR_04067,A (Control),0,21.86,3,2
USR_04068,A (Control),0,99.99,5,1
USR_04069,A (Control),0,30.15,5,2
USR_04070,A (Control),0,88.13,2,1
USR_04071,A (Control),0,52.98,5,1
USR_04072,A (Control),0,36.88,8,3
USR_04073,A (Control),0,24.6,6,1
USR_04074,A (Control),0,65.95,10,2
USR_04075,A (Control),0,81.64,4,0
USR_04076,A (Control),1,69.95,3,2
USR_04077,A (Control),0,15.43,4,1
USR_04078,A (Control),0,30.09,8,6
USR_04079,A (Control),0,32.75,1,0
USR_04080,A (Control),0,7.93,5,1
USR_04081,A (Control),0,58.49,10,6
USR_04082,A (Control),0,63.85,2,1
USR_04083,A (Control),0,62.46,6,2
USR_04084,A (Control),0,56.1,5,1
USR_04085,A (Control),0,34.76,2,0
USR_04086,A (Control),0,23.87,8,4
USR_04087,A (Control),0,34.68,7,3
USR_04088,A (Control),0,53.26,4,1
USR_04089,A (Control),0,93.13,6,2
USR_04090,A (Control),0,45.67,6,1
USR_04091,A (Control),0,44.64,9,5
USR_04092,A (Control),0,8.64,5,4
USR_04093,A (Control),0,55.56,3,2
USR_04094,A (Control),1,97.25,4,1
USR_04095,A (Control),0,40.18,4,4
USR_04096,A (Control),0,38.14,2,1
USR_04097,A (Control),0,33.19,5,3
USR_04098,A (Control),0,67.36,4,2
USR_04099,A (Control),0,8.26,3,2
USR_04100,A (Control),0,88.18,2,1
USR_04101,A (Control),0,36.99,2,0
USR_04102,A (Control),1,56.21,4,1
USR_04103,A (Control),0,70.67,2,2
USR_04104,A (Control),0,21.66,3,0
USR_04105,A (Control),0,42.75,3,0
USR_04106,A (Control),0,36.44,4,1
USR_04107,A (Control),0,17.79,8,2
USR_04108,A (Control),0,81.24,5,2
USR_04109,A (Control),0,34.41,2,1
USR_04110,A (Control),0,17.19,1,1
USR_04111,A (Control),0,44.51,3,0
USR_04112,A (Control),0,13.49,3,0
USR_04113,A (Control),0,31.37,4,1
USR_04114,A (Control),0,52.58,6,1
USR_04115,A (Control),0,12.3,4,3
USR_04116,A (Control),0,64.69,4,2
USR_04117,A (Control),0,46.07,3,1
USR_04118,A (Control),0,70.93,7,0
USR_04119,A (Control),0,70.44,9,6
USR_04120,A (Control),0,30.59,7,2
USR_04121,A (Control),0,31.2,2,1
USR_04122,A (Control),0,58.89,6,3
USR_04123,A (Control),0,19.09,3,3
USR_04124,A (Control),0,19.19,3,0
USR_04125,A (Control),0,27.59,6,0
USR_04126,A (Control),0,14.53,3,0
USR_04127,A (Control),0,17.04,6,3
USR_04128,A (Control),0,17.5,4,0
USR_04129,A (Control),1,34.5,5,2
USR_04130,A (Control),0,33.4,4,2
USR_04131,A (Control),1,77.67,1,1
USR_04132,A (Control),0,34.94,4,1
USR_04133,A (Control),0,40.59,6,3
USR_04134,A (Control),0,116.84,4,4
USR_04135,A (Control),0,5.14,2,0
USR_04136,A (Control),0,49.34,5,2
USR_04137,A (Control),0,37.03,5,2
USR_04138,A (Control),0,52.63,3,0
USR_04139,A (Control),0,28.88,5,1
USR_04140,A (Control),0,34.78,2,2
USR_04141,A (Control),0,90.51,6,3
USR_04142,A (Control),0,58.37,5,0
USR_04143,A (Control),1,36.01,4,4
USR_04144,A (Control),0,24.3,10,5
USR_04145,A (Control),0,19.03,5,2
USR_04146,A (Control),0,30.21,1,1
USR_04147,A (Control),0,38.26,6,1
USR_04148,A (Control),1,116.58,5,1
USR_04149,A (Control),0,47.02,1,0
USR_04150,A (Control),0,26.51,6,2
USR_04151,A (Control),0,5.17,6,4
USR_04152,A (Control),0,23.78,8,3
USR_04153,A (Control),0,30.24,3,1
USR_04154,A (Control),0,50.05,5,3
USR_04155,A (Control),0,31.04,3,2
USR_04156,A (Control),0,119.86,4,1
USR_04157,A (Control),0,36.45,4,3
USR_04158,A (Control),0,79.3,5,1
USR_04159,A (Control),0,11.41,2,0
USR_04160,A (Control),0,41.22,6,2
USR_04161,A (Control),0,23.97,4,0
USR_04162,A (Control),0,80.65,3,2
USR_04163,A (Control),0,32.51,6,4
USR_04164,A (Control),0,92.06,8,4
USR_04165,A (Control),0,64.14,3,1
USR_04166,A (Control),0,29.55,7,1
USR_04167,A (Control),0,18.75,2,1
USR_04168,A (Control),0,25.08,5,0
USR_04169,A (Control),0,34.81,4,1
USR_04170,A (Control),0,63.88,5,0
USR_04171,A (Control),1,42.17,2,0
USR_04172,A (Control),0,71.2,7,1
USR_04173,A (Control),0,96.42,5,0
USR_04174,A (Control),0,43.68,5,2
USR_04175,A (Control),0,20.4,5,2
USR_04176,A (Control),0,54.21,3,1
USR_04177,A (Control),0,127.83,6,1
USR_04178,A (Control),0,73.7,2,0
USR_04179,A (Control),0,51.59,5,1
USR_04180,A (Control),1,22.47,2,1
USR_04181,A (Control),0,37.34,3,0
USR_04182,A (Control),0,12.06,4,3
USR_04183,A (Control),0,17.88,6,4
USR_04184,A (Control),0,54.92,4,3
USR_04185,A (Control),0,9.85,2,2
USR_04186,A (Control),1,33.62,4,2
USR_04187,A (Control),0,16.35,4,3
USR_04188,A (Control),0,18.58,3,2
USR_04189,A (Control),0,44.22,6,2
USR_04190,A (Control),0,25.1,2,1
USR_04191,A (Control),0,13.81,5,2
USR_04192,A (Control),0,28.81,5,0
USR_04193,A (Control),0,13.41,4,2
USR_04194,A (Control),0,88.62,6,4
USR_04195,A (Control),0,66.09,2,1
USR_04196,A (Control),0,65.91,7,3
USR_04197,A (Control),0,23.34,4,1
USR_04198,A (Control),0,56.08,5,3
USR_04199,A (Control),0,48.53,5,1
USR_04200,A (Control),0,24.68,5,3
USR_04201,A (Control),1,40.4,4,1
USR_04202,A (Control),0,11.56,3,0
USR_04203,A (Control),0,19.15,10,6
USR_04204,A (Control),0,39.65,7,1
USR_04205,A (Control),0,30.01,10,6
USR_04206,A (Control),0,52.97,4,4
USR_04207,A (Control),0,25.17,1,0
USR_04208,A (Control),0,33.19,4,3
USR_04209,A (Control),0,41.91,3,1
USR_04210,A (Control),0,23.64,4,1
USR_04211,A (Control),0,32.8,5,2
USR_04212,A (Control),0,48.3,4,3
USR_04213,A (Control),0,103.93,3,2
USR_04214,A (Control),0,23.75,3,1
USR_04215,A (Control),0,30.11,6,1
USR_04216,A (Control),0,73.25,7,4
USR_04217,A (Control),0,84.53,4,1
USR_04218,A (Control),0,59.49,7,2
USR_04219,A (Control),0,83.22,5,3
USR_04220,A (Control),0,22.75,3,1
USR_04221,A (Control),0,78.42,4,0
USR_04222,A (Control),0,67.55,2,1
USR_04223,A (Control),1,18.39,4,1
USR_04224,A (Control),0,33.54,4,2
USR_04225,A (Control),0,6.51,3,1
USR_04226,A (Control),0,46.02,3,1
USR_04227,A (Control),0,77.55,3,1
USR_04228,A (Control),0,29.02,7,1
USR_04229,A (Control),0,20.11,7,3
USR_04230,A (Control),0,19.04,7,5
USR_04231,A (Control),0,41.49,4,3
USR_04232,A (Control),0,59.16,8,4
USR_04233,A (Control),0,105.25,2,3
USR_04234,A (Control),0,5.97,4,2
USR_04235,A (Control),0,97.59,6,1
USR_04236,A (Control),0,47.65,4,2
USR_04237,A (Control),0,75.31,4,3
USR_04238,A (Control),0,65.11,8,2
USR_04239,A (Control),0,43.21,5,1
USR_04240,A (Control),0,42.13,5,5
USR_04241,A (Control),0,53.94,5,3
USR_04242,A (Control),0,35.34,4,0
USR_04243,A (Control),0,37.32,2,1
USR_04244,A (Control),0,60.99,3,0
USR_04245,A (Control),0,23.68,5,1
USR_04246,A (Control),0,79.69,4,0
USR_04247,A (Control),0,75.69,6,1
USR_04248,A (Control),0,30.22,3,1
USR_04249,A (Control),0,61.37,4,0
USR_04250,A (Control),0,56.55,10,6
USR_04251,A (Control),0,28.03,3,2
USR_04252,A (Control),0,64.21,5,1
USR_04253,A (Control),0,101.86,4,0
USR_04254,A (Control),1,81.35,4,5
USR_04255,A (Control),0,13.68,4,2
USR_04256,A (Control),0,57.79,5,2
USR_04257,A (Control),0,73.51,6,1
USR_04258,A (Control),0,26.73,12,3
USR_04259,A (Control),0,79.7,7,4
USR_04260,A (Control),0,24.55,4,2
USR_04261,A (Control),0,35.1,5,5
USR_04262,A (Control),0,25.27,4,4
USR_04263,A (Control),0,22.29,5,1
USR_04264,A (Control),0,53.88,1,3
USR_04265,A (Control),0,14.74,3,4
USR_04266,A (Control),0,36.45,4,3
USR_04267,A (Control),0,53.9,4,1
USR_04268,A (Control),0,25.53,3,0
USR_04269,A (Control),1,88.11,7,1
USR_04270,A (Control),0,38.46,4,0
USR_04271,A (Control),0,111.61,3,2
USR_04272,A (Control),0,13.38,1,1
USR_04273,A (Control),0,55.26,7,4
USR_04274,A (Control),0,48.42,4,2
USR_04275,A (Control),0,32.49,4,1
USR_04276,A (Control),0,43.39,3,1
USR_04277,A (Control),1,60.51,3,2
USR_04278,A (Control),0,67.75,3,0
USR_04279,A (Control),0,39.33,7,4
USR_04280,A (Control),0,55.71,3,0
USR_04281,A (Control),0,23.6,1,0
USR_04282,A (Control),0,68.57,7,3
USR_04283,A (Control),0,98.58,3,1
USR_04284,A (Control),0,71.82,7,4
USR_04285,A (Control),0,25.31,3,1
USR_04286,A (Control),0,20.84,5,0
USR_04287,A (Control),0,153.64,4,4
USR_04288,A (Control),0,94.68,4,2
USR_04289,A (Control),0,67.91,4,3
USR_04290,A (Control),0,102.5,3,2
USR_04291,A (Control),0,42.45,4,1
USR_04292,A (Control),0,67.14,6,5
USR_04293,A (Control),0,87.55,5,5
USR_04294,A (Control),0,35.33,5,0
USR_04295,A (Control),0,57.77,7,1
USR_04296,A (Control),0,81.73,8,8
USR_04297,A (Control),0,19.73,7,2
USR_04298,A (Control),0,32.93,6,4
USR_04299,A (Control),0,80.62,7,1
USR_04300,A (Control),0,49.28,1,1
USR_04301,A (Control),0,45.11,7,4
USR_04302,A (Control),0,41.65,4,4
USR_04303,A (Control),0,85.74,4,2
USR_04304,A (Control),0,21.41,6,0
USR_04305,A (Control),0,31.39,4,1
USR_04306,A (Control),0,14.64,5,1
USR_04307,A (Control),0,34.58,4,2
USR_04308,A (Control),0,47.72,4,1
USR_04309,A (Control),0,8.66,4,1
USR_04310,A (Control),0,23.87,4,2
USR_04311,A (Control),0,49.23,6,2
USR_04312,A (Control),0,57.19,4,3
USR_04313,A (Control),0,116.43,6,2
USR_04314,A (Control),0,62.64,4,1
USR_04315,A (Control),1,38.3,3,2
USR_04316,A (Control),0,46.89,4,3
USR_04317,A (Control),0,47.95,8,3
USR_04318,A (Control),0,31.42,3,1
USR_04319,A (Control),0,50.6,6,2
USR_04320,A (Control),0,30.35,2,2
USR_04321,A (Control),0,52.24,4,1
USR_04322,A (Control),0,41.62,3,0
USR_04323,A (Control),0,37.15,5,2
USR_04324,A (Control),1,37.88,2,1
USR_04325,A (Control),0,69.16,8,2
USR_04326,A (Control),0,65.11,4,1
USR_04327,A (Control),0,35.85,5,0
USR_04328,A (Control),0,67.52,6,1
USR_04329,A (Control),0,41.08,6,4
USR_04330,A (Control),0,41.51,4,1
USR_04331,A (Control),0,31.44,6,1
USR_04332,A (Control),0,109.18,4,4
USR_04333,A (Control),1,102.36,3,0
USR_04334,A (Control),0,26.86,2,0
USR_04335,A (Control),0,34.41,2,3
USR_04336,A (Control),1,54.83,2,0
USR_04337,A (Control),0,61.3,4,4
USR_04338,A (Control),0,20.05,3,2
USR_04339,A (Control),0,22.72,4,1
USR_04340,A (Control),0,1.93,6,3
USR_04341,A (Control),0,61.42,4,1
USR_04342,A (Control),0,13.58,7,4
USR_04343,A (Control),0,27.03,2,0
USR_04344,A (Control),0,73.91,4,3
USR_04345,A (Control),0,71.83,2,3
USR_04346,A (Control),0,105.61,4,1
USR_04347,A (Control),0,126.94,6,1
USR_04348,A (Control),1,190.99,4,0
USR_04349,A (Control),0,33.72,5,1
USR_04350,A (Control),0,28.36,1,0
USR_04351,A (Control),0,56.17,3,0
USR_04352,A (Control),0,14.93,4,2
USR_04353,A (Control),1,36.68,5,2
USR_04354,A (Control),0,47.64,3,3
USR_04355,A (Control),0,58.88,5,2
USR_04356,A (Control),1,62.92,6,1
USR_04357,A (Control),0,35.91,5,1
USR_04358,A (Control),0,16.83,2,1
USR_04359,A (Control),0,19.84,8,4
USR_04360,A (Control),0,7.68,3,2
USR_04361,A (Control),0,29.09,7,2
USR_04362,A (Control),0,14.64,5,4
USR_04363,A (Control),0,30.55,7,1
USR_04364,A (Control),0,55.82,2,0
USR_04365,A (Control),1,17.15,6,3
USR_04366,A (Control),0,45.9,6,3
USR_04367,A (Control),0,35.64,11,4
USR_04368,A (Control),0,53.96,5,0
USR_04369,A (Control),0,62.18,7,1
USR_04370,A (Control),0,34.13,6,1
USR_04371,A (Control),0,43.4,2,1
USR_04372,A (Control),0,35.74,6,3
USR_04373,A (Control),0,31.22,5,3
USR_04374,A (Control),0,26.05,6,4
USR_04375,A (Control),0,58.61,4,0
USR_04376,A (Control),0,94.5,5,2
USR_04377,A (Control),0,87.76,7,2
USR_04378,A (Control),0,15.87,5,2
USR_04379,A (Control),0,93.45,9,5
USR_04380,A (Control),0,21.76,3,2
USR_04381,A (Control),0,47.65,3,1
USR_04382,A (Control),0,53.24,4,1
USR_04383,A (Control),0,12.67,2,2
USR_04384,A (Control),0,38.39,6,4
USR_04385,A (Control),0,96.98,3,0
USR_04386,A (Control),0,5.34,4,2
USR_04387,A (Control),0,160.66,4,0
USR_04388,A (Control),0,7.34,5,2
USR_04389,A (Control),1,52.38,2,1
USR_04390,A (Control),0,13.21,3,0
USR_04391,A (Control),0,57.79,3,1
USR_04392,A (Control),0,85.42,4,2
USR_04393,A (Control),1,71.64,3,0
USR_04394,A (Control),0,78.97,3,2
USR_04395,A (Control),0,35.85,4,1
USR_04396,A (Control),0,13.95,6,4
USR_04397,A (Control),0,96.57,5,0
USR_04398,A (Control),0,139.18,6,1
USR_04399,A (Control),0,46.08,2,0
USR_04400,A (Control),1,33.07,3,3
USR_04401,A (Control),1,24.19,3,1
USR_04402,A (Control),1,68.78,6,2
USR_04403,A (Control),0,81.29,5,1
USR_04404,A (Control),0,33.08,2,0
USR_04405,A (Control),0,109.42,7,3
USR_04406,A (Control),0,65.22,5,1
USR_04407,A (Control),0,45.73,3,3
USR_04408,A (Control),0,53.48,6,2
USR_04409,A (Control),0,20.27,6,1
USR_04410,A (Control),0,68.29,6,0
USR_04411,A (Control),0,21.34,4,1
USR_04412,A (Control),0,30.12,7,2
USR_04413,A (Control),0,41.22,4,1
USR_04414,A (Control),0,126.14,7,2
USR_04415,A (Control),0,50.73,2,2
USR_04416,A (Control),0,23.0,6,0
USR_04417,A (Control),0,53.61,4,3
USR_04418,A (Control),0,62.77,5,2
USR_04419,A (Control),0,89.57,6,4
USR_04420,A (Control),0,42.62,3,2
USR_04421,A (Control),0,25.67,6,1
USR_04422,A (Control),0,146.38,6,5
USR_04423,A (Control),0,53.69,4,0
USR_04424,A (Control),0,23.1,7,2
USR_04425,A (Control),0,42.37,4,4
USR_04426,A (Control),0,30.13,5,1
USR_04427,A (Control),0,92.89,7,3
USR_04428,A (Control),0,62.39,6,6
USR_04429,A (Control),0,34.76,4,2
USR_04430,A (Control),0,81.32,3,2
USR_04431,A (Control),0,40.08,5,2
USR_04432,A (Control),0,41.71,4,2
USR_04433,A (Control),1,25.14,5,4
USR_04434,A (Control),0,24.99,5,2
USR_04435,A (Control),0,140.57,5,2
USR_04436,A (Control),0,78.97,3,2
USR_04437,A (Control),0,8.88,5,2
USR_04438,A (Control),0,20.94,5,4
USR_04439,A (Control),0,17.66,2,0
USR_04440,A (Control),0,45.12,1,0
USR_04441,A (Control),0,32.23,4,2
USR_04442,A (Control),0,104.29,1,0
USR_04443,A (Control),0,34.41,5,4
USR_04444,A (Control),0,132.0,4,3
USR_04445,A (Control),0,40.91,3,0
USR_04446,A (Control),0,149.32,5,1
USR_04447,A (Control),0,37.65,8,4
USR_04448,A (Control),0,38.16,4,1
USR_04449,A (Control),0,77.89,5,3
USR_04450,A (Control),1,70.96,6,1
USR_04451,A (Control),0,15.32,4,3
USR_04452,A (Control),0,45.85,3,1
USR_04453,A (Control),0,32.02,2,1
USR_04454,A (Control),0,30.47,4,0
USR_04455,A (Control),0,45.7,5,5
USR_04456,A (Control),0,35.39,3,1
USR_04457,A (Control),0,48.95,5,1
USR_04458,A (Control),0,20.21,5,0
USR_04459,A (Control),0,12.44,4,1
USR_04460,A (Control),0,79.75,2,0
USR_04461,A (Control),0,87.45,6,2
USR_04462,A (Control),0,76.7,10,7
USR_04463,A (Control),1,44.35,2,1
USR_04464,A (Control),0,33.51,2,0
USR_04465,A (Control),0,27.56,2,0
USR_04466,A (Control),0,23.89,4,0
USR_04467,A (Control),1,40.94,7,5
USR_04468,A (Control),0,86.13,2,0
USR_04469,A (Control),0,25.87,4,0
USR_04470,A (Control),0,86.22,3,3
USR_04471,A (Control),0,13.01,6,2
USR_04472,A (Control),0,50.63,4,1
USR_04473,A (Control),1,57.63,6,5
USR_04474,A (Control),0,29.73,3,1
USR_04475,A (Control),1,19.18,3,0
USR_04476,A (Control),0,73.32,3,2
USR_04477,A (Control),0,44.58,6,1
USR_04478,A (Control),0,176.53,3,1
USR_04479,A (Control),0,86.93,5,3
USR_04480,A (Control),0,87.36,7,5
USR_04481,A (Control),0,4.15,6,3
USR_04482,A (Control),0,26.26,6,2
USR_04483,A (Control),0,17.41,6,0
USR_04484,A (Control),0,7.27,8,4
USR_04485,A (Control),1,42.21,6,2
USR_04486,A (Control),0,72.18,4,1
USR_04487,A (Control),0,20.71,2,1
USR_04488,A (Control),0,7.71,4,2
USR_04489,A (Control),0,22.08,6,1
USR_04490,A (Control),0,38.8,4,1
USR_04491,A (Control),0,36.85,3,0
USR_04492,A (Control),0,43.64,4,0
USR_04493,A (Control),0,56.87,8,2
USR_04494,A (Control),0,42.92,6,5
USR_04495,A (Control),0,74.7,5,3
USR_04496,A (Control),0,21.02,8,6
USR_04497,A (Control),0,35.78,3,1
USR_04498,A (Control),0,62.94,6,0
USR_04499,A (Control),0,52.15,5,0
USR_04500,A (Control),0,122.77,4,0
USR_04501,A (Control),0,21.71,8,4
USR_04502,A (Control),0,63.66,3,0
USR_04503,A (Control),0,27.31,4,0
USR_04504,A (Control),0,25.11,4,3
USR_04505,A (Control),0,83.74,4,1
USR_04506,A (Control),0,42.6,4,1
USR_04507,A (Control),0,51.57,3,1
USR_04508,A (Control),0,28.88,3,3
USR_04509,A (Control),0,30.12,3,2
USR_04510,A (Control),0,12.22,5,2
USR_04511,A (Control),0,48.92,6,4
USR_04512,A (Control),1,19.43,4,2
USR_04513,A (Control),0,39.29,4,3
USR_04514,A (Control),0,74.65,7,6
USR_04515,A (Control),0,9.34,4,1
USR_04516,A (Control),1,204.64,4,1
USR_04517,A (Control),0,24.73,1,0
USR_04518,A (Control),0,40.07,4,2
USR_04519,A (Control),0,51.53,7,5
USR_04520,A (Control),0,24.1,4,0
USR_04521,A (Control),0,30.9,7,2
USR_04522,A (Control),0,85.43,3,1
USR_04523,A (Control),0,69.66,4,1
USR_04524,A (Control),0,36.31,5,0
USR_04525,A (Control),0,43.28,5,1
USR_04526,A (Control),0,47.59,3,0
USR_04527,A (Control),0,61.9,3,1
USR_04528,A (Control),0,64.74,3,1
USR_04529,A (Control),0,63.66,5,1
USR_04530,A (Control),0,32.35,4,2
USR_04531,A (Control),0,46.58,3,2
USR_04532,A (Control),0,79.86,4,1
USR_04533,A (Control),0,146.15,7,4
USR_04534,A (Control),0,45.72,4,0
USR_04535,A (Control),0,29.29,2,2
USR_04536,A (Control),0,23.76,3,3
USR_04537,A (Control),0,63.97,3,0
USR_04538,A (Control),1,11.73,5,3
USR_04539,A (Control),0,64.38,5,0
USR_04540,A (Control),0,65.1,6,5
USR_04541,A (Control),0,30.06,8,3
USR_04542,A (Control),1,50.79,4,2
USR_04543,A (Control),0,37.15,3,2
USR_04544,A (Control),1,14.75,2,0
USR_04545,A (Control),0,61.43,3,1
USR_04546,A (Control),1,57.96,4,0
USR_04547,A (Control),0,31.8,4,2
USR_04548,A (Control),0,144.78,5,3
USR_04549,A (Control),0,43.52,5,3
USR_04550,A (Control),0,8.52,7,3
USR_04551,A (Control),0,82.45,2,1
USR_04552,A (Control),0,70.93,7,1
USR_04553,A (Control),0,76.2,5,3
USR_04554,A (Control),0,20.29,6,0
USR_04555,A (Control),0,49.91,10,2
USR_04556,A (Control),1,43.03,3,1
USR_04557,A (Control),0,38.41,5,1
USR_04558,A (Control),0,95.89,4,1
USR_04559,A (Control),0,43.92,6,4
USR_04560,A (Control),0,32.6,4,2
USR_04561,A (Control),0,32.37,7,2
USR_04562,A (Control),0,19.09,2,1
USR_04563,A (Control),0,46.81,2,2
USR_04564,A (Control),0,100.4,4,1
USR_04565,A (Control),0,34.5,4,3
USR_04566,A (Control),0,51.74,7,2
USR_04567,A (Control),0,38.0,5,2
USR_04568,A (Control),0,40.84,4,1
USR_04569,A (Control),0,72.92,1,0
USR_04570,A (Control),0,18.89,5,2
USR_04571,A (Control),0,12.78,5,2
USR_04572,A (Control),0,82.53,5,2
USR_04573,A (Control),0,29.48,3,1
USR_04574,A (Control),0,32.87,6,4
USR_04575,A (Control),0,163.58,7,2
USR_04576,A (Control),0,70.65,5,2
USR_04577,A (Control),0,22.54,4,1
USR_04578,A (Control),1,86.1,4,1
USR_04579,A (Control),0,71.68,5,1
USR_04580,A (Control),0,1.61,3,2
USR_04581,A (Control),0,47.95,4,2
USR_04582,A (Control),0,19.64,5,1
USR_04583,A (Control),0,40.78,4,5
USR_04584,A (Control),0,146.43,6,1
USR_04585,A (Control),0,74.85,7,4
USR_04586,A (Control),0,81.17,5,1
USR_04587,A (Control),0,38.05,4,1
USR_04588,A (Control),0,81.4,3,2
USR_04589,A (Control),0,25.37,1,0
USR_04590,A (Control),0,47.55,3,1
USR_04591,A (Control),0,72.71,5,3
USR_04592,A (Control),0,71.33,5,3
USR_04593,A (Control),1,13.48,2,2
USR_04594,A (Control),0,127.49,2,0
USR_04595,A (Control),1,21.82,3,0
USR_04596,A (Control),0,181.2,3,6
USR_04597,A (Control),0,74.07,3,0
USR_04598,A (Control),0,70.15,3,0
USR_04599,A (Control),0,23.3,2,0
USR_04600,A (Control),0,30.38,5,2
USR_04601,A (Control),1,121.3,7,3
USR_04602,A (Control),0,111.84,4,1
USR_04603,A (Control),0,38.79,6,1
USR_04604,A (Control),0,36.56,2,1
USR_04605,A (Control),0,37.3,3,0
USR_04606,A (Control),0,86.46,5,0
USR_04607,A (Control),0,81.34,5,2
USR_04608,A (Control),0,55.8,2,0
USR_04609,A (Control),0,47.86,4,0
USR_04610,A (Control),0,38.48,5,2
USR_04611,A (Control),1,172.57,1,1
USR_04612,A (Control),0,14.78,4,1
USR_04613,A (Control),0,33.17,7,2
USR_04614,A (Control),0,53.32,4,1
USR_04615,A (Control),0,12.38,6,1
USR_04616,A (Control),0,28.92,5,2
USR_04617,A (Control),1,145.29,4,3
USR_04618,A (Control),0,78.0,7,1
USR_04619,A (Control),0,28.75,2,1
USR_04620,A (Control),0,28.12,7,5
USR_04621,A (Control),0,14.88,4,3
USR_04622,A (Control),0,31.73,2,1
USR_04623,A (Control),0,62.32,3,0
USR_04624,A (Control),0,55.61,5,2
USR_04625,A (Control),0,32.93,5,3
USR_04626,A (Control),0,21.58,4,2
USR_04627,A (Control),0,38.13,1,1
USR_04628,A (Control),0,37.55,2,1
USR_04629,A (Control),0,71.81,3,1
USR_04630,A (Control),0,50.49,10,4
USR_04631,A (Control),0,46.12,3,1
USR_04632,A (Control),0,91.19,6,0
USR_04633,A (Control),0,111.22,5,3
USR_04634,A (Control),0,55.18,2,0
USR_04635,A (Control),0,56.06,4,0
USR_04636,A (Control),0,39.97,5,1
USR_04637,A (Control),1,23.06,7,5
USR_04638,A (Control),0,75.42,6,2
USR_04639,A (Control),0,66.45,5,1
USR_04640,A (Control),0,42.23,2,2
USR_04641,A (Control),0,50.59,4,2
USR_04642,A (Control),0,87.47,3,1
USR_04643,A (Control),0,96.58,3,2
USR_04644,A (Control),0,4.34,3,1
USR_04645,A (Control),0,27.37,8,4
USR_04646,A (Control),0,42.14,5,1
USR_04647,A (Control),0,19.06,5,1
USR_04648,A (Control),0,51.47,3,1
USR_04649,A (Control),0,28.44,2,0
USR_04650,A (Control),0,52.62,5,2
USR_04651,A (Control),0,29.08,7,4
USR_04652,A (Control),0,29.99,4,3
USR_04653,A (Control),0,52.35,2,1
USR_04654,A (Control),0,77.48,5,1
USR_04655,A (Control),0,64.02,3,2
USR_04656,A (Control),0,42.38,5,2
USR_04657,A (Control),0,9.22,2,2
USR_04658,A (Control),0,29.46,3,2
USR_04659,A (Control),0,27.16,5,1
USR_04660,A (Control),0,69.01,2,0
USR_04661,A (Control),0,48.14,4,2
USR_04662,A (Control),0,49.33,4,1
USR_04663,A (Control),0,23.88,8,2
USR_04664,A (Control),0,98.97,5,3
USR_04665,A (Control),0,49.11,4,1
USR_04666,A (Control),0,22.79,2,0
USR_04667,A (Control),0,24.06,5,1
USR_04668,A (Control),1,53.87,4,2
USR_04669,A (Control),0,22.14,5,2
USR_04670,A (Control),0,27.42,3,0
USR_04671,A (Control),0,18.33,7,2
USR_04672,A (Control),0,68.66,5,0
USR_04673,A (Control),0,22.54,4,4
USR_04674,A (Control),0,108.99,3,1
USR_04675,A (Control),0,58.28,5,4
USR_04676,A (Control),0,18.27,9,5
USR_04677,A (Control),1,63.65,4,1
USR_04678,A (Control),0,99.07,6,3
USR_04679,A (Control),0,41.14,7,3
USR_04680,A (Control),0,106.19,5,5
USR_04681,A (Control),0,58.99,2,1
USR_04682,A (Control),0,28.46,6,2
USR_04683,A (Control),0,146.67,4,2
USR_04684,A (Control),0,14.53,3,0
USR_04685,A (Control),0,34.53,6,2
USR_04686,A (Control),0,42.38,2,1
USR_04687,A (Control),0,131.89,6,1
USR_04688,A (Control),0,69.66,4,1
USR_04689,A (Control),0,62.42,4,2
USR_04690,A (Control),0,25.33,3,5
USR_04691,A (Control),0,40.09,1,1
USR_04692,A (Control),0,28.96,3,2
USR_04693,A (Control),0,61.09,7,3
USR_04694,A (Control),0,89.56,6,4
USR_04695,A (Control),0,166.85,3,1
USR_04696,A (Control),0,31.35,4,1
USR_04697,A (Control),0,14.19,3,0
USR_04698,A (Control),0,34.94,5,4
USR_04699,A (Control),0,82.1,3,1
USR_04700,A (Control),0,23.05,3,2
USR_04701,A (Control),0,43.42,5,1
USR_04702,A (Control),0,62.92,3,1
USR_04703,A (Control),0,31.81,5,5
USR_04704,A (Control),0,50.52,5,3
USR_04705,A (Control),0,21.36,6,4
USR_04706,A (Control),0,93.41,2,0
USR_04707,A (Control),0,36.81,6,0
USR_04708,A (Control),0,49.56,8,2
USR_04709,A (Control),0,9.59,3,1
USR_04710,A (Control),0,19.1,7,2
USR_04711,A (Control),1,80.4,6,2
USR_04712,A (Control),0,31.49,5,1
USR_04713,A (Control),1,22.21,5,4
USR_04714,A (Control),1,13.23,4,3
USR_04715,A (Control),0,92.33,9,2
USR_04716,A (Control),0,67.77,4,2
USR_04717,A (Control),0,64.98,6,2
USR_04718,A (Control),0,114.98,2,0
USR_04719,A (Control),0,34.56,7,5
USR_04720,A (Control),0,14.33,8,2
USR_04721,A (Control),0,45.15,5,2
USR_04722,A (Control),0,128.38,3,1
USR_04723,A (Control),0,45.77,6,4
USR_04724,A (Control),0,88.13,5,2
USR_04725,A (Control),0,14.8,3,2
USR_04726,A (Control),0,24.95,3,1
USR_04727,A (Control),1,77.44,1,0
USR_04728,A (Control),0,48.89,4,1
USR_04729,A (Control),0,40.63,3,2
USR_04730,A (Control),0,87.38,4,1
USR_04731,A (Control),0,76.8,6,2
USR_04732,A (Control),1,49.77,5,2
USR_04733,A (Control),0,4.41,5,1
USR_04734,A (Control),0,43.87,7,4
USR_04735,A (Control),0,57.83,5,1
USR_04736,A (Control),0,9.84,7,3
USR_04737,A (Control),0,56.57,7,2
USR_04738,A (Control),0,89.83,2,0
USR_04739,A (Control),0,43.82,5,1
USR_04740,A (Control),0,20.29,3,1
USR_04741,A (Control),0,5.07,3,0
USR_04742,A (Control),0,57.3,7,2
USR_04743,A (Control),0,11.01,6,0
USR_04744,A (Control),0,64.64,5,3
USR_04745,A (Control),0,124.63,6,0
USR_04746,A (Control),0,25.83,3,2
USR_04747,A (Control),0,37.46,4,0
USR_04748,A (Control),0,128.96,7,4
USR_04749,A (Control),0,47.46,6,3
USR_04750,A (Control),0,31.72,5,2
USR_04751,A (Control),0,82.09,2,0
USR_04752,A (Control),0,32.98,5,1
USR_04753,A (Control),0,24.55,6,3
USR_04754,A (Control),0,64.01,2,1
USR_04755,A (Control),0,86.2,5,2
USR_04756,A (Control),0,24.41,3,0
USR_04757,A (Control),0,50.1,3,1
USR_04758,A (Control),0,38.61,2,1
USR_04759,A (Control),0,42.98,4,0
USR_04760,A (Control),0,20.45,3,4
USR_04761,A (Control),0,67.13,4,3
USR_04762,A (Control),0,108.72,2,0
USR_04763,A (Control),1,23.99,6,2
USR_04764,A (Control),0,67.1,2,1
USR_04765,A (Control),0,80.92,6,1
USR_04766,A (Control),0,49.85,8,3
USR_04767,A (Control),0,65.3,7,1
USR_04768,A (Control),0,26.15,4,1
USR_04769,A (Control),0,105.01,2,2
USR_04770,A (Control),0,86.61,3,1
USR_04771,A (Control),0,92.73,5,0
USR_04772,A (Control),0,17.76,4,2
USR_04773,A (Control),1,60.12,3,5
USR_04774,A (Control),0,27.61,4,0
USR_04775,A (Control),0,110.5,5,3
USR_04776,A (Control),0,24.38,3,2
USR_04777,A (Control),0,51.19,5,3
USR_04778,A (Control),0,7.36,3,2
USR_04779,A (Control),0,51.02,7,5
USR_04780,A (Control),0,17.93,6,0
USR_04781,A (Control),0,62.11,3,0
USR_04782,A (Control),0,39.4,3,0
USR_04783,A (Control),0,33.68,1,0
USR_04784,A (Control),0,112.2,3,0
USR_04785,A (Control),1,152.84,6,4
USR_04786,A (Control),0,13.81,3,3
USR_04787,A (Control),0,34.46,6,2
USR_04788,A (Control),0,73.89,7,6
USR_04789,A (Control),1,55.68,4,1
USR_04790,A (Control),0,71.35,4,0
USR_04791,A (Control),0,41.38,8,4
USR_04792,A (Control),0,88.83,4,1
USR_04793,A (Control),0,49.73,4,0
USR_04794,A (Control),0,57.82,4,4
USR_04795,A (Control),0,17.95,5,2
USR_04796,A (Control),0,46.42,3,1
USR_04797,A (Control),0,74.39,2,3
USR_04798,A (Control),0,53.7,5,3
USR_04799,A (Control),0,47.81,8,2
USR_04800,A (Control),0,60.17,6,0
USR_04801,A (Control),0,49.55,3,0
USR_04802,A (Control),0,42.32,5,1
USR_04803,A (Control),0,75.84,4,4
USR_04804,A (Control),0,40.35,6,4
USR_04805,A (Control),0,17.04,6,0
USR_04806,A (Control),0,109.13,3,4
USR_04807,A (Control),0,28.23,4,1
USR_04808,A (Control),0,13.22,4,2
USR_04809,A (Control),0,64.97,6,1
USR_04810,A (Control),0,117.64,4,1
USR_04811,A (Control),0,65.95,6,2
USR_04812,A (Control),0,99.76,3,2
USR_04813,A (Control),0,22.36,6,2
USR_04814,A (Control),0,17.24,3,2
USR_04815,A (Control),0,34.37,6,5
USR_04816,A (Control),0,84.81,3,0
USR_04817,A (Control),0,62.25,4,2
USR_04818,A (Control),0,65.2,4,0
USR_04819,A (Control),0,47.79,3,1
USR_04820,A (Control),0,34.85,6,4
USR_04821,A (Control),1,49.24,4,1
USR_04822,A (Control),0,39.39,6,4
USR_04823,A (Control),0,33.14,2,0
USR_04824,A (Control),0,56.67,3,1
USR_04825,A (Control),0,36.82,8,8
USR_04826,A (Control),0,52.54,2,1
USR_04827,A (Control),0,8.2,7,4
USR_04828,A (Control),0,49.72,8,3
USR_04829,A (Control),0,36.66,5,1
USR_04830,A (Control),1,103.04,6,2
USR_04831,A (Control),0,12.7,2,0
USR_04832,A (Control),0,47.31,3,2
USR_04833,A (Control),1,74.95,5,2
USR_04834,A (Control),0,40.47,4,0
USR_04835,A (Control),0,35.8,5,3
USR_04836,A (Control),0,74.79,5,3
USR_04837,A (Control),0,61.28,6,3
USR_04838,A (Control),0,64.23,4,1
USR_04839,A (Control),0,33.19,11,5
USR_04840,A (Control),0,30.28,8,3
USR_04841,A (Control),0,52.58,4,2
USR_04842,A (Control),1,78.68,2,1
USR_04843,A (Control),0,15.29,4,2
USR_04844,A (Control),0,41.47,6,4
USR_04845,A (Control),1,31.27,3,4
USR_04846,A (Control),0,44.9,5,3
USR_04847,A (Control),0,70.58,4,1
USR_04848,A (Control),0,24.03,3,1
USR_04849,A (Control),0,65.69,4,0
USR_04850,A (Control),0,33.99,6,1
USR_04851,A (Control),0,86.41,5,1
USR_04852,A (Control),0,25.1,4,5
USR_04853,A (Control),0,78.01,6,3
USR_04854,A (Control),0,16.68,3,0
USR_04855,A (Control),0,50.31,3,1
USR_04856,A (Control),0,66.57,2,0
USR_04857,A (Control),0,25.61,5,1
USR_04858,A (Control),0,6.13,6,3
USR_04859,A (Control),0,32.01,6,3
USR_04860,A (Control),0,45.22,4,3
USR_04861,A (Control),0,35.71,5,1
USR_04862,A (Control),0,29.89,7,3
USR_04863,A (Control),0,75.5,8,3
USR_04864,A (Control),0,91.83,5,4
USR_04865,A (Control),0,88.55,3,1
USR_04866,A (Control),0,59.66,5,1
USR_04867,A (Control),0,64.85,7,2
USR_04868,A (Control),0,22.5,4,1
USR_04869,A (Control),0,42.47,2,3
USR_04870,A (Control),0,47.72,5,2
USR_04871,A (Control),0,53.82,6,2
USR_04872,A (Control),0,53.21,3,2
USR_04873,A (Control),0,45.3,5,1
USR_04874,A (Control),0,59.22,6,2
USR_04875,A (Control),0,51.69,6,0
USR_04876,A (Control),0,51.62,3,2
USR_04877,A (Control),0,26.9,6,5
USR_04878,A (Control),0,18.66,2,2
USR_04879,A (Control),0,53.99,7,1
USR_04880,A (Control),0,33.01,4,3
USR_04881,A (Control),0,27.83,8,2
USR_04882,A (Control),0,67.64,4,4
USR_04883,A (Control),0,42.77,2,0
USR_04884,A (Control),1,100.03,3,0
USR_04885,A (Control),0,63.21,4,3
USR_04886,A (Control),1,25.68,5,0
USR_04887,A (Control),1,68.16,4,2
USR_04888,A (Control),0,57.45,3,1
USR_04889,A (Control),0,24.96,6,3
USR_04890,A (Control),0,30.23,6,3
USR_04891,A (Control),0,66.17,7,4
USR_04892,A (Control),0,10.47,4,0
USR_04893,A (Control),0,7.08,6,4
USR_04894,A (Control),0,49.75,3,1
USR_04895,A (Control),0,47.36,5,1
USR_04896,A (Control),0,52.64,2,0
USR_04897,A (Control),0,47.44,3,3
USR_04898,A (Control),0,58.74,4,0
USR_04899,A (Control),0,92.6,4,3
USR_04900,A (Control),0,44.66,2,2
USR_04901,A (Control),1,14.27,4,1
USR_04902,A (Control),0,9.34,3,2
USR_04903,A (Control),1,35.07,6,1
USR_04904,A (Control),0,35.71,5,0
USR_04905,A (Control),0,16.36,4,2
USR_04906,A (Control),0,5.8,7,3
USR_04907,A (Control),0,33.3,5,1
USR_04908,A (Control),0,117.28,5,2
USR_04909,A (Control),0,57.23,4,1
USR_04910,A (Control),0,54.09,4,0
USR_04911,A (Control),0,39.66,4,1
USR_04912,A (Control),0,35.03,6,3
USR_04913,A (Control),1,60.92,4,1
USR_04914,A (Control),0,17.96,7,4
USR_04915,A (Control),0,135.76,7,1
USR_04916,A (Control),0,19.06,4,2
USR_04917,A (Control),0,64.4,3,1
USR_04918,A (Control),0,20.47,3,1
USR_04919,A (Control),0,48.22,2,2
USR_04920,A (Control),1,68.74,5,2
USR_04921,A (Control),0,12.0,2,0
USR_04922,A (Control),0,22.25,6,4
USR_04923,A (Control),1,23.39,6,2
USR_04924,A (Control),0,37.09,1,0
USR_04925,A (Control),0,52.18,7,3
USR_04926,A (Control),0,118.71,3,0
USR_04927,A (Control),0,30.04,3,3
USR_04928,A (Control),1,114.18,7,3
USR_04929,A (Control),0,55.96,4,1
USR_04930,A (Control),0,18.55,2,0
USR_04931,A (Control),0,39.79,3,2
USR_04932,A (Control),0,14.48,9,7
USR_04933,A (Control),0,35.08,4,3
USR_04934,A (Control),0,33.42,2,0
USR_04935,A (Control),0,48.75,5,3
USR_04936,A (Control),0,64.53,4,1
USR_04937,A (Control),1,41.91,5,0
USR_04938,A (Control),0,20.26,4,1
USR_04939,A (Control),0,99.77,6,3
USR_04940,A (Control),0,123.31,7,1
USR_04941,A (Control),0,39.19,3,1
USR_04942,A (Control),0,54.39,4,3
USR_04943,A (Control),0,37.73,8,2
USR_04944,A (Control),0,49.01,8,3
USR_04945,A (Control),0,50.71,6,2
USR_04946,A (Control),0,16.57,5,3
USR_04947,A (Control),0,35.54,5,3
USR_04948,A (Control),0,82.21,4,2
USR_04949,A (Control),0,77.88,5,3
USR_04950,A (Control),0,35.09,5,2
USR_04951,A (Control),1,51.34,6,2
USR_04952,A (Control),0,36.95,4,1
USR_04953,A (Control),0,66.09,5,2
USR_04954,A (Control),0,11.91,4,3
USR_04955,A (Control),0,61.02,5,2
USR_04956,A (Control),0,103.82,4,5
USR_04957,A (Control),0,26.68,7,1
USR_04958,A (Control),0,95.4,2,1
USR_04959,A (Control),0,53.02,6,1
USR_04960,A (Control),0,41.84,5,1
USR_04961,A (Control),0,34.9,3,2
USR_04962,A (Control),0,97.43,12,7
USR_04963,A (Control),0,37.03,6,0
USR_04964,A (Control),0,113.25,6,5
USR_04965,A (Control),0,105.49,6,4
USR_04966,A (Control),1,31.51,1,1
USR_04967,A (Control),0,38.94,5,1
USR_04968,A (Control),0,8.87,6,2
USR_04969,A (Control),0,42.77,5,1
USR_04970,A (Control),0,46.39,3,1
USR_04971,A (Control),0,87.58,6,1
USR_04972,A (Control),1,108.93,5,3
USR_04973,A (Control),0,70.0,5,2
USR_04974,A (Control),1,83.24,7,1
USR_04975,A (Control),0,38.92,2,2
USR_04976,A (Control),0,17.44,3,0
USR_04977,A (Control),0,52.95,5,4
USR_04978,A (Control),0,86.68,4,0
USR_04979,A (Control),0,3.42,7,4
USR_04980,A (Control),0,47.86,1,0
USR_04981,A (Control),0,10.07,3,2
USR_04982,A (Control),0,25.1,6,2
USR_04983,A (Control),0,49.13,5,1
USR_04984,A (Control),0,110.01,4,1
USR_04985,A (Control),0,44.74,5,4
USR_04986,A (Control),0,67.17,4,1
USR_04987,A (Control),0,52.62,4,3
USR_04988,A (Control),0,26.25,6,3
USR_04989,A (Control),0,59.39,1,0
USR_04990,A (Control),0,17.05,6,5
USR_04991,A (Control),0,44.31,4,2
USR_04992,A (Control),0,96.31,3,2
USR_04993,A (Control),1,50.03,2,2
USR_04994,A (Control),0,52.63,7,0
USR_04995,A (Control),0,35.05,4,6
USR_04996,A (Control),0,12.68,3,0
USR_04997,A (Control),0,37.89,3,2
USR_04998,A (Control),0,75.46,2,2
USR_04999,A (Control),0,56.99,4,2
USR_05000,A (Control),0,17.88,4,1
USR_05001,B (Treatment),0,9.59,5,2
USR_05002,B (Treatment),0,26.02,5,2
USR_05003,B (Treatment),0,38.15,3,2
USR_05004,B (Treatment),0,40.04,1,0
USR_05005,B (Treatment),0,40.4,6,4
USR_05006,B (Treatment),1,44.45,5,4
USR_05007,B (Treatment),0,58.2,2,0
USR_05008,B (Treatment),0,33.4,4,1
USR_05009,B (Treatment),0,21.93,6,2
USR_05010,B (Treatment),0,62.5,3,0
USR_05011,B (Treatment),0,76.58,6,2
USR_05012,B (Treatment),0,29.74,5,2
USR_05013,B (Treatment),0,136.32,10,5
USR_05014,B (Treatment),0,106.47,8,2
USR_05015,B (Treatment),0,18.92,4,1
USR_05016,B (Treatment),0,10.26,5,3
USR_05017,B (Treatment),0,39.3,4,3
USR_05018,B (Treatment),0,52.86,4,3
USR_05019,B (Treatment),1,135.12,2,1
USR_05020,B (Treatment),0,132.41,2,1
USR_05021,B (Treatment),0,67.27,3,0
USR_05022,B (Treatment),1,33.89,3,0
USR_05023,B (Treatment),0,89.92,4,3
USR_05024,B (Treatment),0,48.07,5,4
USR_05025,B (Treatment),0,15.77,4,0
USR_05026,B (Treatment),0,16.28,5,4
USR_05027,B (Treatment),0,34.05,2,1
USR_05028,B (Treatment),0,80.92,7,5
USR_05029,B (Treatment),1,20.22,4,2
USR_05030,B (Treatment),0,33.99,4,1
USR_05031,B (Treatment),1,105.91,2,0
USR_05032,B (Treatment),0,56.93,6,3
USR_05033,B (Treatment),0,61.25,4,3
USR_05034,B (Treatment),0,82.73,4,3
USR_05035,B (Treatment),0,34.49,9,5
USR_05036,B (Treatment),1,110.27,5,2
USR_05037,B (Treatment),0,68.54,5,3
USR_05038,B (Treatment),0,40.93,3,1
USR_05039,B (Treatment),0,97.84,3,4
USR_05040,B (Treatment),0,66.66,3,0
USR_05041,B (Treatment),0,43.75,7,4
USR_05042,B (Treatment),0,62.41,3,0
USR_05043,B (Treatment),0,23.51,7,2
USR_05044,B (Treatment),1,90.11,5,3
USR_05045,B (Treatment),0,133.75,2,1
USR_05046,B (Treatment),0,12.18,3,0
USR_05047,B (Treatment),0,29.5,6,3
USR_05048,B (Treatment),0,27.72,3,0
USR_05049,B (Treatment),0,71.26,9,8
USR_05050,B (Treatment),0,51.08,6,3
USR_05051,B (Treatment),0,32.81,7,0
USR_05052,B (Treatment),0,36.44,4,1
USR_05053,B (Treatment),0,30.68,6,2
USR_05054,B (Treatment),0,65.76,5,1
USR_05055,B (Treatment),0,50.53,4,2
USR_05056,B (Treatment),0,35.21,6,1
USR_05057,B (Treatment),0,31.09,4,1
USR_05058,B (Treatment),0,98.89,3,0
USR_05059,B (Treatment),1,88.71,2,1
USR_05060,B (Treatment),0,66.24,6,3
USR_05061,B (Treatment),0,82.99,5,3
USR_05062,B (Treatment),0,15.91,6,6
USR_05063,B (Treatment),0,20.08,5,2
USR_05064,B (Treatment),0,18.37,3,0
USR_05065,B (Treatment),0,44.66,4,7
USR_05066,B (Treatment),0,84.68,3,0
USR_05067,B (Treatment),0,33.14,1,1
USR_05068,B (Treatment),0,91.9,5,1
USR_05069,B (Treatment),0,29.45,6,3
USR_05070,B (Treatment),0,40.59,4,2
USR_05071,B (Treatment),0,32.87,1,1
USR_05072,B (Treatment),0,38.49,3,2
USR_05073,B (Treatment),0,41.42,7,2
USR_05074,B (Treatment),0,9.98,3,2
USR_05075,B (Treatment),0,55.92,7,2
USR_05076,B (Treatment),0,40.76,4,1
USR_05077,B (Treatment),0,110.13,4,0
USR_05078,B (Treatment),0,64.19,4,0
USR_05079,B (Treatment),0,54.36,4,2
USR_05080,B (Treatment),0,106.18,5,6
USR_05081,B (Treatment),0,99.72,8,5
USR_05082,B (Treatment),0,113.11,4,3
USR_05083,B (Treatment),0,30.78,4,3
USR_05084,B (Treatment),0,18.0,7,5
USR_05085,B (Treatment),0,10.03,7,2
USR_05086,B (Treatment),0,82.29,5,3
USR_05087,B (Treatment),0,8.57,2,0
USR_05088,B (Treatment),0,51.03,6,3
USR_05089,B (Treatment),0,13.11,7,2
USR_05090,B (Treatment),0,89.76,3,0
USR_05091,B (Treatment),0,60.99,10,2
USR_05092,B (Treatment),0,89.44,5,6
USR_05093,B (Treatment),0,51.75,5,0
USR_05094,B (Treatment),0,21.87,1,1
USR_05095,B (Treatment),0,32.27,2,2
USR_05096,B (Treatment),0,77.27,5,2
USR_05097,B (Treatment),1,12.1,4,3
USR_05098,B (Treatment),0,30.41,2,0
USR_05099,B (Treatment),0,27.37,3,1
USR_05100,B (Treatment),0,41.8,1,2
USR_05101,B (Treatment),0,65.56,4,0
USR_05102,B (Treatment),0,88.04,5,1
USR_05103,B (Treatment),0,15.04,4,0
USR_05104,B (Treatment),1,23.04,5,2
USR_05105,B (Treatment),0,16.54,8,5
USR_05106,B (Treatment),1,42.94,1,2
USR_05107,B (Treatment),0,18.24,3,0
USR_05108,B (Treatment),0,55.63,5,0
USR_05109,B (Treatment),0,95.45,5,1
USR_05110,B (Treatment),1,10.36,3,4
USR_05111,B (Treatment),0,23.66,6,2
USR_05112,B (Treatment),1,113.84,5,1
USR_05113,B (Treatment),0,50.11,2,1
USR_05114,B (Treatment),0,30.79,3,0
USR_05115,B (Treatment),0,186.6,4,1
USR_05116,B (Treatment),0,36.34,6,1
USR_05117,B (Treatment),1,63.93,2,3
USR_05118,B (Treatment),0,24.46,5,1
USR_05119,B (Treatment),0,21.26,7,2
USR_05120,B (Treatment),0,66.34,5,3
USR_05121,B (Treatment),0,120.12,6,0
USR_05122,B (Treatment),0,31.77,3,2
USR_05123,B (Treatment),0,20.04,9,4
USR_05124,B (Treatment),0,81.42,5,1
USR_05125,B (Treatment),0,32.0,3,1
USR_05126,B (Treatment),0,56.13,4,7
USR_05127,B (Treatment),0,31.09,1,1
USR_05128,B (Treatment),0,34.91,3,4
USR_05129,B (Treatment),0,22.95,3,3
USR_05130,B (Treatment),0,67.46,4,3
USR_05131,B (Treatment),0,57.21,7,2
USR_05132,B (Treatment),0,55.92,3,2
USR_05133,B (Treatment),0,26.4,1,0
USR_05134,B (Treatment),0,54.01,3,1
USR_05135,B (Treatment),0,130.01,5,4
USR_05136,B (Treatment),0,20.15,6,1
USR_05137,B (Treatment),0,24.59,3,1
USR_05138,B (Treatment),0,25.61,4,4
USR_05139,B (Treatment),0,47.27,4,2
USR_05140,B (Treatment),0,18.97,4,0
USR_05141,B (Treatment),0,61.04,8,2
USR_05142,B (Treatment),0,9.34,3,2
USR_05143,B (Treatment),1,72.65,4,3
USR_05144,B (Treatment),0,55.26,2,2
USR_05145,B (Treatment),1,128.21,2,1
USR_05146,B (Treatment),0,20.9,5,1
USR_05147,B (Treatment),0,83.45,2,2
USR_05148,B (Treatment),0,40.84,5,5
USR_05149,B (Treatment),0,35.48,2,1
USR_05150,B (Treatment),0,20.11,6,1
USR_05151,B (Treatment),0,31.42,7,4
USR_05152,B (Treatment),0,32.44,5,0
USR_05153,B (Treatment),0,13.19,4,2
USR_05154,B (Treatment),0,54.88,2,0
USR_05155,B (Treatment),0,50.31,4,2
USR_05156,B (Treatment),0,63.76,2,1
USR_05157,B (Treatment),0,28.53,5,2
USR_05158,B (Treatment),0,74.39,5,4
USR_05159,B (Treatment),0,98.56,4,1
USR_05160,B (Treatment),0,37.38,5,1
USR_05161,B (Treatment),0,21.23,4,2
USR_05162,B (Treatment),0,45.66,2,3
USR_05163,B (Treatment),0,44.25,5,4
USR_05164,B (Treatment),0,38.74,4,1
USR_05165,B (Treatment),0,63.86,6,2
USR_05166,B (Treatment),0,34.28,5,2
USR_05167,B (Treatment),0,19.93,4,2
USR_05168,B (Treatment),0,48.48,3,3
USR_05169,B (Treatment),0,65.83,5,3
USR_05170,B (Treatment),0,69.28,8,6
USR_05171,B (Treatment),0,32.71,7,4
USR_05172,B (Treatment),0,53.08,5,1
USR_05173,B (Treatment),1,99.7,1,1
USR_05174,B (Treatment),0,84.96,7,2
USR_05175,B (Treatment),0,12.47,7,3
USR_05176,B (Treatment),0,34.5,3,3
USR_05177,B (Treatment),0,95.74,3,4
USR_05178,B (Treatment),1,12.4,3,1
USR_05179,B (Treatment),0,41.88,5,2
USR_05180,B (Treatment),0,28.18,3,1
USR_05181,B (Treatment),0,53.83,8,4
USR_05182,B (Treatment),0,6.54,5,3
USR_05183,B (Treatment),0,90.17,4,3
USR_05184,B (Treatment),0,43.27,5,6
USR_05185,B (Treatment),0,18.89,7,5
USR_05186,B (Treatment),0,25.34,3,1
USR_05187,B (Treatment),0,55.05,6,2
USR_05188,B (Treatment),0,23.88,5,3
USR_05189,B (Treatment),0,117.76,6,4
USR_05190,B (Treatment),0,39.91,7,1
USR_05191,B (Treatment),0,104.95,6,2
USR_05192,B (Treatment),0,48.53,3,0
USR_05193,B (Treatment),0,67.45,5,2
USR_05194,B (Treatment),0,64.92,5,1
USR_05195,B (Treatment),0,30.8,2,1
USR_05196,B (Treatment),0,67.98,4,2
USR_05197,B (Treatment),0,32.75,2,1
USR_05198,B (Treatment),0,11.39,5,3
USR_05199,B (Treatment),0,37.51,4,1
USR_05200,B (Treatment),0,16.77,1,0
USR_05201,B (Treatment),0,31.95,4,2
USR_05202,B (Treatment),0,42.31,5,0
USR_05203,B (Treatment),0,21.73,4,2
USR_05204,B (Treatment),0,61.95,7,2
USR_05205,B (Treatment),0,32.48,4,0
USR_05206,B (Treatment),0,16.36,4,0
USR_05207,B (Treatment),0,22.01,5,1
USR_05208,B (Treatment),1,46.58,6,2
USR_05209,B (Treatment),0,36.39,8,4
USR_05210,B (Treatment),0,52.52,7,5
USR_05211,B (Treatment),0,46.8,8,4
USR_05212,B (Treatment),0,20.45,2,1
USR_05213,B (Treatment),0,27.69,7,1
USR_05214,B (Treatment),0,74.02,4,1
USR_05215,B (Treatment),0,23.2,6,4
USR_05216,B (Treatment),0,106.45,5,1
USR_05217,B (Treatment),0,13.53,4,2
USR_05218,B (Treatment),1,72.52,5,3
USR_05219,B (Treatment),0,40.34,7,2
USR_05220,B (Treatment),0,20.55,7,4
USR_05221,B (Treatment),0,45.72,2,0
USR_05222,B (Treatment),0,23.79,2,1
USR_05223,B (Treatment),0,29.01,8,1
USR_05224,B (Treatment),0,33.04,4,0
USR_05225,B (Treatment),0,68.98,7,5
USR_05226,B (Treatment),0,27.4,1,0
USR_05227,B (Treatment),0,50.46,5,1
USR_05228,B (Treatment),0,70.65,1,0
USR_05229,B (Treatment),0,44.89,5,2
USR_05230,B (Treatment),0,55.55,7,2
USR_05231,B (Treatment),0,42.15,7,5
USR_05232,B (Treatment),0,61.14,6,3
USR_05233,B (Treatment),0,15.97,4,1
USR_05234,B (Treatment),0,100.72,4,4
USR_05235,B (Treatment),1,26.14,6,1
USR_05236,B (Treatment),0,40.62,5,1
USR_05237,B (Treatment),0,8.42,3,0
USR_05238,B (Treatment),0,30.04,1,0
USR_05239,B (Treatment),0,51.83,4,1
USR_05240,B (Treatment),0,109.06,3,2
USR_05241,B (Treatment),0,62.89,4,2
USR_05242,B (Treatment),0,31.74,7,4
USR_05243,B (Treatment),0,12.58,3,1
USR_05244,B (Treatment),0,93.74,5,2
USR_05245,B (Treatment),0,30.68,3,1
USR_05246,B (Treatment),0,51.74,6,5
USR_05247,B (Treatment),0,31.8,2,0
USR_05248,B (Treatment),0,55.94,8,6
USR_05249,B (Treatment),0,91.18,2,0
USR_05250,B (Treatment),0,68.46,3,0
USR_05251,B (Treatment),0,35.92,6,2
USR_05252,B (Treatment),1,95.1,1,0
USR_05253,B (Treatment),0,123.68,3,3
USR_05254,B (Treatment),0,79.53,3,0
USR_05255,B (Treatment),0,32.5,3,2
USR_05256,B (Treatment),0,72.61,4,1
USR_05257,B (Treatment),1,79.03,5,3
USR_05258,B (Treatment),0,36.39,7,3
USR_05259,B (Treatment),0,123.67,6,4
USR_05260,B (Treatment),0,88.68,3,3
USR_05261,B (Treatment),0,37.69,7,2
USR_05262,B (Treatment),0,32.48,7,6
USR_05263,B (Treatment),0,77.91,6,3
USR_05264,B (Treatment),0,143.87,2,2
USR_05265,B (Treatment),0,16.91,2,0
USR_05266,B (Treatment),0,57.68,9,7
USR_05267,B (Treatment),1,71.79,2,0
USR_05268,B (Treatment),0,90.68,5,3
USR_05269,B (Treatment),0,72.24,5,5
USR_05270,B (Treatment),0,30.97,2,2
USR_05271,B (Treatment),0,15.38,3,1
USR_05272,B (Treatment),0,35.05,4,1
USR_05273,B (Treatment),0,70.72,3,2
USR_05274,B (Treatment),0,28.65,7,4
USR_05275,B (Treatment),0,99.44,6,3
USR_05276,B (Treatment),0,39.74,1,1
USR_05277,B (Treatment),0,27.36,4,0
USR_05278,B (Treatment),0,61.84,1,0
USR_05279,B (Treatment),0,37.0,3,1
USR_05280,B (Treatment),0,31.86,5,0
USR_05281,B (Treatment),0,133.43,3,0
USR_05282,B (Treatment),0,28.52,2,1
USR_05283,B (Treatment),0,34.18,8,2
USR_05284,B (Treatment),0,62.42,6,4
USR_05285,B (Treatment),0,98.52,2,3
USR_05286,B (Treatment),0,58.7,2,0
USR_05287,B (Treatment),0,46.45,4,3
USR_05288,B (Treatment),0,142.86,1,0
USR_05289,B (Treatment),0,33.06,7,3
USR_05290,B (Treatment),0,33.18,5,3
USR_05291,B (Treatment),0,28.83,11,7
USR_05292,B (Treatment),0,56.38,2,3
USR_05293,B (Treatment),0,22.9,3,2
USR_05294,B (Treatment),0,18.65,2,1
USR_05295,B (Treatment),0,34.11,4,2
USR_05296,B (Treatment),0,12.06,6,3
USR_05297,B (Treatment),0,51.75,7,1
USR_05298,B (Treatment),0,56.48,6,1
USR_05299,B (Treatment),0,62.79,2,1
USR_05300,B (Treatment),0,74.6,2,1
USR_05301,B (Treatment),0,34.79,6,1
USR_05302,B (Treatment),0,91.65,4,2
USR_05303,B (Treatment),1,86.14,2,0
USR_05304,B (Treatment),0,20.54,7,5
USR_05305,B (Treatment),0,42.24,5,3
USR_05306,B (Treatment),0,5.49,3,1
USR_05307,B (Treatment),0,92.44,5,2
USR_05308,B (Treatment),0,73.78,6,5
USR_05309,B (Treatment),0,105.5,5,4
USR_05310,B (Treatment),0,13.44,3,2
USR_05311,B (Treatment),0,59.75,1,0
USR_05312,B (Treatment),0,30.23,5,1
USR_05313,B (Treatment),0,8.27,6,2
USR_05314,B (Treatment),0,80.63,6,4
USR_05315,B (Treatment),0,17.18,4,2
USR_05316,B (Treatment),0,54.9,3,2
USR_05317,B (Treatment),0,29.99,4,0
USR_05318,B (Treatment),0,48.92,4,1
USR_05319,B (Treatment),0,75.25,8,4
USR_05320,B (Treatment),0,49.01,3,1
USR_05321,B (Treatment),0,22.57,5,2
USR_05322,B (Treatment),1,135.41,5,2
USR_05323,B (Treatment),0,35.14,4,3
USR_05324,B (Treatment),0,25.99,4,2
USR_05325,B (Treatment),0,41.36,5,1
USR_05326,B (Treatment),0,13.71,4,1
USR_05327,B (Treatment),0,27.72,5,3
USR_05328,B (Treatment),0,36.63,3,4
USR_05329,B (Treatment),0,51.6,3,3
USR_05330,B (Treatment),0,45.24,6,2
USR_05331,B (Treatment),0,59.85,5,0
USR_05332,B (Treatment),0,42.49,5,3
USR_05333,B (Treatment),0,85.53,6,2
USR_05334,B (Treatment),0,66.48,4,1
USR_05335,B (Treatment),0,56.92,6,3
USR_05336,B (Treatment),0,94.22,4,1
USR_05337,B (Treatment),0,94.22,4,1
USR_05338,B (Treatment),0,47.44,5,4
USR_05339,B (Treatment),0,33.95,5,3
USR_05340,B (Treatment),0,50.37,4,2
USR_05341,B (Treatment),0,40.07,3,3
USR_05342,B (Treatment),0,33.02,5,1
USR_05343,B (Treatment),0,49.08,5,3
USR_05344,B (Treatment),0,55.8,6,1
USR_05345,B (Treatment),0,64.48,6,1
USR_05346,B (Treatment),0,103.38,2,1
USR_05347,B (Treatment),0,52.24,5,0
USR_05348,B (Treatment),0,43.13,6,3
USR_05349,B (Treatment),0,79.4,4,0
USR_05350,B (Treatment),0,24.28,4,2
USR_05351,B (Treatment),0,12.18,7,2
USR_05352,B (Treatment),0,59.23,3,0
USR_05353,B (Treatment),0,35.04,5,3
USR_05354,B (Treatment),0,36.89,3,1
USR_05355,B (Treatment),0,23.85,3,1
USR_05356,B (Treatment),0,89.3,6,2
USR_05357,B (Treatment),0,12.61,2,0
USR_05358,B (Treatment),0,63.02,4,2
USR_05359,B (Treatment),0,43.53,5,3
USR_05360,B (Treatment),0,107.28,3,3
USR_05361,B (Treatment),1,79.62,4,3
USR_05362,B (Treatment),0,19.24,3,0
USR_05363,B (Treatment),0,66.51,6,1
USR_05364,B (Treatment),1,58.15,7,1
USR_05365,B (Treatment),0,41.41,5,1
USR_05366,B (Treatment),0,63.31,5,2
USR_05367,B (Treatment),0,27.67,4,1
USR_05368,B (Treatment),0,46.44,2,1
USR_05369,B (Treatment),0,44.04,4,0
USR_05370,B (Treatment),0,24.78,9,6
USR_05371,B (Treatment),0,35.1,3,2
USR_05372,B (Treatment),0,31.09,5,5
USR_05373,B (Treatment),0,55.78,3,4
USR_05374,B (Treatment),0,92.49,5,3
USR_05375,B (Treatment),0,16.04,3,0
USR_05376,B (Treatment),0,56.86,4,1
USR_05377,B (Treatment),0,30.3,3,1
USR_05378,B (Treatment),0,76.58,1,0
USR_05379,B (Treatment),0,56.42,6,3
USR_05380,B (Treatment),0,12.99,3,2
USR_05381,B (Treatment),1,49.11,5,0
USR_05382,B (Treatment),0,39.95,4,2
USR_05383,B (Treatment),0,17.42,5,0
USR_05384,B (Treatment),1,30.57,5,4
USR_05385,B (Treatment),0,47.69,4,0
USR_05386,B (Treatment),0,31.21,4,1
USR_05387,B (Treatment),0,82.03,5,2
USR_05388,B (Treatment),0,39.71,4,2
USR_05389,B (Treatment),0,29.05,3,0
USR_05390,B (Treatment),0,49.43,4,4
USR_05391,B (Treatment),0,53.63,6,2
USR_05392,B (Treatment),0,77.01,4,1
USR_05393,B (Treatment),0,45.23,5,1
USR_05394,B (Treatment),0,52.24,7,5
USR_05395,B (Treatment),0,35.03,6,0
USR_05396,B (Treatment),0,108.88,4,0
USR_05397,B (Treatment),0,56.21,3,1
USR_05398,B (Treatment),1,48.4,3,4
USR_05399,B (Treatment),0,31.21,2,0
USR_05400,B (Treatment),0,83.15,3,0
USR_05401,B (Treatment),0,11.88,7,4
USR_05402,B (Treatment),0,49.62,4,3
USR_05403,B (Treatment),0,27.94,7,6
USR_05404,B (Treatment),1,72.34,3,2
USR_05405,B (Treatment),0,53.97,1,0
USR_05406,B (Treatment),0,48.86,4,2
USR_05407,B (Treatment),0,20.84,6,2
USR_05408,B (Treatment),0,41.83,3,4
USR_05409,B (Treatment),0,55.35,4,1
USR_05410,B (Treatment),0,77.05,8,2
USR_05411,B (Treatment),0,59.9,6,2
USR_05412,B (Treatment),0,72.34,4,4
USR_05413,B (Treatment),0,15.05,3,1
USR_05414,B (Treatment),0,48.13,1,0
USR_05415,B (Treatment),0,78.91,8,3
USR_05416,B (Treatment),0,6.48,7,0
USR_05417,B (Treatment),0,37.58,3,2
USR_05418,B (Treatment),0,55.69,4,3
USR_05419,B (Treatment),0,85.41,6,2
USR_05420,B (Treatment),0,46.79,9,7
USR_05421,B (Treatment),0,43.39,4,3
USR_05422,B (Treatment),0,52.62,3,2
USR_05423,B (Treatment),0,56.03,3,2
USR_05424,B (Treatment),0,23.66,5,3
USR_05425,B (Treatment),0,31.17,9,4
USR_05426,B (Treatment),0,10.21,5,2
USR_05427,B (Treatment),1,27.94,6,1
USR_05428,B (Treatment),0,19.73,1,0
USR_05429,B (Treatment),0,23.5,3,1
USR_05430,B (Treatment),0,143.46,2,3
USR_05431,B (Treatment),1,82.39,3,0
USR_05432,B (Treatment),1,20.08,4,3
USR_05433,B (Treatment),0,16.39,3,1
USR_05434,B (Treatment),0,29.14,9,8
USR_05435,B (Treatment),0,15.95,3,2
USR_05436,B (Treatment),1,51.73,5,2
USR_05437,B (Treatment),0,51.15,2,0
USR_05438,B (Treatment),0,23.24,4,1
USR_05439,B (Treatment),0,66.81,3,2
USR_05440,B (Treatment),1,66.86,2,1
USR_05441,B (Treatment),1,27.05,3,3
USR_05442,B (Treatment),0,22.67,6,3
USR_05443,B (Treatment),0,32.96,3,0
USR_05444,B (Treatment),0,61.84,4,2
USR_05445,B (Treatment),1,136.29,6,5
USR_05446,B (Treatment),0,60.91,3,5
USR_05447,B (Treatment),0,18.8,6,4
USR_05448,B (Treatment),0,53.51,5,1
USR_05449,B (Treatment),0,46.85,8,4
USR_05450,B (Treatment),0,45.08,6,3
USR_05451,B (Treatment),0,16.31,5,2
USR_05452,B (Treatment),0,53.41,4,0
USR_05453,B (Treatment),0,42.72,4,1
USR_05454,B (Treatment),0,18.19,5,2
USR_05455,B (Treatment),1,115.84,3,2
USR_05456,B (Treatment),0,16.75,4,1
USR_05457,B (Treatment),0,57.89,4,1
USR_05458,B (Treatment),0,39.33,3,2
USR_05459,B (Treatment),0,34.19,4,2
USR_05460,B (Treatment),0,91.63,5,2
USR_05461,B (Treatment),0,76.27,4,0
USR_05462,B (Treatment),0,39.44,3,1
USR_05463,B (Treatment),0,24.22,4,3
USR_05464,B (Treatment),0,31.55,3,0
USR_05465,B (Treatment),0,35.85,2,0
USR_05466,B (Treatment),0,77.08,1,1
USR_05467,B (Treatment),0,55.16,2,1
USR_05468,B (Treatment),0,78.64,3,2
USR_05469,B (Treatment),0,15.84,4,3
USR_05470,B (Treatment),0,82.71,2,0
USR_05471,B (Treatment),1,99.71,6,2
USR_05472,B (Treatment),0,25.45,7,2
USR_05473,B (Treatment),0,71.24,9,2
USR_05474,B (Treatment),0,94.77,4,1
USR_05475,B (Treatment),0,29.33,6,6
USR_05476,B (Treatment),0,19.54,3,0
USR_05477,B (Treatment),0,50.36,5,1
USR_05478,B (Treatment),0,9.87,3,1
USR_05479,B (Treatment),0,82.04,4,1
USR_05480,B (Treatment),0,23.12,6,1
USR_05481,B (Treatment),0,36.79,5,1
USR_05482,B (Treatment),1,66.92,7,3
USR_05483,B (Treatment),0,61.54,3,2
USR_05484,B (Treatment),0,65.69,5,1
USR_05485,B (Treatment),0,25.36,2,1
USR_05486,B (Treatment),0,53.18,4,0
USR_05487,B (Treatment),1,73.83,4,2
USR_05488,B (Treatment),0,28.68,2,0
USR_05489,B (Treatment),0,120.95,2,1
USR_05490,B (Treatment),0,37.9,7,3
USR_05491,B (Treatment),0,9.19,6,1
USR_05492,B (Treatment),0,37.76,4,0
USR_05493,B (Treatment),0,94.01,5,0
USR_05494,B (Treatment),0,22.06,3,1
USR_05495,B (Treatment),0,20.76,2,2
USR_05496,B (Treatment),0,55.92,8,6
USR_05497,B (Treatment),0,19.45,3,1
USR_05498,B (Treatment),0,18.84,2,2
USR_05499,B (Treatment),0,24.1,8,6
USR_05500,B (Treatment),0,108.97,3,2
USR_05501,B (Treatment),1,59.82,5,2
USR_05502,B (Treatment),0,45.23,3,2
USR_05503,B (Treatment),0,25.23,6,2
USR_05504,B (Treatment),1,73.28,4,1
USR_05505,B (Treatment),0,63.65,3,2
USR_05506,B (Treatment),0,113.67,6,5
USR_05507,B (Treatment),0,21.85,3,1
USR_05508,B (Treatment),0,19.83,2,0
USR_05509,B (Treatment),0,9.43,6,1
USR_05510,B (Treatment),0,60.73,5,2
USR_05511,B (Treatment),0,50.92,5,2
USR_05512,B (Treatment),1,33.29,3,1
USR_05513,B (Treatment),0,9.26,5,3
USR_05514,B (Treatment),0,100.72,8,4
USR_05515,B (Treatment),0,49.22,8,3
USR_05516,B (Treatment),1,88.85,3,0
USR_05517,B (Treatment),0,94.03,9,5
USR_05518,B (Treatment),0,59.63,6,3
USR_05519,B (Treatment),0,65.21,4,3
USR_05520,B (Treatment),0,28.02,7,8
USR_05521,B (Treatment),0,46.67,3,1
USR_05522,B (Treatment),0,79.98,6,0
USR_05523,B (Treatment),0,24.15,7,3
USR_05524,B (Treatment),0,76.54,3,3
USR_05525,B (Treatment),0,73.54,6,2
USR_05526,B (Treatment),0,72.36,7,4
USR_05527,B (Treatment),0,44.57,12,5
USR_05528,B (Treatment),0,25.51,5,2
USR_05529,B (Treatment),0,120.54,3,3
USR_05530,B (Treatment),1,97.02,4,2
USR_05531,B (Treatment),1,45.27,5,3
USR_05532,B (Treatment),0,50.97,5,2
USR_05533,B (Treatment),1,36.25,4,3
USR_05534,B (Treatment),0,10.03,2,0
USR_05535,B (Treatment),0,40.93,5,4
USR_05536,B (Treatment),0,59.94,10,5
USR_05537,B (Treatment),0,29.27,5,2
USR_05538,B (Treatment),0,34.98,5,0
USR_05539,B (Treatment),0,34.76,1,0
USR_05540,B (Treatment),0,47.07,8,3
USR_05541,B (Treatment),0,37.26,5,1
USR_05542,B (Treatment),0,23.24,4,0
USR_05543,B (Treatment),0,46.97,4,2
USR_05544,B (Treatment),0,58.01,5,6
USR_05545,B (Treatment),0,49.8,6,2
USR_05546,B (Treatment),0,9.3,3,1
USR_05547,B (Treatment),1,64.92,6,2
USR_05548,B (Treatment),0,18.27,5,1
USR_05549,B (Treatment),1,57.39,2,0
USR_05550,B (Treatment),0,58.98,8,6
USR_05551,B (Treatment),0,13.27,6,6
USR_05552,B (Treatment),0,74.98,3,2
USR_05553,B (Treatment),0,119.79,3,0
USR_05554,B (Treatment),0,35.7,5,2
USR_05555,B (Treatment),0,57.4,2,1
USR_05556,B (Treatment),0,31.61,2,2
USR_05557,B (Treatment),0,18.08,5,3
USR_05558,B (Treatment),0,79.41,3,2
USR_05559,B (Treatment),0,58.31,5,2
USR_05560,B (Treatment),0,26.73,3,2
USR_05561,B (Treatment),0,18.71,4,2
USR_05562,B (Treatment),1,123.72,4,2
USR_05563,B (Treatment),0,15.11,2,2
USR_05564,B (Treatment),0,63.47,6,0
USR_05565,B (Treatment),0,48.71,9,8
USR_05566,B (Treatment),0,70.19,6,4
USR_05567,B (Treatment),0,104.52,5,2
USR_05568,B (Treatment),0,3.78,1,1
USR_05569,B (Treatment),0,20.4,2,2
USR_05570,B (Treatment),0,40.07,5,2
USR_05571,B (Treatment),0,109.52,6,4
USR_05572,B (Treatment),0,32.59,3,0
USR_05573,B (Treatment),0,28.33,5,2
USR_05574,B (Treatment),0,6.23,4,1
USR_05575,B (Treatment),0,26.38,3,0
USR_05576,B (Treatment),0,62.11,3,3
USR_05577,B (Treatment),0,40.25,6,2
USR_05578,B (Treatment),0,25.89,5,3
USR_05579,B (Treatment),0,124.64,5,2
USR_05580,B (Treatment),0,35.57,3,1
USR_05581,B (Treatment),0,47.07,5,2
USR_05582,B (Treatment),0,24.73,6,4
USR_05583,B (Treatment),0,17.97,3,2
USR_05584,B (Treatment),0,67.35,8,3
USR_05585,B (Treatment),0,11.14,5,4
USR_05586,B (Treatment),0,58.8,7,3
USR_05587,B (Treatment),0,2.44,4,3
USR_05588,B (Treatment),0,53.6,4,2
USR_05589,B (Treatment),0,19.42,3,1
USR_05590,B (Treatment),1,22.71,6,5
USR_05591,B (Treatment),0,35.77,2,1
USR_05592,B (Treatment),0,16.84,6,4
USR_05593,B (Treatment),0,8.67,4,3
USR_05594,B (Treatment),0,38.28,4,2
USR_05595,B (Treatment),0,69.49,5,2
USR_05596,B (Treatment),1,50.34,4,4
USR_05597,B (Treatment),1,85.28,6,1
USR_05598,B (Treatment),0,9.72,8,6
USR_05599,B (Treatment),0,32.76,3,1
USR_05600,B (Treatment),0,44.35,5,3
USR_05601,B (Treatment),0,22.73,3,1
USR_05602,B (Treatment),0,45.64,4,1
USR_05603,B (Treatment),0,82.43,3,0
USR_05604,B (Treatment),0,59.88,3,4
USR_05605,B (Treatment),0,89.71,5,0
USR_05606,B (Treatment),0,52.21,1,0
USR_05607,B (Treatment),0,40.4,2,0
USR_05608,B (Treatment),0,105.22,4,3
USR_05609,B (Treatment),0,46.86,2,1
USR_05610,B (Treatment),0,119.11,3,0
USR_05611,B (Treatment),0,76.02,5,2
USR_05612,B (Treatment),0,26.64,2,0
USR_05613,B (Treatment),0,37.69,2,0
USR_05614,B (Treatment),0,104.66,4,2
USR_05615,B (Treatment),0,85.3,5,2
USR_05616,B (Treatment),0,68.84,3,1
USR_05617,B (Treatment),0,64.22,4,1
USR_05618,B (Treatment),0,15.56,2,1
USR_05619,B (Treatment),0,18.63,5,4
USR_05620,B (Treatment),0,50.58,3,2
USR_05621,B (Treatment),0,23.08,4,0
USR_05622,B (Treatment),0,35.97,8,5
USR_05623,B (Treatment),1,34.21,2,0
USR_05624,B (Treatment),0,62.21,6,3
USR_05625,B (Treatment),0,51.86,2,2
USR_05626,B (Treatment),1,81.3,7,3
USR_05627,B (Treatment),0,52.5,4,1
USR_05628,B (Treatment),0,49.95,7,6
USR_05629,B (Treatment),0,43.32,3,0
USR_05630,B (Treatment),0,88.97,4,0
USR_05631,B (Treatment),0,43.63,4,3
USR_05632,B (Treatment),0,26.06,6,5
USR_05633,B (Treatment),0,66.18,4,1
USR_05634,B (Treatment),0,40.12,5,2
USR_05635,B (Treatment),0,75.45,5,1
USR_05636,B (Treatment),0,94.78,1,1
USR_05637,B (Treatment),0,37.75,4,2
USR_05638,B (Treatment),0,92.73,3,1
USR_05639,B (Treatment),0,76.66,6,1
USR_05640,B (Treatment),0,29.46,2,1
USR_05641,B (Treatment),0,23.41,6,4
USR_05642,B (Treatment),0,21.99,6,2
USR_05643,B (Treatment),0,18.28,5,4
USR_05644,B (Treatment),0,87.31,3,0
USR_05645,B (Treatment),0,38.12,4,4
USR_05646,B (Treatment),1,114.31,3,2
USR_05647,B (Treatment),0,26.96,5,4
USR_05648,B (Treatment),0,30.72,4,2
USR_05649,B (Treatment),0,60.36,4,2
USR_05650,B (Treatment),0,110.76,4,1
USR_05651,B (Treatment),0,29.76,4,3
USR_05652,B (Treatment),0,71.37,4,1
USR_05653,B (Treatment),0,43.51,2,0
USR_05654,B (Treatment),0,60.81,3,1
USR_05655,B (Treatment),0,24.42,7,4
USR_05656,B (Treatment),0,66.82,4,3
USR_05657,B (Treatment),1,36.06,6,2
USR_05658,B (Treatment),0,31.73,5,2
USR_05659,B (Treatment),0,42.37,5,2
USR_05660,B (Treatment),0,63.17,5,1
USR_05661,B (Treatment),0,38.89,2,1
USR_05662,B (Treatment),0,31.95,1,0
USR_05663,B (Treatment),0,39.76,5,1
USR_05664,B (Treatment),0,39.11,4,1
USR_05665,B (Treatment),0,59.97,1,0
USR_05666,B (Treatment),0,33.4,1,0
USR_05667,B (Treatment),0,32.83,3,4
USR_05668,B (Treatment),0,24.58,5,3
USR_05669,B (Treatment),0,62.41,4,1
USR_05670,B (Treatment),0,47.5,5,2
USR_05671,B (Treatment),0,88.64,3,1
USR_05672,B (Treatment),0,81.83,7,4
USR_05673,B (Treatment),0,50.57,1,1
USR_05674,B (Treatment),0,40.64,4,1
USR_05675,B (Treatment),1,43.61,9,4
USR_05676,B (Treatment),0,28.25,4,1
USR_05677,B (Treatment),0,24.77,4,2
USR_05678,B (Treatment),0,22.25,2,0
USR_05679,B (Treatment),1,38.4,2,1
USR_05680,B (Treatment),0,4.4,2,3
USR_05681,B (Treatment),0,108.18,5,3
USR_05682,B (Treatment),0,127.24,13,9
USR_05683,B (Treatment),0,20.46,5,1
USR_05684,B (Treatment),0,126.04,5,3
USR_05685,B (Treatment),1,20.68,5,4
USR_05686,B (Treatment),0,43.77,5,0
USR_05687,B (Treatment),0,55.72,3,3
USR_05688,B (Treatment),1,46.31,5,0
USR_05689,B (Treatment),0,29.7,4,5
USR_05690,B (Treatment),1,28.7,7,1
USR_05691,B (Treatment),0,71.86,4,1
USR_05692,B (Treatment),0,90.22,2,0
USR_05693,B (Treatment),0,10.43,3,0
USR_05694,B (Treatment),0,51.18,6,5
USR_05695,B (Treatment),1,63.47,2,0
USR_05696,B (Treatment),0,48.92,6,4
USR_05697,B (Treatment),0,15.02,5,4
USR_05698,B (Treatment),0,60.37,6,5
USR_05699,B (Treatment),1,82.87,7,5
USR_05700,B (Treatment),0,24.29,4,4
USR_05701,B (Treatment),0,29.47,4,0
USR_05702,B (Treatment),0,49.49,3,5
USR_05703,B (Treatment),0,41.39,3,0
USR_05704,B (Treatment),0,29.58,2,0
USR_05705,B (Treatment),0,17.9,9,2
USR_05706,B (Treatment),0,31.37,3,2
USR_05707,B (Treatment),0,7.08,3,0
USR_05708,B (Treatment),0,64.17,6,2
USR_05709,B (Treatment),1,26.38,2,1
USR_05710,B (Treatment),0,70.64,5,2
USR_05711,B (Treatment),0,37.3,6,1
USR_05712,B (Treatment),0,47.62,4,2
USR_05713,B (Treatment),0,12.16,2,0
USR_05714,B (Treatment),0,67.16,2,1
USR_05715,B (Treatment),1,171.77,7,3
USR_05716,B (Treatment),0,33.55,3,4
USR_05717,B (Treatment),0,47.04,4,3
USR_05718,B (Treatment),0,50.96,5,0
USR_05719,B (Treatment),0,16.08,5,1
USR_05720,B (Treatment),1,19.78,4,4
USR_05721,B (Treatment),0,61.19,7,3
USR_05722,B (Treatment),0,24.3,7,4
USR_05723,B (Treatment),0,37.08,3,1
USR_05724,B (Treatment),0,47.69,3,2
USR_05725,B (Treatment),0,62.57,10,2
USR_05726,B (Treatment),0,38.47,4,3
USR_05727,B (Treatment),0,39.16,5,4
USR_05728,B (Treatment),0,155.8,5,1
USR_05729,B (Treatment),0,77.74,4,1
USR_05730,B (Treatment),0,34.2,5,3
USR_05731,B (Treatment),0,39.47,3,3
USR_05732,B (Treatment),0,121.53,7,6
USR_05733,B (Treatment),0,62.71,3,1
USR_05734,B (Treatment),1,83.98,4,2
USR_05735,B (Treatment),1,33.59,5,4
USR_05736,B (Treatment),0,30.91,4,1
USR_05737,B (Treatment),0,104.11,7,5
USR_05738,B (Treatment),0,41.5,7,2
USR_05739,B (Treatment),0,41.06,3,2
USR_05740,B (Treatment),0,32.07,5,5
USR_05741,B (Treatment),0,81.95,6,3
USR_05742,B (Treatment),0,49.29,2,0
USR_05743,B (Treatment),0,18.84,4,4
USR_05744,B (Treatment),0,29.58,4,2
USR_05745,B (Treatment),0,92.62,5,0
USR_05746,B (Treatment),0,50.05,7,0
USR_05747,B (Treatment),0,82.46,4,1
USR_05748,B (Treatment),0,56.12,1,0
USR_05749,B (Treatment),0,20.87,3,2
USR_05750,B (Treatment),0,60.04,7,4
USR_05751,B (Treatment),0,42.16,6,4
USR_05752,B (Treatment),1,30.17,3,1
USR_05753,B (Treatment),1,32.05,7,2
USR_05754,B (Treatment),0,81.18,4,0
USR_05755,B (Treatment),0,51.15,5,0
USR_05756,B (Treatment),0,48.83,3,3
USR_05757,B (Treatment),1,110.47,3,0
USR_05758,B (Treatment),0,26.68,3,1
USR_05759,B (Treatment),0,40.82,9,6
USR_05760,B (Treatment),1,28.33,4,4
USR_05761,B (Treatment),0,59.3,4,1
USR_05762,B (Treatment),0,49.41,2,0
USR_05763,B (Treatment),0,34.07,7,2
USR_05764,B (Treatment),0,37.02,3,0
USR_05765,B (Treatment),1,76.27,6,3
USR_05766,B (Treatment),0,88.48,4,2
USR_05767,B (Treatment),0,29.48,7,4
USR_05768,B (Treatment),0,176.2,4,1
USR_05769,B (Treatment),0,15.72,5,3
USR_05770,B (Treatment),0,20.24,3,0
USR_05771,B (Treatment),0,35.92,5,4
USR_05772,B (Treatment),0,25.64,3,3
USR_05773,B (Treatment),0,23.41,5,2
USR_05774,B (Treatment),0,87.17,3,1
USR_05775,B (Treatment),0,60.66,5,5
USR_05776,B (Treatment),0,46.12,5,4
USR_05777,B (Treatment),0,30.29,3,0
USR_05778,B (Treatment),0,20.89,4,2
USR_05779,B (Treatment),0,20.16,4,0
USR_05780,B (Treatment),0,86.91,4,0
USR_05781,B (Treatment),1,84.75,2,0
USR_05782,B (Treatment),0,36.49,5,3
USR_05783,B (Treatment),0,14.68,5,1
USR_05784,B (Treatment),0,63.97,3,1
USR_05785,B (Treatment),0,36.58,3,0
USR_05786,B (Treatment),0,78.28,4,0
USR_05787,B (Treatment),0,19.92,3,2
USR_05788,B (Treatment),0,45.88,7,4
USR_05789,B (Treatment),0,18.55,6,2
USR_05790,B (Treatment),0,26.15,4,0
USR_05791,B (Treatment),0,25.7,3,2
USR_05792,B (Treatment),0,36.11,4,4
USR_05793,B (Treatment),0,91.4,5,2
USR_05794,B (Treatment),0,47.45,6,1
USR_05795,B (Treatment),1,70.5,5,3
USR_05796,B (Treatment),0,45.57,4,0
USR_05797,B (Treatment),0,32.8,5,1
USR_05798,B (Treatment),0,8.18,4,2
USR_05799,B (Treatment),0,20.73,4,1
USR_05800,B (Treatment),0,43.34,5,5
USR_05801,B (Treatment),0,48.39,4,3
USR_05802,B (Treatment),0,78.45,4,1
USR_05803,B (Treatment),0,11.72,5,5
USR_05804,B (Treatment),1,140.33,3,1
USR_05805,B (Treatment),0,8.09,2,1
USR_05806,B (Treatment),0,41.53,6,3
USR_05807,B (Treatment),0,28.78,7,4
USR_05808,B (Treatment),0,21.01,6,2
USR_05809,B (Treatment),1,106.36,3,3
USR_05810,B (Treatment),0,29.61,8,3
USR_05811,B (Treatment),0,10.96,3,2
USR_05812,B (Treatment),0,16.53,7,5
USR_05813,B (Treatment),0,84.34,4,3
USR_05814,B (Treatment),0,17.18,1,0
USR_05815,B (Treatment),0,13.89,4,3
USR_05816,B (Treatment),0,48.98,7,1
USR_05817,B (Treatment),0,35.93,4,3
USR_05818,B (Treatment),0,57.92,6,4
USR_05819,B (Treatment),0,32.9,7,3
USR_05820,B (Treatment),0,67.88,5,2
USR_05821,B (Treatment),0,15.26,3,1
USR_05822,B (Treatment),0,12.97,3,0
USR_05823,B (Treatment),0,51.91,6,3
USR_05824,B (Treatment),0,35.97,5,4
USR_05825,B (Treatment),0,31.67,4,2
USR_05826,B (Treatment),0,63.95,5,3
USR_05827,B (Treatment),0,152.43,2,4
USR_05828,B (Treatment),0,13.24,3,1
USR_05829,B (Treatment),1,93.44,5,2
USR_05830,B (Treatment),0,65.67,11,6
USR_05831,B (Treatment),0,30.69,4,2
USR_05832,B (Treatment),0,111.17,1,2
USR_05833,B (Treatment),0,16.6,3,3
USR_05834,B (Treatment),0,56.63,3,3
USR_05835,B (Treatment),0,38.07,3,0
USR_05836,B (Treatment),0,30.7,5,2
USR_05837,B (Treatment),0,18.54,5,3
USR_05838,B (Treatment),0,189.18,10,4
USR_05839,B (Treatment),1,30.52,8,4
USR_05840,B (Treatment),0,5.35,1,1
USR_05841,B (Treatment),1,72.49,5,3
USR_05842,B (Treatment),0,53.51,3,1
USR_05843,B (Treatment),0,35.62,5,3
USR_05844,B (Treatment),0,33.3,6,4
USR_05845,B (Treatment),0,40.99,3,2
USR_05846,B (Treatment),0,72.87,5,4
USR_05847,B (Treatment),0,54.0,3,3
USR_05848,B (Treatment),1,59.79,5,1
USR_05849,B (Treatment),0,59.77,4,4
USR_05850,B (Treatment),0,74.93,5,1
USR_05851,B (Treatment),0,88.6,3,1
USR_05852,B (Treatment),0,26.56,2,3
USR_05853,B (Treatment),0,48.94,7,4
USR_05854,B (Treatment),0,86.05,5,1
USR_05855,B (Treatment),0,26.41,5,2
USR_05856,B (Treatment),1,98.14,8,6
USR_05857,B (Treatment),0,26.24,1,0
USR_05858,B (Treatment),0,55.29,5,4
USR_05859,B (Treatment),0,36.05,5,4
USR_05860,B (Treatment),0,32.08,5,4
USR_05861,B (Treatment),0,57.9,4,1
USR_05862,B (Treatment),0,89.05,7,3
USR_05863,B (Treatment),0,35.46,2,0
USR_05864,B (Treatment),0,93.97,8,4
USR_05865,B (Treatment),0,25.53,5,0
USR_05866,B (Treatment),0,89.84,3,1
USR_05867,B (Treatment),0,46.52,2,3
USR_05868,B (Treatment),0,53.13,1,0
USR_05869,B (Treatment),0,18.1,5,1
USR_05870,B (Treatment),0,31.14,4,2
USR_05871,B (Treatment),0,42.52,3,2
USR_05872,B (Treatment),0,83.05,3,2
USR_05873,B (Treatment),0,37.49,5,2
USR_05874,B (Treatment),1,24.03,6,3
USR_05875,B (Treatment),0,50.34,4,1
USR_05876,B (Treatment),0,130.65,4,2
USR_05877,B (Treatment),0,53.97,5,3
USR_05878,B (Treatment),0,37.19,7,4
USR_05879,B (Treatment),1,50.62,5,4
USR_05880,B (Treatment),0,22.81,4,2
USR_05881,B (Treatment),0,101.81,4,0
USR_05882,B (Treatment),0,100.74,7,1
USR_05883,B (Treatment),0,22.12,4,2
USR_05884,B (Treatment),0,99.22,3,1
USR_05885,B (Treatment),0,50.96,2,0
USR_05886,B (Treatment),0,66.5,2,1
USR_05887,B (Treatment),0,43.11,4,1
USR_05888,B (Treatment),0,45.3,5,1
USR_05889,B (Treatment),0,27.94,4,2
USR_05890,B (Treatment),0,22.38,7,6
USR_05891,B (Treatment),0,21.5,4,1
USR_05892,B (Treatment),0,84.58,9,2
USR_05893,B (Treatment),0,48.78,6,3
USR_05894,B (Treatment),0,23.16,6,1
USR_05895,B (Treatment),0,46.2,1,0
USR_05896,B (Treatment),0,11.51,3,5
USR_05897,B (Treatment),0,22.81,2,2
USR_05898,B (Treatment),0,89.68,6,4
USR_05899,B (Treatment),0,30.09,3,0
USR_05900,B (Treatment),1,83.02,4,1
USR_05901,B (Treatment),0,40.78,6,3
USR_05902,B (Treatment),0,66.78,5,3
USR_05903,B (Treatment),0,18.73,6,3
USR_05904,B (Treatment),0,60.56,3,0
USR_05905,B (Treatment),0,6.38,3,1
USR_05906,B (Treatment),0,32.07,5,1
USR_05907,B (Treatment),0,92.61,5,5
USR_05908,B (Treatment),0,44.29,3,1
USR_05909,B (Treatment),0,21.99,4,1
USR_05910,B (Treatment),0,87.93,3,3
USR_05911,B (Treatment),1,140.24,4,4
USR_05912,B (Treatment),0,36.51,5,2
USR_05913,B (Treatment),0,12.24,6,4
USR_05914,B (Treatment),0,44.71,6,2
USR_05915,B (Treatment),0,69.33,7,2
USR_05916,B (Treatment),0,37.89,8,4
USR_05917,B (Treatment),0,7.29,4,3
USR_05918,B (Treatment),0,65.0,5,3
USR_05919,B (Treatment),0,25.64,7,3
USR_05920,B (Treatment),0,31.75,3,2
USR_05921,B (Treatment),0,12.76,6,4
USR_05922,B (Treatment),1,4.83,5,3
USR_05923,B (Treatment),0,18.21,2,1
USR_05924,B (Treatment),0,29.8,4,4
USR_05925,B (Treatment),0,29.34,5,0
USR_05926,B (Treatment),0,104.63,3,1
USR_05927,B (Treatment),0,20.05,5,4
USR_05928,B (Treatment),0,78.71,4,2
USR_05929,B (Treatment),1,47.69,3,2
USR_05930,B (Treatment),1,113.89,7,2
USR_05931,B (Treatment),0,41.22,4,2
USR_05932,B (Treatment),0,8.07,7,7
USR_05933,B (Treatment),0,38.79,3,0
USR_05934,B (Treatment),0,5.12,2,0
USR_05935,B (Treatment),0,17.93,1,0
USR_05936,B (Treatment),0,39.2,7,3
USR_05937,B (Treatment),0,39.85,2,1
USR_05938,B (Treatment),0,77.06,7,2
USR_05939,B (Treatment),0,57.39,4,2
USR_05940,B (Treatment),0,107.2,2,1
USR_05941,B (Treatment),0,77.01,4,2
USR_05942,B (Treatment),0,71.19,5,1
USR_05943,B (Treatment),0,133.3,6,3
USR_05944,B (Treatment),0,74.69,5,3
USR_05945,B (Treatment),0,96.4,3,2
USR_05946,B (Treatment),0,11.57,4,3
USR_05947,B (Treatment),0,34.9,6,6
USR_05948,B (Treatment),1,55.86,4,3
USR_05949,B (Treatment),0,45.58,2,3
USR_05950,B (Treatment),0,24.97,2,0
USR_05951,B (Treatment),0,71.73,6,3
USR_05952,B (Treatment),0,82.51,7,2
USR_05953,B (Treatment),0,41.0,5,4
USR_05954,B (Treatment),0,36.15,3,2
USR_05955,B (Treatment),0,30.29,4,0
USR_05956,B (Treatment),0,73.61,5,3
USR_05957,B (Treatment),0,35.65,4,3
USR_05958,B (Treatment),0,44.63,4,2
USR_05959,B (Treatment),0,90.22,4,2
USR_05960,B (Treatment),0,52.45,4,0
USR_05961,B (Treatment),0,44.64,1,1
USR_05962,B (Treatment),0,28.51,7,1
USR_05963,B (Treatment),0,42.98,4,2
USR_05964,B (Treatment),0,25.55,4,4
USR_05965,B (Treatment),0,50.34,2,1
USR_05966,B (Treatment),0,31.16,3,2
USR_05967,B (Treatment),0,34.1,5,4
USR_05968,B (Treatment),0,43.21,4,0
USR_05969,B (Treatment),0,115.42,6,5
USR_05970,B (Treatment),0,55.24,4,1
USR_05971,B (Treatment),0,18.1,4,1
USR_05972,B (Treatment),0,35.65,1,1
USR_05973,B (Treatment),0,29.01,3,2
USR_05974,B (Treatment),0,28.06,3,1
USR_05975,B (Treatment),0,28.83,4,0
USR_05976,B (Treatment),0,36.36,4,1
USR_05977,B (Treatment),1,26.04,6,6
USR_05978,B (Treatment),0,26.13,9,2
USR_05979,B (Treatment),0,29.09,3,3
USR_05980,B (Treatment),0,28.08,3,1
USR_05981,B (Treatment),0,23.22,6,3
USR_05982,B (Treatment),0,63.19,6,3
USR_05983,B (Treatment),0,33.05,5,2
USR_05984,B (Treatment),0,37.52,5,0
USR_05985,B (Treatment),0,35.55,6,1
USR_05986,B (Treatment),0,27.29,3,1
USR_05987,B (Treatment),0,22.54,6,6
USR_05988,B (Treatment),0,67.1,5,5
USR_05989,B (Treatment),1,23.52,3,0
USR_05990,B (Treatment),0,24.39,3,3
USR_05991,B (Treatment),0,79.72,2,0
USR_05992,B (Treatment),0,29.44,5,4
USR_05993,B (Treatment),0,42.97,6,4
USR_05994,B (Treatment),0,34.37,6,6
USR_05995,B (Treatment),1,41.88,5,2
USR_05996,B (Treatment),1,102.7,3,2
USR_05997,B (Treatment),0,25.58,6,4
USR_05998,B (Treatment),0,63.32,5,2
USR_05999,B (Treatment),0,66.94,5,6
USR_06000,B (Treatment),0,63.88,7,2
USR_06001,B (Treatment),0,99.97,4,5
USR_06002,B (Treatment),0,7.55,2,2
USR_06003,B (Treatment),0,14.66,6,3
USR_06004,B (Treatment),0,22.14,1,0
USR_06005,B (Treatment),0,30.64,2,0
USR_06006,B (Treatment),0,50.87,2,2
USR_06007,B (Treatment),0,23.05,3,2
USR_06008,B (Treatment),1,22.92,5,5
USR_06009,B (Treatment),0,45.82,2,1
USR_06010,B (Treatment),1,58.82,8,6
USR_06011,B (Treatment),0,42.46,4,3
USR_06012,B (Treatment),1,60.68,5,5
USR_06013,B (Treatment),0,12.34,7,2
USR_06014,B (Treatment),0,26.08,2,1
USR_06015,B (Treatment),0,21.38,3,0
USR_06016,B (Treatment),0,29.45,4,2
USR_06017,B (Treatment),0,40.95,3,2
USR_06018,B (Treatment),0,10.02,7,2
USR_06019,B (Treatment),0,29.23,5,1
USR_06020,B (Treatment),1,25.88,2,1
USR_06021,B (Treatment),0,13.31,5,2
USR_06022,B (Treatment),0,61.63,3,1
USR_06023,B (Treatment),0,42.3,5,2
USR_06024,B (Treatment),0,29.6,1,0
USR_06025,B (Treatment),1,110.95,1,0
USR_06026,B (Treatment),0,14.34,6,3
USR_06027,B (Treatment),0,114.69,5,0
USR_06028,B (Treatment),0,36.13,2,0
USR_06029,B (Treatment),0,24.36,6,4
USR_06030,B (Treatment),0,30.15,5,3
USR_06031,B (Treatment),0,32.42,4,1
USR_06032,B (Treatment),0,123.85,4,1
USR_06033,B (Treatment),0,51.05,5,0
USR_06034,B (Treatment),0,18.84,6,2
USR_06035,B (Treatment),1,66.86,4,2
USR_06036,B (Treatment),0,32.63,6,5
USR_06037,B (Treatment),0,3.58,6,0
USR_06038,B (Treatment),0,65.81,6,2
USR_06039,B (Treatment),0,66.9,3,1
USR_06040,B (Treatment),0,33.9,7,5
USR_06041,B (Treatment),0,26.99,6,1
USR_06042,B (Treatment),1,71.13,5,0
USR_06043,B (Treatment),0,25.97,7,3
USR_06044,B (Treatment),1,81.1,5,3
USR_06045,B (Treatment),0,26.44,4,3
USR_06046,B (Treatment),0,39.03,8,3
USR_06047,B (Treatment),0,54.46,3,1
USR_06048,B (Treatment),0,47.38,3,1
USR_06049,B (Treatment),0,24.83,8,2
USR_06050,B (Treatment),0,52.5,9,9
USR_06051,B (Treatment),0,64.85,4,2
USR_06052,B (Treatment),0,19.6,5,1
USR_06053,B (Treatment),0,55.43,7,3
USR_06054,B (Treatment),0,38.19,4,3
USR_06055,B (Treatment),0,20.62,4,2
USR_06056,B (Treatment),0,51.06,3,1
USR_06057,B (Treatment),0,69.48,5,3
USR_06058,B (Treatment),0,28.22,5,3
USR_06059,B (Treatment),0,52.77,3,0
USR_06060,B (Treatment),0,32.45,3,0
USR_06061,B (Treatment),0,61.15,7,7
USR_06062,B (Treatment),0,77.5,4,1
USR_06063,B (Treatment),0,49.34,1,0
USR_06064,B (Treatment),0,64.45,1,2
USR_06065,B (Treatment),0,71.61,4,1
USR_06066,B (Treatment),0,28.08,2,1
USR_06067,B (Treatment),0,32.05,3,2
USR_06068,B (Treatment),1,53.63,4,1
USR_06069,B (Treatment),0,88.15,8,3
USR_06070,B (Treatment),0,17.08,2,0
USR_06071,B (Treatment),0,57.37,6,2
USR_06072,B (Treatment),0,83.74,4,2
USR_06073,B (Treatment),1,37.39,4,3
USR_06074,B (Treatment),1,41.71,3,3
USR_06075,B (Treatment),0,41.06,5,2
USR_06076,B (Treatment),0,39.52,2,0
USR_06077,B (Treatment),0,24.25,3,3
USR_06078,B (Treatment),0,38.4,2,0
USR_06079,B (Treatment),0,24.84,3,2
USR_06080,B (Treatment),0,61.8,6,4
USR_06081,B (Treatment),0,10.95,4,0
USR_06082,B (Treatment),0,69.91,3,0
USR_06083,B (Treatment),0,76.56,7,4
USR_06084,B (Treatment),0,47.1,3,3
USR_06085,B (Treatment),1,109.46,4,2
USR_06086,B (Treatment),0,55.0,5,3
USR_06087,B (Treatment),0,50.95,3,2
USR_06088,B (Treatment),0,10.45,9,4
USR_06089,B (Treatment),0,79.53,6,3
USR_06090,B (Treatment),0,22.28,4,0
USR_06091,B (Treatment),1,20.32,5,5
USR_06092,B (Treatment),0,48.34,2,1
USR_06093,B (Treatment),0,24.94,7,2
USR_06094,B (Treatment),0,37.05,7,2
USR_06095,B (Treatment),0,83.31,6,0
USR_06096,B (Treatment),0,101.85,7,2
USR_06097,B (Treatment),0,28.23,7,2
USR_06098,B (Treatment),0,38.07,4,2
USR_06099,B (Treatment),0,143.83,4,2
USR_06100,B (Treatment),0,101.28,4,3
USR_06101,B (Treatment),0,72.5,4,0
USR_06102,B (Treatment),0,24.89,3,2
USR_06103,B (Treatment),0,28.58,3,3
USR_06104,B (Treatment),0,72.04,4,2
USR_06105,B (Treatment),1,9.12,2,0
USR_06106,B (Treatment),0,80.26,6,2
USR_06107,B (Treatment),0,92.55,4,3
USR_06108,B (Treatment),0,34.4,7,6
USR_06109,B (Treatment),1,102.85,2,0
USR_06110,B (Treatment),0,56.51,2,1
USR_06111,B (Treatment),1,18.1,3,2
USR_06112,B (Treatment),0,45.52,6,0
USR_06113,B (Treatment),0,26.76,6,1
USR_06114,B (Treatment),0,49.33,5,0
USR_06115,B (Treatment),0,17.1,6,2
USR_06116,B (Treatment),0,107.52,1,0
USR_06117,B (Treatment),0,61.25,3,1
USR_06118,B (Treatment),0,31.87,4,2
USR_06119,B (Treatment),0,50.17,2,2
USR_06120,B (Treatment),0,42.08,3,1
USR_06121,B (Treatment),0,109.82,4,0
USR_06122,B (Treatment),0,41.54,5,0
USR_06123,B (Treatment),0,48.32,5,4
USR_06124,B (Treatment),0,15.12,5,4
USR_06125,B (Treatment),0,49.05,3,0
USR_06126,B (Treatment),0,55.19,3,0
USR_06127,B (Treatment),0,20.21,5,4
USR_06128,B (Treatment),0,66.54,7,4
USR_06129,B (Treatment),0,8.26,6,3
USR_06130,B (Treatment),0,37.9,3,1
USR_06131,B (Treatment),0,14.65,2,2
USR_06132,B (Treatment),1,44.31,6,2
USR_06133,B (Treatment),0,33.01,4,1
USR_06134,B (Treatment),0,57.64,3,0
USR_06135,B (Treatment),0,41.16,4,2
USR_06136,B (Treatment),0,56.68,4,4
USR_06137,B (Treatment),0,44.96,5,1
USR_06138,B (Treatment),1,82.67,9,7
USR_06139,B (Treatment),0,75.58,7,4
USR_06140,B (Treatment),0,25.79,2,0
USR_06141,B (Treatment),0,78.89,5,3
USR_06142,B (Treatment),0,54.91,3,1
USR_06143,B (Treatment),1,87.36,3,0
USR_06144,B (Treatment),0,20.78,5,1
USR_06145,B (Treatment),0,17.02,2,0
USR_06146,B (Treatment),1,17.28,12,8
USR_06147,B (Treatment),0,102.65,4,4
USR_06148,B (Treatment),0,88.43,6,3
USR_06149,B (Treatment),0,75.52,7,3
USR_06150,B (Treatment),0,15.56,7,4
USR_06151,B (Treatment),0,76.06,4,2
USR_06152,B (Treatment),1,16.37,8,3
USR_06153,B (Treatment),0,3.67,4,1
USR_06154,B (Treatment),0,32.52,4,2
USR_06155,B (Treatment),0,38.54,7,4
USR_06156,B (Treatment),0,95.22,1,1
USR_06157,B (Treatment),0,20.55,8,1
USR_06158,B (Treatment),1,150.33,5,3
USR_06159,B (Treatment),0,49.12,4,0
USR_06160,B (Treatment),0,40.23,3,2
USR_06161,B (Treatment),1,40.09,3,2
USR_06162,B (Treatment),1,16.96,6,4
USR_06163,B (Treatment),0,34.46,4,3
USR_06164,B (Treatment),0,51.51,8,4
USR_06165,B (Treatment),0,77.03,2,0
USR_06166,B (Treatment),0,33.53,5,3
USR_06167,B (Treatment),0,48.81,6,4
USR_06168,B (Treatment),1,69.94,2,0
USR_06169,B (Treatment),0,32.83,7,6
USR_06170,B (Treatment),0,80.09,5,1
USR_06171,B (Treatment),0,61.57,4,1
USR_06172,B (Treatment),0,72.46,2,0
USR_06173,B (Treatment),0,9.79,6,6
USR_06174,B (Treatment),0,35.59,9,3
USR_06175,B (Treatment),0,27.61,5,5
USR_06176,B (Treatment),0,7.89,5,3
USR_06177,B (Treatment),0,75.89,3,0
USR_06178,B (Treatment),0,13.1,4,2
USR_06179,B (Treatment),0,97.25,4,3
USR_06180,B (Treatment),0,41.98,5,2
USR_06181,B (Treatment),0,57.98,5,1
USR_06182,B (Treatment),0,28.19,5,1
USR_06183,B (Treatment),0,79.74,4,1
USR_06184,B (Treatment),0,40.98,7,1
USR_06185,B (Treatment),0,60.02,8,3
USR_06186,B (Treatment),1,85.0,5,3
USR_06187,B (Treatment),0,65.11,1,0
USR_06188,B (Treatment),0,33.01,5,2
USR_06189,B (Treatment),0,41.13,8,3
USR_06190,B (Treatment),0,73.92,2,4
USR_06191,B (Treatment),0,2.25,2,1
USR_06192,B (Treatment),1,36.09,3,2
USR_06193,B (Treatment),0,43.61,15,7
USR_06194,B (Treatment),0,52.88,5,1
USR_06195,B (Treatment),0,28.2,4,3
USR_06196,B (Treatment),0,40.62,3,2
USR_06197,B (Treatment),0,48.9,6,2
USR_06198,B (Treatment),0,48.33,8,4
USR_06199,B (Treatment),0,47.24,4,0
USR_06200,B (Treatment),0,33.73,4,0
USR_06201,B (Treatment),0,50.38,6,4
USR_06202,B (Treatment),1,93.84,2,3
USR_06203,B (Treatment),0,41.04,3,1
USR_06204,B (Treatment),0,49.96,1,0
USR_06205,B (Treatment),0,40.56,3,2
USR_06206,B (Treatment),0,90.92,4,3
USR_06207,B (Treatment),0,36.18,8,4
USR_06208,B (Treatment),0,22.64,2,1
USR_06209,B (Treatment),0,66.57,6,3
USR_06210,B (Treatment),0,34.97,5,1
USR_06211,B (Treatment),0,64.29,6,3
USR_06212,B (Treatment),0,31.16,2,1
USR_06213,B (Treatment),0,18.96,2,1
USR_06214,B (Treatment),0,41.94,7,2
USR_06215,B (Treatment),0,14.26,2,1
USR_06216,B (Treatment),0,52.14,7,2
USR_06217,B (Treatment),0,71.78,3,2
USR_06218,B (Treatment),0,125.0,3,0
USR_06219,B (Treatment),1,30.24,6,4
USR_06220,B (Treatment),0,25.44,4,3
USR_06221,B (Treatment),0,70.73,3,3
USR_06222,B (Treatment),1,67.71,3,1
USR_06223,B (Treatment),1,70.41,3,0
USR_06224,B (Treatment),0,126.14,5,3
USR_06225,B (Treatment),0,43.67,2,0
USR_06226,B (Treatment),0,141.49,7,1
USR_06227,B (Treatment),0,34.16,4,3
USR_06228,B (Treatment),0,26.99,5,1
USR_06229,B (Treatment),0,25.21,8,4
USR_06230,B (Treatment),0,24.08,4,3
USR_06231,B (Treatment),0,129.76,5,1
USR_06232,B (Treatment),0,88.05,6,5
USR_06233,B (Treatment),0,122.86,7,2
USR_06234,B (Treatment),0,9.31,5,2
USR_06235,B (Treatment),0,16.27,4,0
USR_06236,B (Treatment),0,35.07,6,3
USR_06237,B (Treatment),0,31.46,3,1
USR_06238,B (Treatment),0,50.12,2,3
USR_06239,B (Treatment),0,44.38,3,2
USR_06240,B (Treatment),0,20.18,4,3
USR_06241,B (Treatment),0,29.09,5,1
USR_06242,B (Treatment),0,36.46,6,4
USR_06243,B (Treatment),0,17.86,7,3
USR_06244,B (Treatment),0,39.73,4,1
USR_06245,B (Treatment),0,18.8,8,5
USR_06246,B (Treatment),1,38.97,3,4
USR_06247,B (Treatment),0,22.5,4,0
USR_06248,B (Treatment),0,75.89,6,4
USR_06249,B (Treatment),0,56.41,5,5
USR_06250,B (Treatment),0,55.53,6,2
USR_06251,B (Treatment),0,67.01,6,2
USR_06252,B (Treatment),0,58.32,7,5
USR_06253,B (Treatment),0,76.18,6,6
USR_06254,B (Treatment),0,47.39,3,3
USR_06255,B (Treatment),0,66.42,5,0
USR_06256,B (Treatment),0,54.45,4,3
USR_06257,B (Treatment),0,54.2,3,2
USR_06258,B (Treatment),0,13.46,4,2
USR_06259,B (Treatment),0,20.51,6,4
USR_06260,B (Treatment),0,50.45,9,6
USR_06261,B (Treatment),1,25.32,5,2
USR_06262,B (Treatment),0,41.07,4,1
USR_06263,B (Treatment),0,29.86,5,2
USR_06264,B (Treatment),0,30.68,5,2
USR_06265,B (Treatment),0,44.23,9,5
USR_06266,B (Treatment),0,35.78,5,4
USR_06267,B (Treatment),0,96.18,6,2
USR_06268,B (Treatment),0,14.63,5,4
USR_06269,B (Treatment),1,61.2,3,1
USR_06270,B (Treatment),0,68.75,4,0
USR_06271,B (Treatment),0,100.15,3,0
USR_06272,B (Treatment),0,44.92,4,2
USR_06273,B (Treatment),0,64.58,8,4
USR_06274,B (Treatment),0,95.44,3,0
USR_06275,B (Treatment),1,28.19,5,3
USR_06276,B (Treatment),0,22.6,5,2
USR_06277,B (Treatment),0,46.27,6,8
USR_06278,B (Treatment),0,37.0,2,0
USR_06279,B (Treatment),0,65.39,7,4
USR_06280,B (Treatment),0,15.38,10,3
USR_06281,B (Treatment),1,91.71,4,1
USR_06282,B (Treatment),0,50.72,3,0
USR_06283,B (Treatment),0,36.26,4,0
USR_06284,B (Treatment),0,43.09,8,2
USR_06285,B (Treatment),0,78.88,2,0
USR_06286,B (Treatment),1,59.01,5,0
USR_06287,B (Treatment),0,42.54,7,4
USR_06288,B (Treatment),0,37.62,2,1
USR_06289,B (Treatment),0,38.77,5,2
USR_06290,B (Treatment),1,63.7,4,0
USR_06291,B (Treatment),0,35.59,3,1
USR_06292,B (Treatment),0,60.71,7,3
USR_06293,B (Treatment),0,23.12,3,5
USR_06294,B (Treatment),0,26.01,4,2
USR_06295,B (Treatment),0,42.22,1,0
USR_06296,B (Treatment),0,37.43,4,1
USR_06297,B (Treatment),0,27.11,7,3
USR_06298,B (Treatment),0,18.68,3,1
USR_06299,B (Treatment),0,24.38,3,2
USR_06300,B (Treatment),0,105.28,6,3
USR_06301,B (Treatment),0,27.05,7,3
USR_06302,B (Treatment),0,44.35,2,2
USR_06303,B (Treatment),0,27.04,4,1
USR_06304,B (Treatment),0,35.03,4,0
USR_06305,B (Treatment),0,73.13,3,3
USR_06306,B (Treatment),0,36.86,10,4
USR_06307,B (Treatment),0,34.02,9,4
USR_06308,B (Treatment),0,28.18,2,2
USR_06309,B (Treatment),0,35.9,4,4
USR_06310,B (Treatment),0,54.4,4,2
USR_06311,B (Treatment),0,10.31,7,5
USR_06312,B (Treatment),0,16.61,4,2
USR_06313,B (Treatment),0,55.21,4,0
USR_06314,B (Treatment),0,43.87,6,6
USR_06315,B (Treatment),0,29.21,1,1
USR_06316,B (Treatment),0,57.17,1,1
USR_06317,B (Treatment),1,32.87,5,2
USR_06318,B (Treatment),0,72.46,2,3
USR_06319,B (Treatment),0,28.37,5,2
USR_06320,B (Treatment),0,22.71,2,1
USR_06321,B (Treatment),0,162.26,5,1
USR_06322,B (Treatment),0,63.87,5,1
USR_06323,B (Treatment),0,24.96,4,2
USR_06324,B (Treatment),0,33.04,3,2
USR_06325,B (Treatment),0,28.46,7,5
USR_06326,B (Treatment),0,12.35,5,1
USR_06327,B (Treatment),0,34.43,2,2
USR_06328,B (Treatment),0,46.76,5,4
USR_06329,B (Treatment),0,93.33,4,3
USR_06330,B (Treatment),0,39.77,4,2
USR_06331,B (Treatment),0,31.05,4,3
USR_06332,B (Treatment),0,100.22,8,6
USR_06333,B (Treatment),0,87.76,3,1
USR_06334,B (Treatment),1,46.58,5,4
USR_06335,B (Treatment),0,43.78,6,2
USR_06336,B (Treatment),0,54.01,9,4
USR_06337,B (Treatment),0,28.12,6,1
USR_06338,B (Treatment),0,42.65,7,5
USR_06339,B (Treatment),0,27.37,4,1
USR_06340,B (Treatment),1,89.49,5,1
USR_06341,B (Treatment),1,23.52,2,0
USR_06342,B (Treatment),0,48.87,1,0
USR_06343,B (Treatment),0,50.35,6,5
USR_06344,B (Treatment),0,93.87,9,8
USR_06345,B (Treatment),1,30.79,7,5
USR_06346,B (Treatment),1,26.58,6,2
USR_06347,B (Treatment),0,61.76,4,0
USR_06348,B (Treatment),0,56.92,4,1
USR_06349,B (Treatment),0,124.56,6,4
USR_06350,B (Treatment),0,47.11,8,3
USR_06351,B (Treatment),0,88.42,5,4
USR_06352,B (Treatment),0,82.7,4,3
USR_06353,B (Treatment),0,26.49,5,1
USR_06354,B (Treatment),0,13.88,4,2
USR_06355,B (Treatment),0,34.84,3,1
USR_06356,B (Treatment),0,70.8,7,2
USR_06357,B (Treatment),0,94.79,5,3
USR_06358,B (Treatment),0,1.72,5,4
USR_06359,B (Treatment),0,23.4,8,7
USR_06360,B (Treatment),0,54.01,4,0
USR_06361,B (Treatment),0,63.36,2,1
USR_06362,B (Treatment),0,20.95,4,2
USR_06363,B (Treatment),0,27.3,4,1
USR_06364,B (Treatment),0,11.59,4,1
USR_06365,B (Treatment),0,107.24,8,5
USR_06366,B (Treatment),0,49.08,3,2
USR_06367,B (Treatment),0,27.06,7,4
USR_06368,B (Treatment),1,84.94,5,4
USR_06369,B (Treatment),0,49.05,5,2
USR_06370,B (Treatment),1,93.79,6,4
USR_06371,B (Treatment),0,101.67,6,0
USR_06372,B (Treatment),0,21.0,5,6
USR_06373,B (Treatment),0,87.99,3,3
USR_06374,B (Treatment),0,86.06,5,4
USR_06375,B (Treatment),0,57.27,3,2
USR_06376,B (Treatment),0,60.09,6,3
USR_06377,B (Treatment),0,46.91,2,0
USR_06378,B (Treatment),0,18.08,2,0
USR_06379,B (Treatment),0,16.97,2,0
USR_06380,B (Treatment),0,109.83,7,2
USR_06381,B (Treatment),0,49.0,4,2
USR_06382,B (Treatment),0,36.44,3,1
USR_06383,B (Treatment),0,62.37,5,2
USR_06384,B (Treatment),1,26.32,3,0
USR_06385,B (Treatment),0,32.11,8,4
USR_06386,B (Treatment),0,43.98,5,3
USR_06387,B (Treatment),0,29.36,4,1
USR_06388,B (Treatment),0,58.64,3,0
USR_06389,B (Treatment),0,39.6,6,4
USR_06390,B (Treatment),0,58.38,4,0
USR_06391,B (Treatment),0,61.83,7,5
USR_06392,B (Treatment),0,83.69,6,3
USR_06393,B (Treatment),0,34.89,7,2
USR_06394,B (Treatment),0,20.63,5,4
USR_06395,B (Treatment),0,154.69,4,1
USR_06396,B (Treatment),0,93.78,8,4
USR_06397,B (Treatment),1,10.8,7,4
USR_06398,B (Treatment),1,168.15,3,0
USR_06399,B (Treatment),0,28.18,4,2
USR_06400,B (Treatment),0,39.88,5,3
USR_06401,B (Treatment),0,18.24,2,2
USR_06402,B (Treatment),0,46.4,3,2
USR_06403,B (Treatment),0,29.2,2,1
USR_06404,B (Treatment),0,18.72,3,3
USR_06405,B (Treatment),0,15.5,5,2
USR_06406,B (Treatment),0,24.82,5,4
USR_06407,B (Treatment),0,65.94,6,4
USR_06408,B (Treatment),0,58.97,9,5
USR_06409,B (Treatment),0,21.55,4,1
USR_06410,B (Treatment),1,33.84,2,1
USR_06411,B (Treatment),0,75.73,3,3
USR_06412,B (Treatment),0,34.72,2,1
USR_06413,B (Treatment),0,95.24,4,3
USR_06414,B (Treatment),1,144.23,2,0
USR_06415,B (Treatment),0,25.02,4,1
USR_06416,B (Treatment),0,27.37,5,1
USR_06417,B (Treatment),0,103.87,5,2
USR_06418,B (Treatment),1,34.31,2,1
USR_06419,B (Treatment),0,78.94,4,3
USR_06420,B (Treatment),0,48.84,3,0
USR_06421,B (Treatment),0,37.45,5,2
USR_06422,B (Treatment),0,63.83,5,2
USR_06423,B (Treatment),0,104.69,4,4
USR_06424,B (Treatment),0,86.63,3,2
USR_06425,B (Treatment),0,41.45,6,2
USR_06426,B (Treatment),0,49.75,7,4
USR_06427,B (Treatment),0,79.32,7,4
USR_06428,B (Treatment),0,51.68,7,1
USR_06429,B (Treatment),0,113.91,2,1
USR_06430,B (Treatment),0,6.06,4,1
USR_06431,B (Treatment),0,26.03,3,0
USR_06432,B (Treatment),1,60.61,2,1
USR_06433,B (Treatment),0,31.42,2,3
USR_06434,B (Treatment),0,106.75,4,4
USR_06435,B (Treatment),0,27.34,4,4
USR_06436,B (Treatment),0,46.39,6,0
USR_06437,B (Treatment),0,24.72,5,4
USR_06438,B (Treatment),0,40.52,3,2
USR_06439,B (Treatment),0,10.27,4,2
USR_06440,B (Treatment),0,14.86,4,1
USR_06441,B (Treatment),0,139.54,5,3
USR_06442,B (Treatment),0,43.83,6,1
USR_06443,B (Treatment),0,33.45,3,2
USR_06444,B (Treatment),0,18.28,5,3
USR_06445,B (Treatment),0,20.81,5,2
USR_06446,B (Treatment),1,129.94,9,7
USR_06447,B (Treatment),0,45.67,8,3
USR_06448,B (Treatment),0,85.09,8,4
USR_06449,B (Treatment),0,2.12,3,2
USR_06450,B (Treatment),0,28.59,8,5
USR_06451,B (Treatment),0,118.68,4,2
USR_06452,B (Treatment),0,30.14,2,0
USR_06453,B (Treatment),0,19.82,5,1
USR_06454,B (Treatment),0,57.22,3,2
USR_06455,B (Treatment),0,13.05,6,0
USR_06456,B (Treatment),0,10.52,3,2
USR_06457,B (Treatment),0,106.84,6,2
USR_06458,B (Treatment),0,24.62,2,1
USR_06459,B (Treatment),0,64.36,7,2
USR_06460,B (Treatment),0,133.02,6,2
USR_06461,B (Treatment),0,44.64,6,4
USR_06462,B (Treatment),0,62.96,6,4
USR_06463,B (Treatment),0,10.4,2,0
USR_06464,B (Treatment),0,22.89,2,1
USR_06465,B (Treatment),0,117.63,2,1
USR_06466,B (Treatment),0,33.6,6,3
USR_06467,B (Treatment),0,15.22,10,6
USR_06468,B (Treatment),1,60.86,5,0
USR_06469,B (Treatment),0,96.77,3,0
USR_06470,B (Treatment),0,30.21,4,1
USR_06471,B (Treatment),0,60.96,6,1
USR_06472,B (Treatment),0,77.16,4,0
USR_06473,B (Treatment),0,37.91,7,6
USR_06474,B (Treatment),0,34.08,7,2
USR_06475,B (Treatment),0,130.0,6,1
USR_06476,B (Treatment),0,16.34,10,4
USR_06477,B (Treatment),0,47.42,5,5
USR_06478,B (Treatment),0,40.21,6,6
USR_06479,B (Treatment),0,40.01,7,4
USR_06480,B (Treatment),0,74.45,4,1
USR_06481,B (Treatment),0,63.85,2,0
USR_06482,B (Treatment),1,52.77,4,1
USR_06483,B (Treatment),0,10.58,3,0
USR_06484,B (Treatment),0,21.39,5,3
USR_06485,B (Treatment),0,36.07,3,4
USR_06486,B (Treatment),0,46.19,7,1
USR_06487,B (Treatment),0,116.73,5,2
USR_06488,B (Treatment),0,45.37,7,6
USR_06489,B (Treatment),0,72.15,3,2
USR_06490,B (Treatment),0,41.3,3,3
USR_06491,B (Treatment),0,68.39,1,1
USR_06492,B (Treatment),0,43.55,4,1
USR_06493,B (Treatment),0,18.63,5,3
USR_06494,B (Treatment),0,62.71,4,3
USR_06495,B (Treatment),0,58.59,4,2
USR_06496,B (Treatment),0,13.38,4,1
USR_06497,B (Treatment),0,41.3,4,3
USR_06498,B (Treatment),0,41.02,3,2
USR_06499,B (Treatment),0,27.71,6,2
USR_06500,B (Treatment),0,17.75,3,1
USR_06501,B (Treatment),0,50.52,3,0
USR_06502,B (Treatment),0,109.78,4,3
USR_06503,B (Treatment),0,66.57,4,1
USR_06504,B (Treatment),0,11.83,6,3
USR_06505,B (Treatment),0,104.47,6,2
USR_06506,B (Treatment),0,95.11,4,2
USR_06507,B (Treatment),1,29.04,4,1
USR_06508,B (Treatment),0,12.59,6,1
USR_06509,B (Treatment),0,29.92,4,3
USR_06510,B (Treatment),0,31.54,6,1
USR_06511,B (Treatment),0,13.5,5,0
USR_06512,B (Treatment),0,49.98,4,1
USR_06513,B (Treatment),0,23.6,2,1
USR_06514,B (Treatment),0,15.95,3,1
USR_06515,B (Treatment),0,35.49,2,2
USR_06516,B (Treatment),0,107.81,3,0
USR_06517,B (Treatment),1,75.16,4,3
USR_06518,B (Treatment),0,56.94,5,1
USR_06519,B (Treatment),0,29.16,4,2
USR_06520,B (Treatment),0,13.61,7,5
USR_06521,B (Treatment),0,18.05,5,2
USR_06522,B (Treatment),0,72.31,8,7
USR_06523,B (Treatment),0,23.44,5,3
USR_06524,B (Treatment),0,47.06,3,2
USR_06525,B (Treatment),0,57.38,5,2
USR_06526,B (Treatment),0,11.19,3,1
USR_06527,B (Treatment),0,42.68,2,0
USR_06528,B (Treatment),1,54.25,2,0
USR_06529,B (Treatment),1,125.3,5,3
USR_06530,B (Treatment),0,46.48,3,2
USR_06531,B (Treatment),0,70.1,4,5
USR_06532,B (Treatment),0,29.61,5,4
USR_06533,B (Treatment),0,81.41,8,6
USR_06534,B (Treatment),0,15.08,3,1
USR_06535,B (Treatment),0,58.64,6,2
USR_06536,B (Treatment),0,47.97,6,1
USR_06537,B (Treatment),0,90.67,5,3
USR_06538,B (Treatment),0,57.53,5,0
USR_06539,B (Treatment),0,36.72,6,2
USR_06540,B (Treatment),0,81.19,9,4
USR_06541,B (Treatment),0,56.96,3,1
USR_06542,B (Treatment),0,19.79,6,4
USR_06543,B (Treatment),0,38.44,3,2
USR_06544,B (Treatment),0,17.87,3,0
USR_06545,B (Treatment),0,54.03,4,5
USR_06546,B (Treatment),0,58.06,5,2
USR_06547,B (Treatment),0,113.75,3,0
USR_06548,B (Treatment),0,37.87,4,1
USR_06549,B (Treatment),0,33.66,7,7
USR_06550,B (Treatment),0,12.16,7,6
USR_06551,B (Treatment),0,37.85,3,0
USR_06552,B (Treatment),0,34.95,4,3
USR_06553,B (Treatment),0,45.83,5,3
USR_06554,B (Treatment),0,34.24,3,0
USR_06555,B (Treatment),0,34.29,4,3
USR_06556,B (Treatment),0,45.74,3,1
USR_06557,B (Treatment),0,39.88,3,1
USR_06558,B (Treatment),0,33.83,5,2
USR_06559,B (Treatment),0,33.58,6,3
USR_06560,B (Treatment),0,134.85,7,4
USR_06561,B (Treatment),0,32.9,5,3
USR_06562,B (Treatment),0,36.46,4,1
USR_06563,B (Treatment),0,9.97,6,4
USR_06564,B (Treatment),0,81.6,1,0
USR_06565,B (Treatment),0,4.98,4,5
USR_06566,B (Treatment),0,20.46,5,2
USR_06567,B (Treatment),0,61.37,3,0
USR_06568,B (Treatment),0,8.93,3,2
USR_06569,B (Treatment),0,26.04,8,4
USR_06570,B (Treatment),0,41.79,4,0
USR_06571,B (Treatment),0,39.48,6,0
USR_06572,B (Treatment),0,25.45,3,5
USR_06573,B (Treatment),0,70.34,3,1
USR_06574,B (Treatment),1,73.11,4,1
USR_06575,B (Treatment),0,62.54,4,2
USR_06576,B (Treatment),0,30.28,3,0
USR_06577,B (Treatment),0,47.4,6,0
USR_06578,B (Treatment),0,27.7,3,0
USR_06579,B (Treatment),1,162.16,5,4
USR_06580,B (Treatment),0,52.82,5,1
USR_06581,B (Treatment),0,30.41,5,2
USR_06582,B (Treatment),0,144.23,6,2
USR_06583,B (Treatment),0,33.18,6,3
USR_06584,B (Treatment),0,51.49,3,1
USR_06585,B (Treatment),1,71.07,2,1
USR_06586,B (Treatment),0,28.58,4,2
USR_06587,B (Treatment),1,27.07,2,1
USR_06588,B (Treatment),0,79.26,4,3
USR_06589,B (Treatment),0,71.03,5,2
USR_06590,B (Treatment),1,70.89,3,1
USR_06591,B (Treatment),0,58.32,4,3
USR_06592,B (Treatment),0,134.01,9,2
USR_06593,B (Treatment),0,44.64,6,6
USR_06594,B (Treatment),0,23.3,5,3
USR_06595,B (Treatment),1,16.72,2,0
USR_06596,B (Treatment),0,32.54,3,1
USR_06597,B (Treatment),0,1.45,3,0
USR_06598,B (Treatment),1,98.23,6,2
USR_06599,B (Treatment),0,56.09,5,3
USR_06600,B (Treatment),1,23.14,8,0
USR_06601,B (Treatment),0,82.9,7,0
USR_06602,B (Treatment),0,16.7,3,4
USR_06603,B (Treatment),0,20.23,3,1
USR_06604,B (Treatment),0,45.67,1,1
USR_06605,B (Treatment),0,106.54,5,3
USR_06606,B (Treatment),0,55.69,3,1
USR_06607,B (Treatment),0,2.51,4,3
USR_06608,B (Treatment),0,20.66,3,0
USR_06609,B (Treatment),0,23.55,6,4
USR_06610,B (Treatment),1,49.6,5,4
USR_06611,B (Treatment),0,13.66,12,4
USR_06612,B (Treatment),0,14.8,1,0
USR_06613,B (Treatment),0,35.49,5,1
USR_06614,B (Treatment),0,65.14,7,5
USR_06615,B (Treatment),0,68.2,7,5
USR_06616,B (Treatment),0,45.65,3,1
USR_06617,B (Treatment),0,75.14,2,1
USR_06618,B (Treatment),0,169.81,6,2
USR_06619,B (Treatment),0,115.82,5,2
USR_06620,B (Treatment),0,29.7,8,3
USR_06621,B (Treatment),0,13.11,5,1
USR_06622,B (Treatment),0,32.44,3,0
USR_06623,B (Treatment),0,21.01,4,3
USR_06624,B (Treatment),0,58.03,6,2
USR_06625,B (Treatment),0,17.03,5,2
USR_06626,B (Treatment),0,40.44,6,2
USR_06627,B (Treatment),0,21.02,2,1
USR_06628,B (Treatment),1,34.38,7,1
USR_06629,B (Treatment),0,42.12,5,2
USR_06630,B (Treatment),1,63.9,4,2
USR_06631,B (Treatment),0,42.3,2,2
USR_06632,B (Treatment),0,27.71,4,1
USR_06633,B (Treatment),0,70.9,5,1
USR_06634,B (Treatment),0,43.9,4,3
USR_06635,B (Treatment),0,29.73,3,1
USR_06636,B (Treatment),0,64.97,1,1
USR_06637,B (Treatment),0,49.9,4,4
USR_06638,B (Treatment),0,61.5,5,4
USR_06639,B (Treatment),0,87.12,8,2
USR_06640,B (Treatment),0,17.89,3,1
USR_06641,B (Treatment),0,162.78,6,4
USR_06642,B (Treatment),0,57.31,6,2
USR_06643,B (Treatment),0,17.14,5,1
USR_06644,B (Treatment),0,94.25,5,1
USR_06645,B (Treatment),0,25.54,5,3
USR_06646,B (Treatment),0,117.09,4,4
USR_06647,B (Treatment),0,18.84,3,2
USR_06648,B (Treatment),0,40.51,5,3
USR_06649,B (Treatment),0,71.81,3,2
USR_06650,B (Treatment),0,65.62,3,2
USR_06651,B (Treatment),0,53.75,8,6
USR_06652,B (Treatment),1,80.72,4,1
USR_06653,B (Treatment),0,31.08,4,5
USR_06654,B (Treatment),0,83.65,4,1
USR_06655,B (Treatment),0,26.66,3,1
USR_06656,B (Treatment),0,109.29,5,2
USR_06657,B (Treatment),0,28.47,5,1
USR_06658,B (Treatment),0,14.83,8,2
USR_06659,B (Treatment),0,66.34,6,6
USR_06660,B (Treatment),1,48.27,3,0
USR_06661,B (Treatment),0,54.36,4,5
USR_06662,B (Treatment),0,34.15,5,3
USR_06663,B (Treatment),0,59.65,3,4
USR_06664,B (Treatment),0,103.29,5,4
USR_06665,B (Treatment),0,52.58,6,3
USR_06666,B (Treatment),0,12.44,4,2
USR_06667,B (Treatment),0,43.01,2,4
USR_06668,B (Treatment),0,57.61,5,2
USR_06669,B (Treatment),0,113.79,3,0
USR_06670,B (Treatment),0,68.41,5,7
USR_06671,B (Treatment),0,23.65,5,2
USR_06672,B (Treatment),0,41.65,6,1
USR_06673,B (Treatment),0,71.02,4,3
USR_06674,B (Treatment),0,60.53,5,2
USR_06675,B (Treatment),1,63.06,4,1
USR_06676,B (Treatment),1,15.07,6,3
USR_06677,B (Treatment),0,65.88,3,0
USR_06678,B (Treatment),0,50.4,3,2
USR_06679,B (Treatment),0,67.74,2,1
USR_06680,B (Treatment),0,48.29,4,2
USR_06681,B (Treatment),0,39.07,1,1
USR_06682,B (Treatment),0,85.02,5,4
USR_06683,B (Treatment),0,58.47,4,2
USR_06684,B (Treatment),0,17.25,5,3
USR_06685,B (Treatment),1,46.69,1,1
USR_06686,B (Treatment),0,34.39,1,0
USR_06687,B (Treatment),0,31.24,3,2
USR_06688,B (Treatment),0,59.88,4,2
USR_06689,B (Treatment),0,48.52,2,1
USR_06690,B (Treatment),0,59.13,7,7
USR_06691,B (Treatment),0,77.55,5,0
USR_06692,B (Treatment),0,41.04,5,2
USR_06693,B (Treatment),0,75.54,8,7
USR_06694,B (Treatment),0,27.79,5,5
USR_06695,B (Treatment),0,87.85,3,2
USR_06696,B (Treatment),0,29.67,4,2
USR_06697,B (Treatment),0,19.31,5,3
USR_06698,B (Treatment),0,55.13,3,1
USR_06699,B (Treatment),0,42.08,6,3
USR_06700,B (Treatment),0,45.56,2,1
USR_06701,B (Treatment),0,17.43,5,0
USR_06702,B (Treatment),0,18.2,5,4
USR_06703,B (Treatment),0,33.76,3,1
USR_06704,B (Treatment),0,67.42,4,4
USR_06705,B (Treatment),0,34.8,4,1
USR_06706,B (Treatment),1,18.5,3,1
USR_06707,B (Treatment),0,88.09,4,1
USR_06708,B (Treatment),0,17.95,10,5
USR_06709,B (Treatment),0,46.53,4,2
USR_06710,B (Treatment),0,67.69,4,4
USR_06711,B (Treatment),0,32.23,4,2
USR_06712,B (Treatment),0,67.58,7,4
USR_06713,B (Treatment),0,107.3,4,3
USR_06714,B (Treatment),0,65.9,4,1
USR_06715,B (Treatment),0,41.14,6,5
USR_06716,B (Treatment),0,45.74,7,3
USR_06717,B (Treatment),0,6.78,1,1
USR_06718,B (Treatment),0,29.24,6,3
USR_06719,B (Treatment),0,7.21,3,1
USR_06720,B (Treatment),0,22.41,7,2
USR_06721,B (Treatment),0,43.35,7,4
USR_06722,B (Treatment),0,52.88,5,2
USR_06723,B (Treatment),0,60.28,5,2
USR_06724,B (Treatment),0,128.13,4,2
USR_06725,B (Treatment),0,13.42,7,4
USR_06726,B (Treatment),0,21.72,4,3
USR_06727,B (Treatment),0,51.48,5,2
USR_06728,B (Treatment),1,71.4,4,0
USR_06729,B (Treatment),0,26.7,4,3
USR_06730,B (Treatment),0,48.66,5,3
USR_06731,B (Treatment),0,53.82,2,2
USR_06732,B (Treatment),0,113.93,3,1
USR_06733,B (Treatment),0,15.08,6,5
USR_06734,B (Treatment),0,59.11,4,1
USR_06735,B (Treatment),0,72.77,5,1
USR_06736,B (Treatment),0,63.04,4,2
USR_06737,B (Treatment),1,93.89,2,4
USR_06738,B (Treatment),0,18.56,3,0
USR_06739,B (Treatment),0,5.77,4,3
USR_06740,B (Treatment),1,90.6,4,0
USR_06741,B (Treatment),0,33.31,5,1
USR_06742,B (Treatment),0,41.24,4,1
USR_06743,B (Treatment),0,44.88,6,3
USR_06744,B (Treatment),0,47.19,3,0
USR_06745,B (Treatment),0,77.45,5,1
USR_06746,B (Treatment),0,57.83,6,1
USR_06747,B (Treatment),0,14.39,4,2
USR_06748,B (Treatment),0,40.68,5,1
USR_06749,B (Treatment),0,53.1,5,2
USR_06750,B (Treatment),0,61.38,2,0
USR_06751,B (Treatment),1,38.89,6,2
USR_06752,B (Treatment),0,29.04,6,4
USR_06753,B (Treatment),0,80.16,6,2
USR_06754,B (Treatment),0,32.77,2,1
USR_06755,B (Treatment),0,65.39,6,2
USR_06756,B (Treatment),0,76.47,3,2
USR_06757,B (Treatment),0,51.13,2,2
USR_06758,B (Treatment),0,26.6,7,2
USR_06759,B (Treatment),0,58.08,5,0
USR_06760,B (Treatment),0,35.96,3,0
USR_06761,B (Treatment),0,157.13,5,2
USR_06762,B (Treatment),0,73.74,5,2
USR_06763,B (Treatment),1,72.07,2,0
USR_06764,B (Treatment),0,88.01,3,2
USR_06765,B (Treatment),0,7.57,4,1
USR_06766,B (Treatment),0,40.76,4,2
USR_06767,B (Treatment),0,85.01,3,0
USR_06768,B (Treatment),0,29.04,5,6
USR_06769,B (Treatment),0,12.39,1,0
USR_06770,B (Treatment),0,47.78,3,0
USR_06771,B (Treatment),0,22.15,5,2
USR_06772,B (Treatment),0,24.34,2,0
USR_06773,B (Treatment),0,38.77,5,4
USR_06774,B (Treatment),0,16.92,7,5
USR_06775,B (Treatment),0,37.29,5,2
USR_06776,B (Treatment),1,51.72,6,4
USR_06777,B (Treatment),0,136.45,3,2
USR_06778,B (Treatment),0,30.9,7,1
USR_06779,B (Treatment),0,39.35,8,6
USR_06780,B (Treatment),1,63.76,3,3
USR_06781,B (Treatment),0,34.27,1,0
USR_06782,B (Treatment),0,27.69,3,2
USR_06783,B (Treatment),0,85.67,8,6
USR_06784,B (Treatment),1,109.67,3,2
USR_06785,B (Treatment),1,33.96,5,1
USR_06786,B (Treatment),0,27.17,5,1
USR_06787,B (Treatment),0,24.22,2,3
USR_06788,B (Treatment),0,65.19,3,1
USR_06789,B (Treatment),0,93.74,8,4
USR_06790,B (Treatment),0,56.38,3,3
USR_06791,B (Treatment),0,66.67,7,0
USR_06792,B (Treatment),0,81.8,5,2
USR_06793,B (Treatment),0,111.49,4,2
USR_06794,B (Treatment),1,57.66,7,0
USR_06795,B (Treatment),0,32.9,5,3
USR_06796,B (Treatment),0,69.5,5,4
USR_06797,B (Treatment),0,87.65,8,1
USR_06798,B (Treatment),0,36.51,5,4
USR_06799,B (Treatment),0,7.28,1,2
USR_06800,B (Treatment),0,32.27,3,3
USR_06801,B (Treatment),0,16.79,7,3
USR_06802,B (Treatment),0,3.94,4,3
USR_06803,B (Treatment),0,33.43,5,3
USR_06804,B (Treatment),0,41.26,3,2
USR_06805,B (Treatment),0,60.02,5,2
USR_06806,B (Treatment),0,66.23,4,2
USR_06807,B (Treatment),0,34.97,2,0
USR_06808,B (Treatment),0,62.45,2,0
USR_06809,B (Treatment),0,59.39,5,3
USR_06810,B (Treatment),0,58.76,4,1
USR_06811,B (Treatment),0,25.23,4,2
USR_06812,B (Treatment),0,70.11,4,4
USR_06813,B (Treatment),1,49.74,4,0
USR_06814,B (Treatment),0,42.02,6,5
USR_06815,B (Treatment),0,26.93,5,1
USR_06816,B (Treatment),0,34.33,3,2
USR_06817,B (Treatment),0,76.64,2,0
USR_06818,B (Treatment),0,62.27,2,0
USR_06819,B (Treatment),0,28.94,2,2
USR_06820,B (Treatment),0,47.86,4,2
USR_06821,B (Treatment),0,60.54,7,4
USR_06822,B (Treatment),0,30.38,5,5
USR_06823,B (Treatment),0,69.37,3,0
USR_06824,B (Treatment),0,10.23,5,2
USR_06825,B (Treatment),0,68.99,1,0
USR_06826,B (Treatment),0,66.2,4,1
USR_06827,B (Treatment),1,52.61,5,3
USR_06828,B (Treatment),0,37.82,5,4
USR_06829,B (Treatment),0,22.92,8,5
USR_06830,B (Treatment),0,45.18,5,2
USR_06831,B (Treatment),0,58.16,5,3
USR_06832,B (Treatment),0,70.29,3,0
USR_06833,B (Treatment),0,26.18,4,2
USR_06834,B (Treatment),0,33.55,6,2
USR_06835,B (Treatment),0,34.36,3,1
USR_06836,B (Treatment),0,13.71,6,3
USR_06837,B (Treatment),0,90.5,1,1
USR_06838,B (Treatment),0,95.74,2,1
USR_06839,B (Treatment),0,24.28,3,2
USR_06840,B (Treatment),0,119.96,7,4
USR_06841,B (Treatment),0,38.64,5,4
USR_06842,B (Treatment),0,69.66,2,1
USR_06843,B (Treatment),0,66.98,4,3
USR_06844,B (Treatment),0,4.95,4,3
USR_06845,B (Treatment),0,46.46,4,2
USR_06846,B (Treatment),0,23.08,4,2
USR_06847,B (Treatment),0,8.34,6,2
USR_06848,B (Treatment),0,50.82,3,1
USR_06849,B (Treatment),0,63.65,3,1
USR_06850,B (Treatment),0,29.31,6,5
USR_06851,B (Treatment),0,48.63,4,1
USR_06852,B (Treatment),0,93.19,6,2
USR_06853,B (Treatment),0,38.51,8,6
USR_06854,B (Treatment),0,16.41,3,1
USR_06855,B (Treatment),1,74.09,4,0
USR_06856,B (Treatment),0,34.56,5,2
USR_06857,B (Treatment),0,27.8,8,5
USR_06858,B (Treatment),0,36.66,1,0
USR_06859,B (Treatment),0,35.78,8,3
USR_06860,B (Treatment),0,11.12,5,2
USR_06861,B (Treatment),0,53.71,7,2
USR_06862,B (Treatment),0,53.09,4,2
USR_06863,B (Treatment),0,37.37,5,1
USR_06864,B (Treatment),1,50.48,6,2
USR_06865,B (Treatment),0,66.32,3,1
USR_06866,B (Treatment),0,52.6,5,3
USR_06867,B (Treatment),0,26.94,4,2
USR_06868,B (Treatment),0,22.74,3,1
USR_06869,B (Treatment),1,130.56,4,2
USR_06870,B (Treatment),0,53.45,4,2
USR_06871,B (Treatment),0,40.16,4,2
USR_06872,B (Treatment),0,61.59,3,1
USR_06873,B (Treatment),0,29.53,2,2
USR_06874,B (Treatment),1,74.52,3,2
USR_06875,B (Treatment),1,34.88,2,2
USR_06876,B (Treatment),0,9.08,4,1
USR_06877,B (Treatment),0,41.93,4,1
USR_06878,B (Treatment),0,20.67,3,4
USR_06879,B (Treatment),0,38.74,5,3
USR_06880,B (Treatment),0,35.34,10,5
USR_06881,B (Treatment),0,56.98,7,4
USR_06882,B (Treatment),0,105.58,4,1
USR_06883,B (Treatment),0,70.08,4,3
USR_06884,B (Treatment),0,53.36,3,0
USR_06885,B (Treatment),0,48.07,3,3
USR_06886,B (Treatment),0,54.51,3,1
USR_06887,B (Treatment),0,97.79,7,1
USR_06888,B (Treatment),0,61.03,4,3
USR_06889,B (Treatment),0,9.23,6,5
USR_06890,B (Treatment),0,21.49,4,3
USR_06891,B (Treatment),0,82.5,6,3
USR_06892,B (Treatment),0,52.55,6,5
USR_06893,B (Treatment),0,96.64,5,3
USR_06894,B (Treatment),1,67.4,2,2
USR_06895,B (Treatment),1,47.07,5,2
USR_06896,B (Treatment),0,46.54,3,2
USR_06897,B (Treatment),0,29.24,5,8
USR_06898,B (Treatment),0,38.12,5,2
USR_06899,B (Treatment),1,17.41,3,2
USR_06900,B (Treatment),0,24.62,7,2
USR_06901,B (Treatment),0,20.42,1,1
USR_06902,B (Treatment),0,43.19,2,0
USR_06903,B (Treatment),0,31.55,3,3
USR_06904,B (Treatment),0,12.15,6,2
USR_06905,B (Treatment),0,61.7,8,3
USR_06906,B (Treatment),1,33.72,6,7
USR_06907,B (Treatment),0,72.99,8,2
USR_06908,B (Treatment),0,59.26,3,1
USR_06909,B (Treatment),0,139.66,2,2
USR_06910,B (Treatment),0,43.43,6,2
USR_06911,B (Treatment),0,29.65,6,0
USR_06912,B (Treatment),0,24.34,4,4
USR_06913,B (Treatment),0,65.55,3,2
USR_06914,B (Treatment),0,69.46,4,1
USR_06915,B (Treatment),0,43.94,7,2
USR_06916,B (Treatment),0,51.78,6,4
USR_06917,B (Treatment),0,83.91,5,3
USR_06918,B (Treatment),1,67.51,8,5
USR_06919,B (Treatment),0,53.6,5,3
USR_06920,B (Treatment),0,18.01,5,3
USR_06921,B (Treatment),0,25.13,8,5
USR_06922,B (Treatment),0,34.49,2,1
USR_06923,B (Treatment),0,35.95,2,2
USR_06924,B (Treatment),0,26.86,6,3
USR_06925,B (Treatment),0,24.63,6,1
USR_06926,B (Treatment),0,36.94,5,1
USR_06927,B (Treatment),0,48.46,4,3
USR_06928,B (Treatment),0,60.08,9,4
USR_06929,B (Treatment),0,11.35,7,2
USR_06930,B (Treatment),0,31.75,4,2
USR_06931,B (Treatment),0,12.54,8,5
USR_06932,B (Treatment),0,43.57,6,1
USR_06933,B (Treatment),0,43.11,7,3
USR_06934,B (Treatment),0,40.81,2,2
USR_06935,B (Treatment),0,36.83,5,4
USR_06936,B (Treatment),0,32.17,5,0
USR_06937,B (Treatment),0,40.92,6,3
USR_06938,B (Treatment),0,61.01,6,3
USR_06939,B (Treatment),0,33.83,7,3
USR_06940,B (Treatment),0,18.85,7,2
USR_06941,B (Treatment),0,51.68,3,2
USR_06942,B (Treatment),0,69.74,2,1
USR_06943,B (Treatment),0,18.15,3,1
USR_06944,B (Treatment),0,16.02,3,3
USR_06945,B (Treatment),0,17.66,1,0
USR_06946,B (Treatment),0,40.55,5,1
USR_06947,B (Treatment),1,110.26,1,0
USR_06948,B (Treatment),0,100.01,4,1
USR_06949,B (Treatment),0,51.79,2,2
USR_06950,B (Treatment),0,17.32,4,1
USR_06951,B (Treatment),1,99.34,3,2
USR_06952,B (Treatment),0,102.48,1,0
USR_06953,B (Treatment),0,23.86,7,2
USR_06954,B (Treatment),0,43.93,3,1
USR_06955,B (Treatment),0,69.52,4,4
USR_06956,B (Treatment),0,91.64,3,3
USR_06957,B (Treatment),0,39.81,7,1
USR_06958,B (Treatment),0,73.83,4,1
USR_06959,B (Treatment),0,55.0,6,2
USR_06960,B (Treatment),0,53.12,3,0
USR_06961,B (Treatment),0,50.09,9,4
USR_06962,B (Treatment),0,113.37,8,5
USR_06963,B (Treatment),0,45.59,2,0
USR_06964,B (Treatment),0,59.38,5,3
USR_06965,B (Treatment),1,113.76,5,1
USR_06966,B (Treatment),0,62.03,2,1
USR_06967,B (Treatment),0,30.6,8,5
USR_06968,B (Treatment),0,42.5,7,4
USR_06969,B (Treatment),0,25.5,3,3
USR_06970,B (Treatment),0,42.03,3,3
USR_06971,B (Treatment),0,39.85,5,3
USR_06972,B (Treatment),0,34.17,7,3
USR_06973,B (Treatment),0,50.13,1,0
USR_06974,B (Treatment),0,13.35,3,3
USR_06975,B (Treatment),0,128.56,5,3
USR_06976,B (Treatment),0,40.38,4,2
USR_06977,B (Treatment),0,44.04,3,1
USR_06978,B (Treatment),0,98.33,3,2
USR_06979,B (Treatment),0,61.49,3,5
USR_06980,B (Treatment),0,33.61,5,2
USR_06981,B (Treatment),0,36.75,2,2
USR_06982,B (Treatment),1,82.12,2,0
USR_06983,B (Treatment),0,89.01,1,0
USR_06984,B (Treatment),0,31.24,5,1
USR_06985,B (Treatment),0,96.94,8,4
USR_06986,B (Treatment),0,14.27,4,2
USR_06987,B (Treatment),1,104.68,5,0
USR_06988,B (Treatment),0,55.58,4,1
USR_06989,B (Treatment),0,96.2,7,1
USR_06990,B (Treatment),0,65.48,2,1
USR_06991,B (Treatment),1,32.59,6,7
USR_06992,B (Treatment),0,41.73,7,2
USR_06993,B (Treatment),0,33.41,1,0
USR_06994,B (Treatment),0,27.19,9,2
USR_06995,B (Treatment),0,59.86,6,1
USR_06996,B (Treatment),0,10.97,3,1
USR_06997,B (Treatment),0,40.08,6,3
USR_06998,B (Treatment),0,47.32,6,4
USR_06999,B (Treatment),0,11.41,5,2
USR_07000,B (Treatment),0,54.7,4,0
USR_07001,B (Treatment),0,65.33,8,3
USR_07002,B (Treatment),0,59.55,8,1
USR_07003,B (Treatment),0,59.01,4,4
USR_07004,B (Treatment),1,48.09,5,0
USR_07005,B (Treatment),0,21.99,6,0
USR_07006,B (Treatment),0,3.76,6,2
USR_07007,B (Treatment),0,39.34,5,3
USR_07008,B (Treatment),0,32.47,4,1
USR_07009,B (Treatment),1,47.26,6,1
USR_07010,B (Treatment),0,26.17,4,3
USR_07011,B (Treatment),0,84.85,4,2
USR_07012,B (Treatment),0,13.99,4,1
USR_07013,B (Treatment),0,29.67,6,3
USR_07014,B (Treatment),0,38.14,6,2
USR_07015,B (Treatment),0,59.98,6,3
USR_07016,B (Treatment),0,60.17,5,4
USR_07017,B (Treatment),0,77.27,3,0
USR_07018,B (Treatment),0,70.73,5,4
USR_07019,B (Treatment),0,39.77,4,3
USR_07020,B (Treatment),1,74.2,3,3
USR_07021,B (Treatment),0,40.07,7,3
USR_07022,B (Treatment),0,13.16,5,1
USR_07023,B (Treatment),0,14.36,3,1
USR_07024,B (Treatment),0,37.36,3,2
USR_07025,B (Treatment),0,20.74,1,0
USR_07026,B (Treatment),0,41.83,10,4
USR_07027,B (Treatment),0,72.02,5,3
USR_07028,B (Treatment),0,34.94,7,4
USR_07029,B (Treatment),0,9.45,5,0
USR_07030,B (Treatment),0,62.39,3,1
USR_07031,B (Treatment),0,32.48,4,2
USR_07032,B (Treatment),0,38.12,4,2
USR_07033,B (Treatment),0,150.68,5,0
USR_07034,B (Treatment),0,77.33,4,2
USR_07035,B (Treatment),0,88.81,2,2
USR_07036,B (Treatment),0,35.57,4,0
USR_07037,B (Treatment),0,131.21,7,4
USR_07038,B (Treatment),0,23.86,3,0
USR_07039,B (Treatment),0,13.36,7,3
USR_07040,B (Treatment),0,145.17,6,5
USR_07041,B (Treatment),0,9.63,6,2
USR_07042,B (Treatment),0,32.61,4,2
USR_07043,B (Treatment),0,63.01,5,1
USR_07044,B (Treatment),0,35.89,2,0
USR_07045,B (Treatment),0,28.25,4,1
USR_07046,B (Treatment),1,45.63,5,2
USR_07047,B (Treatment),0,43.76,7,3
USR_07048,B (Treatment),0,49.18,4,1
USR_07049,B (Treatment),0,93.88,4,7
USR_07050,B (Treatment),0,65.27,5,1
USR_07051,B (Treatment),0,38.96,7,5
USR_07052,B (Treatment),0,53.41,6,0
USR_07053,B (Treatment),0,2.19,7,5
USR_07054,B (Treatment),0,40.82,6,3
USR_07055,B (Treatment),0,56.2,4,3
USR_07056,B (Treatment),0,26.22,5,3
USR_07057,B (Treatment),0,33.36,2,1
USR_07058,B (Treatment),0,77.57,4,1
USR_07059,B (Treatment),0,20.48,5,3
USR_07060,B (Treatment),0,78.86,4,3
USR_07061,B (Treatment),1,114.14,6,3
USR_07062,B (Treatment),0,34.02,5,2
USR_07063,B (Treatment),0,20.72,5,1
USR_07064,B (Treatment),0,27.23,3,3
USR_07065,B (Treatment),1,109.28,3,1
USR_07066,B (Treatment),0,19.79,2,0
USR_07067,B (Treatment),0,20.76,2,0
USR_07068,B (Treatment),0,9.48,4,3
USR_07069,B (Treatment),0,32.88,3,2
USR_07070,B (Treatment),0,50.23,5,1
USR_07071,B (Treatment),0,100.51,6,3
USR_07072,B (Treatment),0,35.01,4,1
USR_07073,B (Treatment),0,61.78,6,2
USR_07074,B (Treatment),0,27.65,3,2
USR_07075,B (Treatment),0,17.88,6,2
USR_07076,B (Treatment),0,92.19,6,0
USR_07077,B (Treatment),0,49.29,1,0
USR_07078,B (Treatment),0,65.12,6,2
USR_07079,B (Treatment),0,48.32,3,1
USR_07080,B (Treatment),0,12.89,7,4
USR_07081,B (Treatment),0,77.28,3,2
USR_07082,B (Treatment),0,26.42,3,1
USR_07083,B (Treatment),0,59.65,8,3
USR_07084,B (Treatment),0,18.69,4,2
USR_07085,B (Treatment),0,19.8,4,3
USR_07086,B (Treatment),0,27.98,6,6
USR_07087,B (Treatment),0,22.95,2,0
USR_07088,B (Treatment),0,17.25,5,4
USR_07089,B (Treatment),0,142.92,6,1
USR_07090,B (Treatment),0,44.42,2,0
USR_07091,B (Treatment),0,11.56,6,4
USR_07092,B (Treatment),0,18.02,4,2
USR_07093,B (Treatment),0,24.14,3,0
USR_07094,B (Treatment),0,31.14,6,1
USR_07095,B (Treatment),0,68.11,4,0
USR_07096,B (Treatment),0,50.24,1,0
USR_07097,B (Treatment),0,43.64,4,3
USR_07098,B (Treatment),0,13.8,5,3
USR_07099,B (Treatment),0,61.02,1,4
USR_07100,B (Treatment),0,13.07,9,5
USR_07101,B (Treatment),0,37.96,6,1
USR_07102,B (Treatment),0,52.49,4,5
USR_07103,B (Treatment),0,53.69,5,3
USR_07104,B (Treatment),0,48.05,2,1
USR_07105,B (Treatment),1,49.41,6,2
USR_07106,B (Treatment),0,46.77,1,0
USR_07107,B (Treatment),0,15.62,6,6
USR_07108,B (Treatment),0,14.96,5,2
USR_07109,B (Treatment),0,72.55,4,2
USR_07110,B (Treatment),0,73.21,6,4
USR_07111,B (Treatment),0,19.59,4,4
USR_07112,B (Treatment),0,48.55,9,0
USR_07113,B (Treatment),1,55.13,4,5
USR_07114,B (Treatment),1,43.68,5,0
USR_07115,B (Treatment),0,79.15,8,6
USR_07116,B (Treatment),0,31.85,2,3
USR_07117,B (Treatment),0,33.86,3,1
USR_07118,B (Treatment),0,79.68,7,3
USR_07119,B (Treatment),0,15.99,3,2
USR_07120,B (Treatment),0,70.81,4,1
USR_07121,B (Treatment),1,103.15,5,1
USR_07122,B (Treatment),0,60.1,1,0
USR_07123,B (Treatment),0,41.47,4,3
USR_07124,B (Treatment),0,16.54,6,3
USR_07125,B (Treatment),0,48.39,7,4
USR_07126,B (Treatment),0,25.68,1,0
USR_07127,B (Treatment),0,35.64,7,5
USR_07128,B (Treatment),0,54.58,9,3
USR_07129,B (Treatment),0,23.16,4,0
USR_07130,B (Treatment),0,18.6,4,1
USR_07131,B (Treatment),0,29.76,5,4
USR_07132,B (Treatment),0,96.3,7,5
USR_07133,B (Treatment),0,55.27,3,3
USR_07134,B (Treatment),0,25.42,6,3
USR_07135,B (Treatment),0,27.41,5,5
USR_07136,B (Treatment),0,86.01,4,2
USR_07137,B (Treatment),0,14.86,5,1
USR_07138,B (Treatment),0,95.1,3,1
USR_07139,B (Treatment),0,22.53,8,6
USR_07140,B (Treatment),1,92.76,4,3
USR_07141,B (Treatment),0,72.26,3,1
USR_07142,B (Treatment),0,20.52,6,2
USR_07143,B (Treatment),0,65.57,7,4
USR_07144,B (Treatment),0,12.13,7,6
USR_07145,B (Treatment),0,81.05,7,2
USR_07146,B (Treatment),0,20.15,4,3
USR_07147,B (Treatment),0,81.17,4,1
USR_07148,B (Treatment),0,15.65,5,5
USR_07149,B (Treatment),0,21.17,4,2
USR_07150,B (Treatment),0,109.49,4,0
USR_07151,B (Treatment),0,59.02,2,0
USR_07152,B (Treatment),0,22.75,5,5
USR_07153,B (Treatment),1,51.57,3,1
USR_07154,B (Treatment),0,50.82,6,3
USR_07155,B (Treatment),0,36.95,6,1
USR_07156,B (Treatment),0,50.51,3,0
USR_07157,B (Treatment),0,86.61,5,3
USR_07158,B (Treatment),0,71.03,6,4
USR_07159,B (Treatment),0,60.69,2,2
USR_07160,B (Treatment),0,22.27,8,4
USR_07161,B (Treatment),1,15.5,6,2
USR_07162,B (Treatment),0,41.26,5,3
USR_07163,B (Treatment),1,72.01,6,3
USR_07164,B (Treatment),0,7.99,3,0
USR_07165,B (Treatment),0,31.09,1,2
USR_07166,B (Treatment),0,58.16,4,2
USR_07167,B (Treatment),0,93.99,3,0
USR_07168,B (Treatment),0,4.73,3,4
USR_07169,B (Treatment),0,41.07,5,5
USR_07170,B (Treatment),1,29.59,6,6
USR_07171,B (Treatment),0,43.68,4,4
USR_07172,B (Treatment),0,60.79,2,0
USR_07173,B (Treatment),0,11.1,2,3
USR_07174,B (Treatment),0,21.5,6,4
USR_07175,B (Treatment),0,23.48,2,1
USR_07176,B (Treatment),0,33.83,9,8
USR_07177,B (Treatment),0,83.47,3,1
USR_07178,B (Treatment),0,20.1,5,5
USR_07179,B (Treatment),0,26.71,1,0
USR_07180,B (Treatment),0,15.06,6,3
USR_07181,B (Treatment),0,34.04,8,4
USR_07182,B (Treatment),0,36.29,4,3
USR_07183,B (Treatment),0,38.26,5,2
USR_07184,B (Treatment),0,155.45,4,5
USR_07185,B (Treatment),0,71.62,5,1
USR_07186,B (Treatment),0,42.27,5,4
USR_07187,B (Treatment),0,60.15,2,1
USR_07188,B (Treatment),0,28.57,5,4
USR_07189,B (Treatment),1,137.3,9,3
USR_07190,B (Treatment),0,73.67,4,3
USR_07191,B (Treatment),0,67.45,3,2
USR_07192,B (Treatment),1,95.89,6,4
USR_07193,B (Treatment),0,117.27,4,1
USR_07194,B (Treatment),0,20.5,5,4
USR_07195,B (Treatment),0,88.98,8,7
USR_07196,B (Treatment),0,57.34,2,1
USR_07197,B (Treatment),0,52.17,4,1
USR_07198,B (Treatment),1,108.46,3,1
USR_07199,B (Treatment),0,21.91,6,1
USR_07200,B (Treatment),0,42.76,6,3
USR_07201,B (Treatment),0,38.98,4,4
USR_07202,B (Treatment),0,56.82,3,1
USR_07203,B (Treatment),1,58.5,7,4
USR_07204,B (Treatment),0,86.78,5,3
USR_07205,B (Treatment),0,45.31,8,3
USR_07206,B (Treatment),0,113.88,5,2
USR_07207,B (Treatment),0,60.92,8,6
USR_07208,B (Treatment),0,20.19,6,3
USR_07209,B (Treatment),0,29.1,2,1
USR_07210,B (Treatment),0,67.32,3,2
USR_07211,B (Treatment),0,58.34,6,0
USR_07212,B (Treatment),0,56.25,2,0
USR_07213,B (Treatment),0,124.09,2,0
USR_07214,B (Treatment),0,81.26,4,1
USR_07215,B (Treatment),0,33.3,9,6
USR_07216,B (Treatment),0,39.75,3,1
USR_07217,B (Treatment),0,32.06,4,1
USR_07218,B (Treatment),0,23.74,7,3
USR_07219,B (Treatment),1,129.37,5,3
USR_07220,B (Treatment),0,58.02,4,1
USR_07221,B (Treatment),0,17.74,6,2
USR_07222,B (Treatment),0,107.31,7,2
USR_07223,B (Treatment),1,26.26,3,2
USR_07224,B (Treatment),0,51.58,5,1
USR_07225,B (Treatment),1,46.68,3,2
USR_07226,B (Treatment),0,13.44,3,0
USR_07227,B (Treatment),0,8.49,5,0
USR_07228,B (Treatment),0,72.17,4,4
USR_07229,B (Treatment),0,92.55,5,2
USR_07230,B (Treatment),0,53.71,5,2
USR_07231,B (Treatment),0,179.77,3,0
USR_07232,B (Treatment),0,27.86,5,2
USR_07233,B (Treatment),0,10.6,3,0
USR_07234,B (Treatment),0,59.16,5,4
USR_07235,B (Treatment),0,21.46,4,3
USR_07236,B (Treatment),0,42.61,7,4
USR_07237,B (Treatment),0,82.32,5,3
USR_07238,B (Treatment),0,30.35,3,1
USR_07239,B (Treatment),0,42.64,4,2
USR_07240,B (Treatment),1,89.9,2,0
USR_07241,B (Treatment),0,38.99,4,0
USR_07242,B (Treatment),0,59.15,3,1
USR_07243,B (Treatment),0,63.88,3,2
USR_07244,B (Treatment),0,39.22,2,1
USR_07245,B (Treatment),0,40.07,7,3
USR_07246,B (Treatment),0,43.78,8,7
USR_07247,B (Treatment),0,27.97,7,3
USR_07248,B (Treatment),0,57.29,6,3
USR_07249,B (Treatment),0,28.42,10,10
USR_07250,B (Treatment),0,31.2,2,0
USR_07251,B (Treatment),0,21.76,2,0
USR_07252,B (Treatment),0,94.3,4,2
USR_07253,B (Treatment),0,15.74,4,2
USR_07254,B (Treatment),1,125.93,6,1
USR_07255,B (Treatment),1,40.97,6,2
USR_07256,B (Treatment),0,33.41,3,0
USR_07257,B (Treatment),0,21.79,4,3
USR_07258,B (Treatment),0,23.48,5,4
USR_07259,B (Treatment),0,28.31,1,0
USR_07260,B (Treatment),0,208.63,4,2
USR_07261,B (Treatment),0,28.27,3,2
USR_07262,B (Treatment),0,60.11,7,1
USR_07263,B (Treatment),0,37.7,5,4
USR_07264,B (Treatment),0,132.21,6,3
USR_07265,B (Treatment),1,50.96,3,1
USR_07266,B (Treatment),1,17.98,5,2
USR_07267,B (Treatment),0,31.82,6,5
USR_07268,B (Treatment),0,162.23,4,0
USR_07269,B (Treatment),0,73.75,2,0
USR_07270,B (Treatment),0,42.93,5,1
USR_07271,B (Treatment),0,22.53,3,0
USR_07272,B (Treatment),0,24.42,2,0
USR_07273,B (Treatment),0,20.0,4,3
USR_07274,B (Treatment),0,12.7,5,2
USR_07275,B (Treatment),0,70.83,7,4
USR_07276,B (Treatment),0,63.08,3,0
USR_07277,B (Treatment),0,48.44,3,1
USR_07278,B (Treatment),0,102.13,2,2
USR_07279,B (Treatment),0,69.26,5,1
USR_07280,B (Treatment),0,14.91,4,4
USR_07281,B (Treatment),0,44.18,6,3
USR_07282,B (Treatment),0,76.24,9,4
USR_07283,B (Treatment),0,44.46,2,0
USR_07284,B (Treatment),1,47.28,4,2
USR_07285,B (Treatment),0,12.42,3,3
USR_07286,B (Treatment),0,28.93,4,1
USR_07287,B (Treatment),1,60.41,8,0
USR_07288,B (Treatment),0,39.88,3,2
USR_07289,B (Treatment),0,13.98,5,3
USR_07290,B (Treatment),0,75.52,4,2
USR_07291,B (Treatment),0,38.69,5,2
USR_07292,B (Treatment),0,46.81,2,1
USR_07293,B (Treatment),0,15.05,1,0
USR_07294,B (Treatment),0,11.18,3,0
USR_07295,B (Treatment),0,48.51,4,3
USR_07296,B (Treatment),0,94.48,6,3
USR_07297,B (Treatment),0,74.09,3,2
USR_07298,B (Treatment),0,67.6,4,5
USR_07299,B (Treatment),0,51.31,6,1
USR_07300,B (Treatment),0,17.26,7,5
USR_07301,B (Treatment),0,6.96,3,4
USR_07302,B (Treatment),1,175.67,4,3
USR_07303,B (Treatment),1,38.55,3,1
USR_07304,B (Treatment),0,29.53,2,2
USR_07305,B (Treatment),0,46.25,3,2
USR_07306,B (Treatment),0,21.72,3,1
USR_07307,B (Treatment),0,32.05,6,3
USR_07308,B (Treatment),1,124.1,3,2
USR_07309,B (Treatment),0,55.45,1,0
USR_07310,B (Treatment),0,63.99,5,5
USR_07311,B (Treatment),0,40.94,4,5
USR_07312,B (Treatment),0,87.09,2,0
USR_07313,B (Treatment),0,85.66,4,3
USR_07314,B (Treatment),0,37.85,6,2
USR_07315,B (Treatment),0,44.34,3,0
USR_07316,B (Treatment),0,96.03,3,4
USR_07317,B (Treatment),0,46.11,2,0
USR_07318,B (Treatment),1,34.85,5,0
USR_07319,B (Treatment),0,36.61,4,3
USR_07320,B (Treatment),0,31.89,5,0
USR_07321,B (Treatment),0,45.73,5,3
USR_07322,B (Treatment),0,32.62,4,4
USR_07323,B (Treatment),0,45.65,6,2
USR_07324,B (Treatment),0,26.62,8,1
USR_07325,B (Treatment),0,56.17,8,2
USR_07326,B (Treatment),0,61.53,4,4
USR_07327,B (Treatment),1,68.4,3,1
USR_07328,B (Treatment),0,62.25,7,3
USR_07329,B (Treatment),0,83.02,9,2
USR_07330,B (Treatment),0,48.12,2,2
USR_07331,B (Treatment),0,45.39,7,3
USR_07332,B (Treatment),0,29.21,1,0
USR_07333,B (Treatment),0,72.48,2,1
USR_07334,B (Treatment),0,30.57,3,2
USR_07335,B (Treatment),0,10.81,5,1
USR_07336,B (Treatment),0,28.22,5,5
USR_07337,B (Treatment),0,75.94,6,1
USR_07338,B (Treatment),0,66.69,2,0
USR_07339,B (Treatment),0,52.44,5,0
USR_07340,B (Treatment),0,154.69,1,0
USR_07341,B (Treatment),1,56.35,5,2
USR_07342,B (Treatment),0,24.91,6,1
USR_07343,B (Treatment),0,23.29,4,1
USR_07344,B (Treatment),0,62.19,3,4
USR_07345,B (Treatment),0,104.95,3,3
USR_07346,B (Treatment),0,44.98,8,3
USR_07347,B (Treatment),0,57.44,5,2
USR_07348,B (Treatment),0,59.38,10,4
USR_07349,B (Treatment),1,158.27,5,4
USR_07350,B (Treatment),0,80.09,7,1
USR_07351,B (Treatment),1,92.29,6,3
USR_07352,B (Treatment),0,24.17,5,1
USR_07353,B (Treatment),0,30.49,8,5
USR_07354,B (Treatment),0,28.84,8,4
USR_07355,B (Treatment),0,38.37,6,2
USR_07356,B (Treatment),0,47.33,7,1
USR_07357,B (Treatment),0,54.9,5,3
USR_07358,B (Treatment),0,42.9,6,1
USR_07359,B (Treatment),0,28.37,4,1
USR_07360,B (Treatment),0,20.55,3,1
USR_07361,B (Treatment),0,58.55,7,4
USR_07362,B (Treatment),0,69.66,2,1
USR_07363,B (Treatment),0,39.52,7,2
USR_07364,B (Treatment),1,12.38,4,2
USR_07365,B (Treatment),0,79.58,4,2
USR_07366,B (Treatment),0,38.39,2,1
USR_07367,B (Treatment),0,16.02,5,4
USR_07368,B (Treatment),0,44.61,4,1
USR_07369,B (Treatment),1,82.97,7,3
USR_07370,B (Treatment),0,33.87,7,0
USR_07371,B (Treatment),0,5.1,5,3
USR_07372,B (Treatment),0,37.04,3,2
USR_07373,B (Treatment),1,27.36,7,4
USR_07374,B (Treatment),0,50.05,3,1
USR_07375,B (Treatment),1,45.31,5,1
USR_07376,B (Treatment),0,31.87,3,1
USR_07377,B (Treatment),0,30.53,2,0
USR_07378,B (Treatment),0,97.98,3,1
USR_07379,B (Treatment),0,61.97,4,3
USR_07380,B (Treatment),0,60.73,4,1
USR_07381,B (Treatment),0,76.81,5,3
USR_07382,B (Treatment),0,38.17,4,1
USR_07383,B (Treatment),0,113.86,5,1
USR_07384,B (Treatment),0,55.26,4,2
USR_07385,B (Treatment),0,48.46,5,0
USR_07386,B (Treatment),0,54.82,5,4
USR_07387,B (Treatment),0,36.96,4,3
USR_07388,B (Treatment),1,28.29,7,9
USR_07389,B (Treatment),0,87.89,4,6
USR_07390,B (Treatment),0,19.16,1,1
USR_07391,B (Treatment),0,20.45,6,4
USR_07392,B (Treatment),0,41.83,5,2
USR_07393,B (Treatment),0,24.35,3,0
USR_07394,B (Treatment),0,12.41,3,2
USR_07395,B (Treatment),0,19.92,6,2
USR_07396,B (Treatment),0,24.86,6,3
USR_07397,B (Treatment),0,56.85,5,3
USR_07398,B (Treatment),0,39.7,3,1
USR_07399,B (Treatment),0,78.91,5,3
USR_07400,B (Treatment),0,19.08,5,1
USR_07401,B (Treatment),0,21.65,2,2
USR_07402,B (Treatment),0,51.43,2,3
USR_07403,B (Treatment),0,27.44,3,1
USR_07404,B (Treatment),1,35.68,7,1
USR_07405,B (Treatment),0,20.11,1,1
USR_07406,B (Treatment),0,19.07,5,2
USR_07407,B (Treatment),0,26.71,4,1
USR_07408,B (Treatment),0,81.76,1,0
USR_07409,B (Treatment),0,15.72,6,3
USR_07410,B (Treatment),0,87.58,8,5
USR_07411,B (Treatment),0,77.07,6,4
USR_07412,B (Treatment),0,31.81,5,7
USR_07413,B (Treatment),0,45.2,3,0
USR_07414,B (Treatment),0,54.12,4,4
USR_07415,B (Treatment),1,67.42,7,4
USR_07416,B (Treatment),0,21.63,4,3
USR_07417,B (Treatment),0,72.32,2,1
USR_07418,B (Treatment),0,47.6,4,2
USR_07419,B (Treatment),0,22.83,4,1
USR_07420,B (Treatment),0,47.94,5,5
USR_07421,B (Treatment),0,22.64,3,0
USR_07422,B (Treatment),0,44.15,3,0
USR_07423,B (Treatment),0,32.81,6,0
USR_07424,B (Treatment),0,49.6,7,4
USR_07425,B (Treatment),0,51.47,5,4
USR_07426,B (Treatment),1,94.84,4,1
USR_07427,B (Treatment),0,65.03,5,0
USR_07428,B (Treatment),0,58.07,7,2
USR_07429,B (Treatment),0,11.8,3,3
USR_07430,B (Treatment),0,80.16,4,0
USR_07431,B (Treatment),1,33.77,5,1
USR_07432,B (Treatment),0,20.12,6,0
USR_07433,B (Treatment),0,139.88,1,2
USR_07434,B (Treatment),0,27.42,7,1
USR_07435,B (Treatment),0,101.06,5,4
USR_07436,B (Treatment),1,54.56,6,3
USR_07437,B (Treatment),0,62.21,4,1
USR_07438,B (Treatment),0,44.4,4,2
USR_07439,B (Treatment),0,23.29,6,2
USR_07440,B (Treatment),0,69.76,2,0
USR_07441,B (Treatment),0,52.1,8,5
USR_07442,B (Treatment),0,51.62,5,2
USR_07443,B (Treatment),0,47.0,7,8
USR_07444,B (Treatment),0,37.64,7,3
USR_07445,B (Treatment),0,70.06,3,2
USR_07446,B (Treatment),0,61.18,4,3
USR_07447,B (Treatment),0,74.9,4,1
USR_07448,B (Treatment),0,38.78,4,3
USR_07449,B (Treatment),0,36.7,4,1
USR_07450,B (Treatment),0,30.84,4,1
USR_07451,B (Treatment),0,47.87,9,5
USR_07452,B (Treatment),0,12.28,3,2
USR_07453,B (Treatment),1,180.58,5,3
USR_07454,B (Treatment),0,28.64,6,3
USR_07455,B (Treatment),0,92.89,7,1
USR_07456,B (Treatment),0,33.26,5,2
USR_07457,B (Treatment),0,64.46,3,2
USR_07458,B (Treatment),0,119.78,1,0
USR_07459,B (Treatment),0,62.25,5,3
USR_07460,B (Treatment),0,115.67,3,1
USR_07461,B (Treatment),0,89.6,6,1
USR_07462,B (Treatment),0,22.13,3,1
USR_07463,B (Treatment),0,70.44,6,2
USR_07464,B (Treatment),0,56.26,7,5
USR_07465,B (Treatment),0,27.01,4,2
USR_07466,B (Treatment),0,84.97,4,0
USR_07467,B (Treatment),0,18.62,3,2
USR_07468,B (Treatment),1,81.65,6,2
USR_07469,B (Treatment),0,71.01,4,2
USR_07470,B (Treatment),0,48.52,6,3
USR_07471,B (Treatment),0,29.65,5,5
USR_07472,B (Treatment),0,69.83,6,2
USR_07473,B (Treatment),0,9.31,4,1
USR_07474,B (Treatment),0,25.74,2,0
USR_07475,B (Treatment),0,44.85,2,1
USR_07476,B (Treatment),0,48.55,8,2
USR_07477,B (Treatment),0,26.21,3,1
USR_07478,B (Treatment),0,26.68,2,1
USR_07479,B (Treatment),0,63.49,6,1
USR_07480,B (Treatment),0,22.62,1,2
USR_07481,B (Treatment),0,35.24,9,4
USR_07482,B (Treatment),0,18.55,5,2
USR_07483,B (Treatment),0,46.48,3,1
USR_07484,B (Treatment),0,39.21,2,0
USR_07485,B (Treatment),0,8.6,7,3
USR_07486,B (Treatment),0,15.74,1,0
USR_07487,B (Treatment),1,96.44,5,0
USR_07488,B (Treatment),0,27.8,8,6
USR_07489,B (Treatment),0,57.18,4,3
USR_07490,B (Treatment),1,21.49,3,1
USR_07491,B (Treatment),1,105.05,7,2
USR_07492,B (Treatment),0,11.6,4,2
USR_07493,B (Treatment),0,90.68,3,0
USR_07494,B (Treatment),0,48.44,1,0
USR_07495,B (Treatment),1,68.71,3,1
USR_07496,B (Treatment),0,97.31,5,0
USR_07497,B (Treatment),0,53.22,6,0
USR_07498,B (Treatment),0,121.84,3,0
USR_07499,B (Treatment),0,96.35,5,4
USR_07500,B (Treatment),0,67.36,4,1
USR_07501,B (Treatment),1,87.18,4,1
USR_07502,B (Treatment),0,45.4,2,1
USR_07503,B (Treatment),0,23.45,7,3
USR_07504,B (Treatment),0,165.4,6,1
USR_07505,B (Treatment),0,47.47,2,2
USR_07506,B (Treatment),0,54.88,5,1
USR_07507,B (Treatment),0,16.39,6,6
USR_07508,B (Treatment),0,100.96,4,1
USR_07509,B (Treatment),1,53.94,4,0
USR_07510,B (Treatment),0,63.45,7,7
USR_07511,B (Treatment),0,68.92,9,4
USR_07512,B (Treatment),0,27.25,3,3
USR_07513,B (Treatment),0,99.31,7,4
USR_07514,B (Treatment),0,57.7,1,0
USR_07515,B (Treatment),0,9.12,4,3
USR_07516,B (Treatment),0,87.39,7,1
USR_07517,B (Treatment),0,42.61,4,2
USR_07518,B (Treatment),0,29.37,7,2
USR_07519,B (Treatment),0,12.69,2,0
USR_07520,B (Treatment),0,35.26,5,3
USR_07521,B (Treatment),0,32.61,8,5
USR_07522,B (Treatment),0,93.23,4,2
USR_07523,B (Treatment),0,30.83,6,0
USR_07524,B (Treatment),0,14.96,6,0
USR_07525,B (Treatment),0,63.88,2,1
USR_07526,B (Treatment),0,96.11,4,4
USR_07527,B (Treatment),0,36.89,2,2
USR_07528,B (Treatment),0,136.34,2,0
USR_07529,B (Treatment),1,86.72,5,1
USR_07530,B (Treatment),0,101.3,3,2
USR_07531,B (Treatment),0,62.73,9,5
USR_07532,B (Treatment),0,58.38,9,5
USR_07533,B (Treatment),0,29.86,2,2
USR_07534,B (Treatment),0,118.33,4,1
USR_07535,B (Treatment),0,106.66,5,1
USR_07536,B (Treatment),0,119.88,7,6
USR_07537,B (Treatment),1,45.56,5,3
USR_07538,B (Treatment),0,37.32,3,2
USR_07539,B (Treatment),0,74.15,2,0
USR_07540,B (Treatment),0,33.73,7,4
USR_07541,B (Treatment),0,45.89,2,1
USR_07542,B (Treatment),0,10.14,3,2
USR_07543,B (Treatment),0,55.07,5,3
USR_07544,B (Treatment),0,67.23,3,2
USR_07545,B (Treatment),0,102.69,6,7
USR_07546,B (Treatment),0,75.92,8,4
USR_07547,B (Treatment),0,84.01,3,0
USR_07548,B (Treatment),0,130.95,3,0
USR_07549,B (Treatment),0,26.06,2,3
USR_07550,B (Treatment),1,22.78,9,4
USR_07551,B (Treatment),0,52.65,3,0
USR_07552,B (Treatment),0,20.74,3,0
USR_07553,B (Treatment),0,57.43,3,0
USR_07554,B (Treatment),0,21.34,5,1
USR_07555,B (Treatment),0,24.77,3,4
USR_07556,B (Treatment),0,12.82,6,2
USR_07557,B (Treatment),0,54.54,1,0
USR_07558,B (Treatment),0,17.1,6,3
USR_07559,B (Treatment),0,64.62,5,3
USR_07560,B (Treatment),0,71.4,4,5
USR_07561,B (Treatment),0,28.25,3,2
USR_07562,B (Treatment),0,77.6,6,1
USR_07563,B (Treatment),1,72.27,7,8
USR_07564,B (Treatment),1,89.58,3,2
USR_07565,B (Treatment),0,26.53,4,1
USR_07566,B (Treatment),0,25.74,4,1
USR_07567,B (Treatment),0,69.06,3,4
USR_07568,B (Treatment),0,52.18,2,0
USR_07569,B (Treatment),0,55.39,8,2
USR_07570,B (Treatment),1,104.79,4,1
USR_07571,B (Treatment),0,15.04,5,3
USR_07572,B (Treatment),0,80.9,3,1
USR_07573,B (Treatment),0,72.33,4,1
USR_07574,B (Treatment),0,67.32,4,1
USR_07575,B (Treatment),0,85.24,4,0
USR_07576,B (Treatment),0,41.24,5,2
USR_07577,B (Treatment),1,20.21,3,1
USR_07578,B (Treatment),1,30.75,6,2
USR_07579,B (Treatment),0,28.04,6,0
USR_07580,B (Treatment),0,4.26,4,2
USR_07581,B (Treatment),0,67.39,2,1
USR_07582,B (Treatment),0,37.63,3,3
USR_07583,B (Treatment),0,41.74,2,0
USR_07584,B (Treatment),0,32.08,4,4
USR_07585,B (Treatment),0,46.04,4,1
USR_07586,B (Treatment),0,114.16,7,5
USR_07587,B (Treatment),0,12.64,4,4
USR_07588,B (Treatment),0,126.84,4,4
USR_07589,B (Treatment),0,54.16,7,2
USR_07590,B (Treatment),0,33.58,5,1
USR_07591,B (Treatment),0,36.44,5,2
USR_07592,B (Treatment),0,24.45,7,3
USR_07593,B (Treatment),0,9.16,2,1
USR_07594,B (Treatment),0,21.45,5,3
USR_07595,B (Treatment),0,46.16,5,1
USR_07596,B (Treatment),0,39.42,4,2
USR_07597,B (Treatment),0,62.13,6,1
USR_07598,B (Treatment),0,32.3,7,4
USR_07599,B (Treatment),1,29.28,1,2
USR_07600,B (Treatment),1,152.96,9,6
USR_07601,B (Treatment),0,24.92,4,2
USR_07602,B (Treatment),0,26.08,6,1
USR_07603,B (Treatment),0,84.37,2,0
USR_07604,B (Treatment),1,72.16,5,2
USR_07605,B (Treatment),0,35.24,4,4
USR_07606,B (Treatment),0,75.87,7,2
USR_07607,B (Treatment),0,49.83,2,2
USR_07608,B (Treatment),0,32.54,3,0
USR_07609,B (Treatment),0,69.18,5,3
USR_07610,B (Treatment),0,46.69,4,3
USR_07611,B (Treatment),0,9.69,4,2
USR_07612,B (Treatment),0,69.23,6,4
USR_07613,B (Treatment),0,42.3,4,3
USR_07614,B (Treatment),0,108.78,1,0
USR_07615,B (Treatment),0,78.01,3,3
USR_07616,B (Treatment),0,52.37,4,1
USR_07617,B (Treatment),0,35.93,2,1
USR_07618,B (Treatment),0,45.85,6,3
USR_07619,B (Treatment),1,24.0,2,0
USR_07620,B (Treatment),0,52.37,4,2
USR_07621,B (Treatment),1,113.72,2,0
USR_07622,B (Treatment),0,136.13,4,1
USR_07623,B (Treatment),0,94.3,2,1
USR_07624,B (Treatment),0,50.45,3,1
USR_07625,B (Treatment),0,14.96,8,6
USR_07626,B (Treatment),0,44.03,4,1
USR_07627,B (Treatment),0,81.15,4,1
USR_07628,B (Treatment),0,75.67,5,6
USR_07629,B (Treatment),0,41.29,4,1
USR_07630,B (Treatment),0,39.1,3,0
USR_07631,B (Treatment),0,59.08,6,5
USR_07632,B (Treatment),0,47.71,3,3
USR_07633,B (Treatment),0,43.87,3,1
USR_07634,B (Treatment),1,42.47,7,5
USR_07635,B (Treatment),0,102.27,3,1
USR_07636,B (Treatment),0,21.66,2,0
USR_07637,B (Treatment),0,37.57,6,3
USR_07638,B (Treatment),0,39.03,4,3
USR_07639,B (Treatment),0,51.34,4,1
USR_07640,B (Treatment),0,46.73,4,2
USR_07641,B (Treatment),0,44.72,4,1
USR_07642,B (Treatment),0,22.7,5,4
USR_07643,B (Treatment),0,46.69,6,1
USR_07644,B (Treatment),0,68.11,2,0
USR_07645,B (Treatment),0,52.47,3,3
USR_07646,B (Treatment),0,21.36,9,7
USR_07647,B (Treatment),0,49.26,5,3
USR_07648,B (Treatment),0,47.26,5,1
USR_07649,B (Treatment),0,36.58,4,2
USR_07650,B (Treatment),0,52.84,5,5
USR_07651,B (Treatment),0,29.93,2,1
USR_07652,B (Treatment),1,69.95,3,0
USR_07653,B (Treatment),1,131.2,8,6
USR_07654,B (Treatment),0,73.68,5,4
USR_07655,B (Treatment),0,26.6,4,2
USR_07656,B (Treatment),0,67.62,5,4
USR_07657,B (Treatment),0,78.15,7,1
USR_07658,B (Treatment),0,58.49,3,1
USR_07659,B (Treatment),0,62.3,6,1
USR_07660,B (Treatment),0,43.93,4,3
USR_07661,B (Treatment),0,18.88,5,5
USR_07662,B (Treatment),0,41.97,4,4
USR_07663,B (Treatment),0,23.8,8,4
USR_07664,B (Treatment),0,39.59,2,1
USR_07665,B (Treatment),0,31.84,3,3
USR_07666,B (Treatment),0,22.64,8,5
USR_07667,B (Treatment),0,99.86,6,1
USR_07668,B (Treatment),0,46.11,8,2
USR_07669,B (Treatment),0,32.6,2,3
USR_07670,B (Treatment),0,13.2,7,3
USR_07671,B (Treatment),0,75.71,7,2
USR_07672,B (Treatment),1,53.58,2,1
USR_07673,B (Treatment),1,142.33,8,6
USR_07674,B (Treatment),1,28.25,4,1
USR_07675,B (Treatment),0,95.06,5,1
USR_07676,B (Treatment),1,41.96,3,3
USR_07677,B (Treatment),0,24.73,4,0
USR_07678,B (Treatment),0,35.2,4,4
USR_07679,B (Treatment),1,49.74,5,0
USR_07680,B (Treatment),0,32.63,2,0
USR_07681,B (Treatment),0,19.41,6,5
USR_07682,B (Treatment),0,24.1,6,2
USR_07683,B (Treatment),0,63.97,5,1
USR_07684,B (Treatment),1,21.89,3,3
USR_07685,B (Treatment),0,29.69,3,1
USR_07686,B (Treatment),0,22.5,5,2
USR_07687,B (Treatment),0,54.44,5,3
USR_07688,B (Treatment),0,184.09,3,2
USR_07689,B (Treatment),0,62.33,5,4
USR_07690,B (Treatment),0,27.31,6,1
USR_07691,B (Treatment),0,54.4,7,4
USR_07692,B (Treatment),1,28.51,3,2
USR_07693,B (Treatment),1,51.22,4,0
USR_07694,B (Treatment),0,107.04,5,3
USR_07695,B (Treatment),0,44.52,4,0
USR_07696,B (Treatment),0,56.82,5,2
USR_07697,B (Treatment),0,45.77,3,0
USR_07698,B (Treatment),0,79.76,3,1
USR_07699,B (Treatment),0,68.82,3,0
USR_07700,B (Treatment),0,36.27,3,2
USR_07701,B (Treatment),0,68.85,2,0
USR_07702,B (Treatment),0,51.5,7,4
USR_07703,B (Treatment),0,34.31,7,1
USR_07704,B (Treatment),0,34.7,6,2
USR_07705,B (Treatment),0,50.51,4,2
USR_07706,B (Treatment),0,56.3,3,0
USR_07707,B (Treatment),1,41.29,5,3
USR_07708,B (Treatment),0,57.16,1,2
USR_07709,B (Treatment),0,26.78,3,1
USR_07710,B (Treatment),0,21.19,5,0
USR_07711,B (Treatment),0,14.8,3,1
USR_07712,B (Treatment),0,63.33,1,1
USR_07713,B (Treatment),0,13.72,10,6
USR_07714,B (Treatment),0,56.79,3,2
USR_07715,B (Treatment),0,32.94,4,3
USR_07716,B (Treatment),0,37.06,8,6
USR_07717,B (Treatment),0,37.42,8,2
USR_07718,B (Treatment),0,165.07,4,2
USR_07719,B (Treatment),0,30.29,8,6
USR_07720,B (Treatment),0,23.6,3,2
USR_07721,B (Treatment),1,126.9,2,0
USR_07722,B (Treatment),0,16.07,5,4
USR_07723,B (Treatment),0,19.13,2,0
USR_07724,B (Treatment),0,76.58,4,1
USR_07725,B (Treatment),0,58.0,4,1
USR_07726,B (Treatment),1,34.6,5,4
USR_07727,B (Treatment),0,21.6,1,0
USR_07728,B (Treatment),0,8.72,6,7
USR_07729,B (Treatment),0,110.52,5,2
USR_07730,B (Treatment),1,68.96,2,1
USR_07731,B (Treatment),0,103.41,3,0
USR_07732,B (Treatment),0,85.27,4,2
USR_07733,B (Treatment),0,59.85,4,0
USR_07734,B (Treatment),1,29.71,3,3
USR_07735,B (Treatment),0,21.66,7,3
USR_07736,B (Treatment),1,90.31,2,1
USR_07737,B (Treatment),0,33.0,3,3
USR_07738,B (Treatment),0,22.58,6,1
USR_07739,B (Treatment),0,28.25,5,2
USR_07740,B (Treatment),0,93.67,5,1
USR_07741,B (Treatment),0,24.28,8,1
USR_07742,B (Treatment),0,34.73,4,2
USR_07743,B (Treatment),0,41.99,2,0
USR_07744,B (Treatment),0,52.32,2,1
USR_07745,B (Treatment),0,22.92,7,2
USR_07746,B (Treatment),0,41.08,6,1
USR_07747,B (Treatment),0,77.48,6,3
USR_07748,B (Treatment),0,142.47,7,3
USR_07749,B (Treatment),0,19.97,6,0
USR_07750,B (Treatment),0,22.42,5,2
USR_07751,B (Treatment),0,24.9,3,2
USR_07752,B (Treatment),0,66.2,7,4
USR_07753,B (Treatment),0,21.06,3,3
USR_07754,B (Treatment),0,40.14,5,4
USR_07755,B (Treatment),0,37.44,7,4
USR_07756,B (Treatment),0,149.9,5,2
USR_07757,B (Treatment),0,30.11,5,1
USR_07758,B (Treatment),1,28.88,5,1
USR_07759,B (Treatment),0,66.16,3,2
USR_07760,B (Treatment),0,54.3,3,3
USR_07761,B (Treatment),0,27.52,4,1
USR_07762,B (Treatment),1,97.61,3,0
USR_07763,B (Treatment),0,15.69,4,2
USR_07764,B (Treatment),0,42.87,4,0
USR_07765,B (Treatment),1,35.83,4,2
USR_07766,B (Treatment),1,40.47,4,0
USR_07767,B (Treatment),0,27.35,4,4
USR_07768,B (Treatment),0,41.07,3,3
USR_07769,B (Treatment),0,50.48,3,0
USR_07770,B (Treatment),0,5.77,6,1
USR_07771,B (Treatment),0,32.08,6,6
USR_07772,B (Treatment),0,25.05,5,4
USR_07773,B (Treatment),0,121.97,3,3
USR_07774,B (Treatment),0,58.61,4,1
USR_07775,B (Treatment),1,24.04,3,0
USR_07776,B (Treatment),0,30.92,5,3
USR_07777,B (Treatment),0,36.75,5,5
USR_07778,B (Treatment),0,30.45,5,1
USR_07779,B (Treatment),0,61.39,5,4
USR_07780,B (Treatment),0,109.67,4,1
USR_07781,B (Treatment),0,2.63,6,1
USR_07782,B (Treatment),0,35.25,8,3
USR_07783,B (Treatment),1,142.02,4,2
USR_07784,B (Treatment),0,36.21,5,0
USR_07785,B (Treatment),0,52.35,5,2
USR_07786,B (Treatment),0,7.28,4,2
USR_07787,B (Treatment),0,96.93,4,3
USR_07788,B (Treatment),0,19.71,3,0
USR_07789,B (Treatment),0,57.7,10,7
USR_07790,B (Treatment),0,22.53,5,1
USR_07791,B (Treatment),0,4.17,4,2
USR_07792,B (Treatment),0,54.37,5,2
USR_07793,B (Treatment),0,69.94,6,5
USR_07794,B (Treatment),0,42.02,4,0
USR_07795,B (Treatment),0,17.87,9,3
USR_07796,B (Treatment),0,158.85,7,1
USR_07797,B (Treatment),0,68.28,4,1
USR_07798,B (Treatment),1,49.13,2,0
USR_07799,B (Treatment),0,87.58,3,0
USR_07800,B (Treatment),0,30.44,4,2
USR_07801,B (Treatment),0,129.22,3,0
USR_07802,B (Treatment),1,69.06,6,1
USR_07803,B (Treatment),0,82.54,7,1
USR_07804,B (Treatment),0,34.77,4,4
USR_07805,B (Treatment),0,19.31,5,2
USR_07806,B (Treatment),0,49.6,5,1
USR_07807,B (Treatment),0,31.37,9,4
USR_07808,B (Treatment),0,138.34,3,0
USR_07809,B (Treatment),1,15.3,5,2
USR_07810,B (Treatment),0,102.03,6,1
USR_07811,B (Treatment),0,11.38,3,1
USR_07812,B (Treatment),0,22.46,3,3
USR_07813,B (Treatment),1,11.16,4,1
USR_07814,B (Treatment),0,30.49,4,2
USR_07815,B (Treatment),0,38.1,3,2
USR_07816,B (Treatment),0,27.78,5,5
USR_07817,B (Treatment),0,57.66,5,5
USR_07818,B (Treatment),0,38.3,5,1
USR_07819,B (Treatment),0,7.5,5,5
USR_07820,B (Treatment),0,21.54,2,0
USR_07821,B (Treatment),0,34.52,2,2
USR_07822,B (Treatment),0,85.29,2,0
USR_07823,B (Treatment),0,47.52,7,2
USR_07824,B (Treatment),0,31.6,4,0
USR_07825,B (Treatment),0,13.81,1,0
USR_07826,B (Treatment),0,48.9,4,3
USR_07827,B (Treatment),1,97.68,4,1
USR_07828,B (Treatment),0,35.58,2,0
USR_07829,B (Treatment),0,23.17,4,1
USR_07830,B (Treatment),0,63.3,4,1
USR_07831,B (Treatment),0,87.38,5,0
USR_07832,B (Treatment),0,38.98,6,2
USR_07833,B (Treatment),0,68.0,7,7
USR_07834,B (Treatment),0,32.76,2,1
USR_07835,B (Treatment),0,70.04,7,5
USR_07836,B (Treatment),0,100.69,2,1
USR_07837,B (Treatment),0,76.58,3,0
USR_07838,B (Treatment),0,61.67,5,3
USR_07839,B (Treatment),0,121.12,3,3
USR_07840,B (Treatment),0,36.81,4,2
USR_07841,B (Treatment),0,61.66,2,1
USR_07842,B (Treatment),0,37.66,7,4
USR_07843,B (Treatment),0,61.68,5,4
USR_07844,B (Treatment),1,68.41,4,2
USR_07845,B (Treatment),1,79.68,5,2
USR_07846,B (Treatment),0,45.3,3,0
USR_07847,B (Treatment),0,9.58,5,1
USR_07848,B (Treatment),0,38.19,5,3
USR_07849,B (Treatment),0,66.92,6,3
USR_07850,B (Treatment),0,54.13,6,2
USR_07851,B (Treatment),0,59.32,6,4
USR_07852,B (Treatment),0,71.11,9,3
USR_07853,B (Treatment),1,19.29,5,2
USR_07854,B (Treatment),0,73.4,7,1
USR_07855,B (Treatment),1,124.73,5,2
USR_07856,B (Treatment),0,34.51,4,1
USR_07857,B (Treatment),1,80.7,8,5
USR_07858,B (Treatment),0,47.14,3,2
USR_07859,B (Treatment),0,58.28,4,0
USR_07860,B (Treatment),1,75.95,6,1
USR_07861,B (Treatment),1,53.93,4,1
USR_07862,B (Treatment),0,33.08,4,2
USR_07863,B (Treatment),0,55.5,5,2
USR_07864,B (Treatment),0,23.08,6,2
USR_07865,B (Treatment),0,14.04,7,1
USR_07866,B (Treatment),1,104.62,3,1
USR_07867,B (Treatment),0,60.2,6,3
USR_07868,B (Treatment),0,68.87,7,7
USR_07869,B (Treatment),0,51.95,5,4
USR_07870,B (Treatment),0,11.42,4,3
USR_07871,B (Treatment),0,100.24,7,3
USR_07872,B (Treatment),0,33.13,6,2
USR_07873,B (Treatment),0,37.87,5,4
USR_07874,B (Treatment),1,92.92,3,1
USR_07875,B (Treatment),0,22.82,3,2
USR_07876,B (Treatment),0,35.63,9,3
USR_07877,B (Treatment),0,33.9,5,3
USR_07878,B (Treatment),0,22.3,4,2
USR_07879,B (Treatment),0,47.69,2,2
USR_07880,B (Treatment),0,24.65,3,1
USR_07881,B (Treatment),0,102.9,3,0
USR_07882,B (Treatment),0,13.17,1,3
USR_07883,B (Treatment),0,17.38,4,2
USR_07884,B (Treatment),0,35.6,5,1
USR_07885,B (Treatment),0,44.14,2,0
USR_07886,B (Treatment),0,27.49,4,0
USR_07887,B (Treatment),1,71.81,3,0
USR_07888,B (Treatment),0,39.11,5,2
USR_07889,B (Treatment),0,62.43,3,3
USR_07890,B (Treatment),0,98.38,4,0
USR_07891,B (Treatment),1,118.73,2,2
USR_07892,B (Treatment),0,36.19,1,1
USR_07893,B (Treatment),0,47.43,3,2
USR_07894,B (Treatment),0,53.74,2,1
USR_07895,B (Treatment),0,37.02,5,3
USR_07896,B (Treatment),0,21.22,5,1
USR_07897,B (Treatment),0,83.8,3,1
USR_07898,B (Treatment),0,21.23,2,0
USR_07899,B (Treatment),0,88.95,3,0
USR_07900,B (Treatment),1,59.51,4,3
USR_07901,B (Treatment),0,52.44,2,1
USR_07902,B (Treatment),0,26.16,2,1
USR_07903,B (Treatment),0,8.75,3,1
USR_07904,B (Treatment),0,82.5,3,1
USR_07905,B (Treatment),0,25.91,6,4
USR_07906,B (Treatment),0,61.88,3,1
USR_07907,B (Treatment),0,64.0,4,3
USR_07908,B (Treatment),0,44.62,5,2
USR_07909,B (Treatment),0,52.84,8,5
USR_07910,B (Treatment),0,58.96,6,2
USR_07911,B (Treatment),0,50.06,2,1
USR_07912,B (Treatment),0,24.0,2,0
USR_07913,B (Treatment),1,13.28,7,6
USR_07914,B (Treatment),0,27.67,5,3
USR_07915,B (Treatment),0,34.1,2,1
USR_07916,B (Treatment),0,101.59,6,2
USR_07917,B (Treatment),0,17.98,3,3
USR_07918,B (Treatment),0,110.55,5,3
USR_07919,B (Treatment),0,132.49,4,2
USR_07920,B (Treatment),0,28.4,4,1
USR_07921,B (Treatment),0,129.66,3,0
USR_07922,B (Treatment),0,40.3,7,3
USR_07923,B (Treatment),0,35.91,7,5
USR_07924,B (Treatment),0,101.64,3,2
USR_07925,B (Treatment),0,51.29,8,4
USR_07926,B (Treatment),0,46.44,3,0
USR_07927,B (Treatment),0,27.38,6,2
USR_07928,B (Treatment),0,29.19,4,0
USR_07929,B (Treatment),0,47.53,6,1
USR_07930,B (Treatment),1,101.61,3,0
USR_07931,B (Treatment),0,18.06,6,3
USR_07932,B (Treatment),0,41.76,2,1
USR_07933,B (Treatment),0,15.27,8,8
USR_07934,B (Treatment),1,26.33,3,2
USR_07935,B (Treatment),0,67.68,8,2
USR_07936,B (Treatment),0,22.74,3,2
USR_07937,B (Treatment),0,86.22,4,0
USR_07938,B (Treatment),0,22.66,5,6
USR_07939,B (Treatment),0,29.86,6,3
USR_07940,B (Treatment),0,9.62,5,1
USR_07941,B (Treatment),1,86.3,3,1
USR_07942,B (Treatment),0,78.65,5,5
USR_07943,B (Treatment),1,15.62,3,3
USR_07944,B (Treatment),0,36.08,6,2
USR_07945,B (Treatment),0,33.96,4,1
USR_07946,B (Treatment),0,31.92,5,4
USR_07947,B (Treatment),1,133.09,7,6
USR_07948,B (Treatment),0,31.62,4,4
USR_07949,B (Treatment),0,23.63,3,3
USR_07950,B (Treatment),0,10.62,5,2
USR_07951,B (Treatment),0,24.54,4,3
USR_07952,B (Treatment),1,101.41,1,0
USR_07953,B (Treatment),0,50.92,4,3
USR_07954,B (Treatment),0,51.0,4,1
USR_07955,B (Treatment),0,25.65,3,2
USR_07956,B (Treatment),0,91.82,10,4
USR_07957,B (Treatment),0,62.54,5,4
USR_07958,B (Treatment),1,32.25,5,0
USR_07959,B (Treatment),0,21.05,6,6
USR_07960,B (Treatment),0,41.83,5,2
USR_07961,B (Treatment),0,22.38,4,2
USR_07962,B (Treatment),0,38.57,6,4
USR_07963,B (Treatment),0,47.9,4,2
USR_07964,B (Treatment),0,26.5,7,6
USR_07965,B (Treatment),0,5.5,4,2
USR_07966,B (Treatment),0,57.85,5,2
USR_07967,B (Treatment),0,27.09,8,8
USR_07968,B (Treatment),0,47.63,6,5
USR_07969,B (Treatment),0,39.73,2,0
USR_07970,B (Treatment),0,119.41,7,2
USR_07971,B (Treatment),0,44.28,4,2
USR_07972,B (Treatment),0,78.16,4,4
USR_07973,B (Treatment),0,33.45,6,3
USR_07974,B (Treatment),0,22.68,7,4
USR_07975,B (Treatment),0,59.48,7,1
USR_07976,B (Treatment),0,25.7,4,2
USR_07977,B (Treatment),0,69.64,5,1
USR_07978,B (Treatment),0,17.07,1,0
USR_07979,B (Treatment),0,54.55,7,2
USR_07980,B (Treatment),0,43.48,8,2
USR_07981,B (Treatment),0,105.63,2,4
USR_07982,B (Treatment),0,58.16,3,1
USR_07983,B (Treatment),0,40.16,5,2
USR_07984,B (Treatment),0,73.03,2,0
USR_07985,B (Treatment),0,5.41,2,2
USR_07986,B (Treatment),0,62.88,3,2
USR_07987,B (Treatment),0,66.44,6,2
USR_07988,B (Treatment),1,71.27,2,0
USR_07989,B (Treatment),0,68.1,6,2
USR_07990,B (Treatment),0,61.22,4,2
USR_07991,B (Treatment),0,34.53,5,0
USR_07992,B (Treatment),0,48.6,5,0
USR_07993,B (Treatment),0,28.22,2,1
USR_07994,B (Treatment),0,23.98,5,1
USR_07995,B (Treatment),0,35.54,6,3
USR_07996,B (Treatment),0,38.68,3,0
USR_07997,B (Treatment),0,56.29,7,8
USR_07998,B (Treatment),0,95.72,5,2
USR_07999,B (Treatment),0,77.25,4,1
USR_08000,B (Treatment),0,53.42,3,0
USR_08001,B (Treatment),0,88.51,3,1
USR_08002,B (Treatment),0,44.56,4,3
USR_08003,B (Treatment),1,61.81,4,2
USR_08004,B (Treatment),0,34.62,5,1
USR_08005,B (Treatment),0,43.81,7,3
USR_08006,B (Treatment),0,36.89,2,0
USR_08007,B (Treatment),0,12.37,4,2
USR_08008,B (Treatment),0,12.61,4,1
USR_08009,B (Treatment),0,15.76,5,3
USR_08010,B (Treatment),1,53.67,4,3
USR_08011,B (Treatment),0,97.02,4,4
USR_08012,B (Treatment),0,88.32,5,3
USR_08013,B (Treatment),0,62.23,4,1
USR_08014,B (Treatment),0,30.6,5,2
USR_08015,B (Treatment),0,23.44,5,3
USR_08016,B (Treatment),0,47.6,3,0
USR_08017,B (Treatment),0,30.04,7,4
USR_08018,B (Treatment),0,14.63,4,2
USR_08019,B (Treatment),0,20.86,2,1
USR_08020,B (Treatment),0,34.44,3,1
USR_08021,B (Treatment),0,95.03,6,3
USR_08022,B (Treatment),0,11.07,4,1
USR_08023,B (Treatment),0,17.55,5,1
USR_08024,B (Treatment),1,36.45,4,3
USR_08025,B (Treatment),0,25.35,4,1
USR_08026,B (Treatment),0,57.65,5,2
USR_08027,B (Treatment),0,37.16,4,1
USR_08028,B (Treatment),1,14.41,6,2
USR_08029,B (Treatment),0,30.5,5,3
USR_08030,B (Treatment),1,48.93,6,4
USR_08031,B (Treatment),0,66.6,12,8
USR_08032,B (Treatment),0,17.4,2,2
USR_08033,B (Treatment),0,51.03,5,2
USR_08034,B (Treatment),0,35.07,4,3
USR_08035,B (Treatment),0,87.84,4,1
USR_08036,B (Treatment),0,30.78,7,1
USR_08037,B (Treatment),1,14.71,5,3
USR_08038,B (Treatment),0,26.65,5,1
USR_08039,B (Treatment),0,8.21,5,2
USR_08040,B (Treatment),0,9.04,7,2
USR_08041,B (Treatment),1,11.03,4,1
USR_08042,B (Treatment),0,57.97,8,6
USR_08043,B (Treatment),0,53.83,2,1
USR_08044,B (Treatment),0,60.03,5,1
USR_08045,B (Treatment),0,28.5,5,3
USR_08046,B (Treatment),0,21.25,7,5
USR_08047,B (Treatment),0,146.26,4,1
USR_08048,B (Treatment),0,47.13,4,3
USR_08049,B (Treatment),0,19.4,7,3
USR_08050,B (Treatment),0,102.97,2,1
USR_08051,B (Treatment),0,93.9,5,5
USR_08052,B (Treatment),0,64.04,4,0
USR_08053,B (Treatment),0,38.38,6,3
USR_08054,B (Treatment),0,23.62,5,0
USR_08055,B (Treatment),0,31.64,7,5
USR_08056,B (Treatment),0,86.07,3,3
USR_08057,B (Treatment),0,25.82,5,1
USR_08058,B (Treatment),0,16.87,5,0
USR_08059,B (Treatment),0,63.37,3,4
USR_08060,B (Treatment),0,41.84,4,4
USR_08061,B (Treatment),0,26.55,9,7
USR_08062,B (Treatment),1,28.32,6,5
USR_08063,B (Treatment),0,7.24,5,2
USR_08064,B (Treatment),0,29.75,4,5
USR_08065,B (Treatment),0,81.22,7,6
USR_08066,B (Treatment),0,21.47,4,0
USR_08067,B (Treatment),0,160.63,4,3
USR_08068,B (Treatment),0,42.42,6,4
USR_08069,B (Treatment),0,13.69,5,1
USR_08070,B (Treatment),0,49.96,3,2
USR_08071,B (Treatment),0,21.41,6,3
USR_08072,B (Treatment),1,64.3,6,5
USR_08073,B (Treatment),0,89.58,4,3
USR_08074,B (Treatment),0,72.56,7,6
USR_08075,B (Treatment),0,71.5,4,0
USR_08076,B (Treatment),0,31.68,2,1
USR_08077,B (Treatment),0,21.87,3,1
USR_08078,B (Treatment),0,59.62,2,2
USR_08079,B (Treatment),0,23.15,4,2
USR_08080,B (Treatment),0,32.46,5,2
USR_08081,B (Treatment),0,23.81,3,0
USR_08082,B (Treatment),0,25.97,4,2
USR_08083,B (Treatment),0,62.62,4,1
USR_08084,B (Treatment),0,24.85,2,0
USR_08085,B (Treatment),0,63.35,6,7
USR_08086,B (Treatment),0,89.28,2,1
USR_08087,B (Treatment),0,29.08,3,1
USR_08088,B (Treatment),0,18.84,5,4
USR_08089,B (Treatment),0,78.45,6,2
USR_08090,B (Treatment),0,52.02,5,3
USR_08091,B (Treatment),0,24.33,6,5
USR_08092,B (Treatment),0,33.66,6,1
USR_08093,B (Treatment),0,54.89,7,2
USR_08094,B (Treatment),0,12.24,5,1
USR_08095,B (Treatment),0,112.42,3,5
USR_08096,B (Treatment),0,74.5,6,3
USR_08097,B (Treatment),0,42.99,5,2
USR_08098,B (Treatment),0,108.99,5,2
USR_08099,B (Treatment),0,98.25,3,1
USR_08100,B (Treatment),0,37.37,5,3
USR_08101,B (Treatment),0,35.4,5,4
USR_08102,B (Treatment),1,36.39,2,0
USR_08103,B (Treatment),0,60.83,6,2
USR_08104,B (Treatment),0,57.82,4,1
USR_08105,B (Treatment),0,9.0,4,2
USR_08106,B (Treatment),0,55.31,2,1
USR_08107,B (Treatment),0,55.09,4,3
USR_08108,B (Treatment),0,36.66,4,3
USR_08109,B (Treatment),0,44.75,2,1
USR_08110,B (Treatment),0,10.69,6,3
USR_08111,B (Treatment),0,16.48,6,3
USR_08112,B (Treatment),0,23.12,4,4
USR_08113,B (Treatment),0,61.35,3,2
USR_08114,B (Treatment),0,91.96,4,3
USR_08115,B (Treatment),1,58.8,4,3
USR_08116,B (Treatment),0,46.39,6,5
USR_08117,B (Treatment),0,67.26,3,2
USR_08118,B (Treatment),0,4.01,3,1
USR_08119,B (Treatment),0,87.38,5,4
USR_08120,B (Treatment),0,39.14,3,1
USR_08121,B (Treatment),0,80.69,4,3
USR_08122,B (Treatment),0,64.55,4,4
USR_08123,B (Treatment),0,24.32,5,3
USR_08124,B (Treatment),0,50.25,3,2
USR_08125,B (Treatment),0,25.93,2,0
USR_08126,B (Treatment),0,57.44,4,1
USR_08127,B (Treatment),0,120.67,2,1
USR_08128,B (Treatment),0,57.6,8,0
USR_08129,B (Treatment),0,23.49,6,4
USR_08130,B (Treatment),0,74.56,6,2
USR_08131,B (Treatment),0,22.51,6,4
USR_08132,B (Treatment),0,89.69,3,2
USR_08133,B (Treatment),0,19.49,7,3
USR_08134,B (Treatment),0,82.45,3,2
USR_08135,B (Treatment),0,29.69,5,3
USR_08136,B (Treatment),1,61.45,3,1
USR_08137,B (Treatment),0,75.04,2,2
USR_08138,B (Treatment),0,49.85,5,3
USR_08139,B (Treatment),0,32.15,7,2
USR_08140,B (Treatment),0,51.1,6,4
USR_08141,B (Treatment),0,39.14,6,3
USR_08142,B (Treatment),0,43.9,3,1
USR_08143,B (Treatment),0,12.26,6,4
USR_08144,B (Treatment),0,66.1,4,1
USR_08145,B (Treatment),0,48.89,7,3
USR_08146,B (Treatment),0,9.66,5,2
USR_08147,B (Treatment),0,33.61,6,4
USR_08148,B (Treatment),0,6.49,3,2
USR_08149,B (Treatment),0,44.56,6,3
USR_08150,B (Treatment),0,60.28,6,0
USR_08151,B (Treatment),0,26.63,4,2
USR_08152,B (Treatment),1,25.21,3,2
USR_08153,B (Treatment),0,32.39,6,1
USR_08154,B (Treatment),0,25.1,9,3
USR_08155,B (Treatment),0,21.82,4,3
USR_08156,B (Treatment),0,8.39,3,1
USR_08157,B (Treatment),0,24.49,6,2
USR_08158,B (Treatment),0,12.6,4,4
USR_08159,B (Treatment),0,87.17,4,3
USR_08160,B (Treatment),0,96.8,4,0
USR_08161,B (Treatment),0,58.06,4,3
USR_08162,B (Treatment),0,84.51,2,0
USR_08163,B (Treatment),0,22.98,4,1
USR_08164,B (Treatment),0,59.93,4,0
USR_08165,B (Treatment),0,58.93,5,2
USR_08166,B (Treatment),0,51.62,3,2
USR_08167,B (Treatment),0,31.72,5,3
USR_08168,B (Treatment),0,42.44,2,0
USR_08169,B (Treatment),0,50.29,2,0
USR_08170,B (Treatment),0,49.52,1,1
USR_08171,B (Treatment),0,20.81,3,1
USR_08172,B (Treatment),1,93.18,4,0
USR_08173,B (Treatment),1,44.73,3,3
USR_08174,B (Treatment),0,68.8,9,6
USR_08175,B (Treatment),0,28.62,3,1
USR_08176,B (Treatment),0,57.51,3,1
USR_08177,B (Treatment),0,46.78,5,2
USR_08178,B (Treatment),0,22.52,5,2
USR_08179,B (Treatment),0,42.87,1,0
USR_08180,B (Treatment),0,34.49,6,2
USR_08181,B (Treatment),0,37.0,2,1
USR_08182,B (Treatment),1,76.55,4,2
USR_08183,B (Treatment),0,39.62,8,4
USR_08184,B (Treatment),0,73.69,2,0
USR_08185,B (Treatment),0,61.05,5,1
USR_08186,B (Treatment),1,46.02,8,0
USR_08187,B (Treatment),0,79.26,4,2
USR_08188,B (Treatment),0,75.42,3,4
USR_08189,B (Treatment),0,46.08,3,1
USR_08190,B (Treatment),0,48.41,1,0
USR_08191,B (Treatment),0,79.79,2,0
USR_08192,B (Treatment),0,63.49,3,1
USR_08193,B (Treatment),0,92.59,2,4
USR_08194,B (Treatment),0,39.07,2,3
USR_08195,B (Treatment),1,18.09,3,0
USR_08196,B (Treatment),0,26.02,2,2
USR_08197,B (Treatment),0,9.05,6,1
USR_08198,B (Treatment),1,24.79,2,2
USR_08199,B (Treatment),0,63.06,3,3
USR_08200,B (Treatment),0,39.5,4,0
USR_08201,B (Treatment),0,22.39,5,1
USR_08202,B (Treatment),0,29.11,3,0
USR_08203,B (Treatment),0,51.65,6,3
USR_08204,B (Treatment),0,30.18,3,0
USR_08205,B (Treatment),0,36.53,6,3
USR_08206,B (Treatment),0,12.93,2,1
USR_08207,B (Treatment),1,85.98,4,1
USR_08208,B (Treatment),0,93.51,3,1
USR_08209,B (Treatment),0,23.3,5,6
USR_08210,B (Treatment),0,33.62,6,1
USR_08211,B (Treatment),1,8.06,4,3
USR_08212,B (Treatment),0,81.67,6,3
USR_08213,B (Treatment),0,16.15,4,2
USR_08214,B (Treatment),0,41.58,7,3
USR_08215,B (Treatment),0,19.87,1,0
USR_08216,B (Treatment),0,42.23,4,2
USR_08217,B (Treatment),0,72.27,4,4
USR_08218,B (Treatment),0,60.79,4,5
USR_08219,B (Treatment),1,63.66,4,2
USR_08220,B (Treatment),0,14.72,4,2
USR_08221,B (Treatment),0,40.87,4,1
USR_08222,B (Treatment),0,129.32,3,2
USR_08223,B (Treatment),0,49.69,5,1
USR_08224,B (Treatment),0,43.27,3,1
USR_08225,B (Treatment),0,35.6,4,1
USR_08226,B (Treatment),0,46.74,4,3
USR_08227,B (Treatment),0,42.13,5,1
USR_08228,B (Treatment),0,115.97,5,3
USR_08229,B (Treatment),0,69.54,3,2
USR_08230,B (Treatment),0,38.84,5,2
USR_08231,B (Treatment),0,67.4,6,2
USR_08232,B (Treatment),0,24.7,2,2
USR_08233,B (Treatment),1,41.69,2,1
USR_08234,B (Treatment),0,30.18,5,3
USR_08235,B (Treatment),0,64.61,4,4
USR_08236,B (Treatment),0,39.7,6,2
USR_08237,B (Treatment),0,46.3,7,5
USR_08238,B (Treatment),0,37.7,6,3
USR_08239,B (Treatment),0,53.17,5,3
USR_08240,B (Treatment),0,65.24,4,0
USR_08241,B (Treatment),0,93.68,5,4
USR_08242,B (Treatment),0,35.31,2,0
USR_08243,B (Treatment),0,20.77,2,1
USR_08244,B (Treatment),0,55.0,3,2
USR_08245,B (Treatment),1,16.83,6,3
USR_08246,B (Treatment),1,34.6,2,0
USR_08247,B (Treatment),0,13.37,5,5
USR_08248,B (Treatment),0,190.98,4,0
USR_08249,B (Treatment),0,86.46,5,1
USR_08250,B (Treatment),0,81.56,5,1
USR_08251,B (Treatment),1,96.52,3,2
USR_08252,B (Treatment),0,76.17,6,6
USR_08253,B (Treatment),0,49.89,6,5
USR_08254,B (Treatment),0,50.81,3,2
USR_08255,B (Treatment),0,90.91,2,1
USR_08256,B (Treatment),0,94.58,3,2
USR_08257,B (Treatment),0,22.17,5,3
USR_08258,B (Treatment),0,38.96,5,4
USR_08259,B (Treatment),0,45.25,2,0
USR_08260,B (Treatment),0,77.61,5,1
USR_08261,B (Treatment),0,24.85,4,1
USR_08262,B (Treatment),0,22.89,5,0
USR_08263,B (Treatment),0,15.77,6,6
USR_08264,B (Treatment),0,30.56,9,5
USR_08265,B (Treatment),0,34.32,2,0
USR_08266,B (Treatment),0,107.12,5,1
USR_08267,B (Treatment),0,72.23,3,5
USR_08268,B (Treatment),0,77.59,3,2
USR_08269,B (Treatment),0,20.24,6,2
USR_08270,B (Treatment),0,37.43,6,1
USR_08271,B (Treatment),0,66.75,4,0
USR_08272,B (Treatment),0,47.42,2,1
USR_08273,B (Treatment),0,59.79,7,5
USR_08274,B (Treatment),0,15.99,6,1
USR_08275,B (Treatment),0,46.17,3,0
USR_08276,B (Treatment),0,68.99,6,2
USR_08277,B (Treatment),0,20.78,8,4
USR_08278,B (Treatment),0,10.49,7,6
USR_08279,B (Treatment),0,20.13,5,4
USR_08280,B (Treatment),0,90.19,7,4
USR_08281,B (Treatment),0,17.83,5,4
USR_08282,B (Treatment),1,43.8,5,2
USR_08283,B (Treatment),0,10.15,3,1
USR_08284,B (Treatment),0,22.88,6,1
USR_08285,B (Treatment),0,49.29,4,1
USR_08286,B (Treatment),0,43.15,5,5
USR_08287,B (Treatment),0,81.73,5,5
USR_08288,B (Treatment),0,56.0,2,0
USR_08289,B (Treatment),1,20.77,7,3
USR_08290,B (Treatment),0,37.04,3,1
USR_08291,B (Treatment),0,32.11,6,3
USR_08292,B (Treatment),0,6.46,4,1
USR_08293,B (Treatment),0,108.81,5,1
USR_08294,B (Treatment),0,44.46,3,2
USR_08295,B (Treatment),0,49.75,4,4
USR_08296,B (Treatment),0,65.44,4,1
USR_08297,B (Treatment),0,65.99,3,1
USR_08298,B (Treatment),0,70.38,4,1
USR_08299,B (Treatment),0,33.37,3,2
USR_08300,B (Treatment),0,30.67,5,1
USR_08301,B (Treatment),0,83.65,2,1
USR_08302,B (Treatment),1,110.44,4,3
USR_08303,B (Treatment),0,10.11,6,2
USR_08304,B (Treatment),0,81.8,2,0
USR_08305,B (Treatment),1,37.06,10,8
USR_08306,B (Treatment),0,41.32,4,3
USR_08307,B (Treatment),0,4.03,2,1
USR_08308,B (Treatment),0,43.77,8,1
USR_08309,B (Treatment),1,28.96,3,3
USR_08310,B (Treatment),0,5.8,3,1
USR_08311,B (Treatment),0,88.69,6,2
USR_08312,B (Treatment),0,49.38,4,2
USR_08313,B (Treatment),0,54.29,6,5
USR_08314,B (Treatment),0,88.24,5,7
USR_08315,B (Treatment),0,66.74,6,3
USR_08316,B (Treatment),0,15.42,5,5
USR_08317,B (Treatment),0,76.34,6,3
USR_08318,B (Treatment),1,12.26,4,0
USR_08319,B (Treatment),0,63.55,2,0
USR_08320,B (Treatment),0,124.51,2,0
USR_08321,B (Treatment),0,63.9,6,4
USR_08322,B (Treatment),0,34.34,5,1
USR_08323,B (Treatment),1,121.93,6,1
USR_08324,B (Treatment),0,49.24,6,3
USR_08325,B (Treatment),0,21.26,3,0
USR_08326,B (Treatment),0,27.36,5,2
USR_08327,B (Treatment),1,26.7,5,0
USR_08328,B (Treatment),0,139.14,3,2
USR_08329,B (Treatment),0,63.22,5,4
USR_08330,B (Treatment),1,64.66,5,4
USR_08331,B (Treatment),0,58.03,5,0
USR_08332,B (Treatment),0,51.66,5,3
USR_08333,B (Treatment),0,30.97,4,0
USR_08334,B (Treatment),0,17.59,6,1
USR_08335,B (Treatment),1,54.78,4,2
USR_08336,B (Treatment),0,119.72,2,1
USR_08337,B (Treatment),0,52.98,6,1
USR_08338,B (Treatment),0,93.78,2,0
USR_08339,B (Treatment),0,9.83,5,2
USR_08340,B (Treatment),0,53.16,4,1
USR_08341,B (Treatment),0,29.56,2,0
USR_08342,B (Treatment),0,20.41,4,3
USR_08343,B (Treatment),1,104.6,2,0
USR_08344,B (Treatment),0,32.38,2,0
USR_08345,B (Treatment),0,63.14,5,0
USR_08346,B (Treatment),0,40.39,3,2
USR_08347,B (Treatment),0,15.38,6,3
USR_08348,B (Treatment),0,68.76,7,3
USR_08349,B (Treatment),1,34.04,5,2
USR_08350,B (Treatment),0,75.3,5,4
USR_08351,B (Treatment),0,23.01,5,2
USR_08352,B (Treatment),0,29.96,5,2
USR_08353,B (Treatment),0,61.65,6,0
USR_08354,B (Treatment),0,24.44,7,6
USR_08355,B (Treatment),0,68.05,10,4
USR_08356,B (Treatment),0,8.09,9,3
USR_08357,B (Treatment),0,17.79,3,2
USR_08358,B (Treatment),0,45.74,5,2
USR_08359,B (Treatment),0,64.73,4,1
USR_08360,B (Treatment),0,47.15,3,3
USR_08361,B (Treatment),0,60.02,4,1
USR_08362,B (Treatment),0,32.61,3,6
USR_08363,B (Treatment),0,7.46,4,3
USR_08364,B (Treatment),0,35.57,7,6
USR_08365,B (Treatment),1,36.14,4,1
USR_08366,B (Treatment),0,89.01,5,0
USR_08367,B (Treatment),0,67.19,3,1
USR_08368,B (Treatment),0,19.04,2,0
USR_08369,B (Treatment),0,5.62,6,1
USR_08370,B (Treatment),0,40.22,3,0
USR_08371,B (Treatment),0,29.42,3,0
USR_08372,B (Treatment),0,114.32,4,1
USR_08373,B (Treatment),0,90.7,5,5
USR_08374,B (Treatment),0,15.37,4,2
USR_08375,B (Treatment),1,65.93,4,1
USR_08376,B (Treatment),0,59.51,6,4
USR_08377,B (Treatment),0,58.08,5,2
USR_08378,B (Treatment),0,181.39,6,2
USR_08379,B (Treatment),1,41.13,6,1
USR_08380,B (Treatment),1,71.03,2,2
USR_08381,B (Treatment),0,77.29,5,3
USR_08382,B (Treatment),0,54.97,4,2
USR_08383,B (Treatment),0,113.39,4,2
USR_08384,B (Treatment),1,49.89,9,6
USR_08385,B (Treatment),0,74.78,1,0
USR_08386,B (Treatment),0,26.63,3,1
USR_08387,B (Treatment),0,17.68,5,0
USR_08388,B (Treatment),0,61.36,7,1
USR_08389,B (Treatment),0,42.53,1,0
USR_08390,B (Treatment),1,44.19,5,2
USR_08391,B (Treatment),0,34.96,2,1
USR_08392,B (Treatment),0,73.76,4,5
USR_08393,B (Treatment),1,49.3,4,3
USR_08394,B (Treatment),1,149.51,5,2
USR_08395,B (Treatment),0,48.24,2,1
USR_08396,B (Treatment),0,56.69,5,3
USR_08397,B (Treatment),0,79.51,4,0
USR_08398,B (Treatment),0,61.09,4,5
USR_08399,B (Treatment),0,18.31,2,3
USR_08400,B (Treatment),0,38.4,3,3
USR_08401,B (Treatment),0,25.29,8,4
USR_08402,B (Treatment),0,59.1,4,2
USR_08403,B (Treatment),0,52.35,6,4
USR_08404,B (Treatment),1,76.47,4,1
USR_08405,B (Treatment),0,82.99,6,5
USR_08406,B (Treatment),0,25.26,5,1
USR_08407,B (Treatment),0,81.96,2,2
USR_08408,B (Treatment),0,89.84,5,4
USR_08409,B (Treatment),0,21.41,6,1
USR_08410,B (Treatment),0,56.75,2,1
USR_08411,B (Treatment),0,100.1,5,4
USR_08412,B (Treatment),0,37.98,4,4
USR_08413,B (Treatment),0,44.36,5,4
USR_08414,B (Treatment),0,56.51,5,5
USR_08415,B (Treatment),0,1.63,6,5
USR_08416,B (Treatment),0,48.7,4,5
USR_08417,B (Treatment),0,50.81,6,2
USR_08418,B (Treatment),0,66.36,4,1
USR_08419,B (Treatment),0,68.02,5,3
USR_08420,B (Treatment),0,43.33,8,2
USR_08421,B (Treatment),0,120.38,6,3
USR_08422,B (Treatment),1,25.2,9,5
USR_08423,B (Treatment),0,75.04,10,6
USR_08424,B (Treatment),0,5.9,6,2
USR_08425,B (Treatment),0,46.42,6,3
USR_08426,B (Treatment),0,4.77,6,5
USR_08427,B (Treatment),0,48.53,5,2
USR_08428,B (Treatment),1,60.58,6,3
USR_08429,B (Treatment),0,35.64,4,3
USR_08430,B (Treatment),0,45.5,3,1
USR_08431,B (Treatment),0,71.19,4,0
USR_08432,B (Treatment),0,1.16,6,3
USR_08433,B (Treatment),0,31.46,5,2
USR_08434,B (Treatment),0,101.94,6,2
USR_08435,B (Treatment),0,17.95,1,2
USR_08436,B (Treatment),0,27.5,2,1
USR_08437,B (Treatment),0,7.86,2,3
USR_08438,B (Treatment),0,31.67,3,0
USR_08439,B (Treatment),0,41.81,4,1
USR_08440,B (Treatment),1,177.37,2,1
USR_08441,B (Treatment),0,58.12,5,1
USR_08442,B (Treatment),0,32.77,6,2
USR_08443,B (Treatment),0,12.45,4,3
USR_08444,B (Treatment),1,27.67,5,3
USR_08445,B (Treatment),0,23.65,4,1
USR_08446,B (Treatment),0,6.51,5,2
USR_08447,B (Treatment),0,17.48,6,3
USR_08448,B (Treatment),0,33.56,5,3
USR_08449,B (Treatment),0,37.18,3,0
USR_08450,B (Treatment),0,70.39,4,2
USR_08451,B (Treatment),1,104.79,3,0
USR_08452,B (Treatment),0,36.6,3,1
USR_08453,B (Treatment),0,76.63,4,1
USR_08454,B (Treatment),0,32.81,4,1
USR_08455,B (Treatment),0,22.08,5,2
USR_08456,B (Treatment),0,68.17,8,5
USR_08457,B (Treatment),1,32.41,2,0
USR_08458,B (Treatment),0,24.41,5,3
USR_08459,B (Treatment),0,21.24,4,2
USR_08460,B (Treatment),0,11.08,4,3
USR_08461,B (Treatment),1,45.41,4,1
USR_08462,B (Treatment),0,28.65,8,9
USR_08463,B (Treatment),0,78.46,3,1
USR_08464,B (Treatment),0,121.61,7,4
USR_08465,B (Treatment),0,21.14,4,2
USR_08466,B (Treatment),0,14.52,3,1
USR_08467,B (Treatment),0,106.71,4,3
USR_08468,B (Treatment),0,48.57,3,0
USR_08469,B (Treatment),0,47.39,7,4
USR_08470,B (Treatment),0,54.78,3,1
USR_08471,B (Treatment),1,87.12,2,1
USR_08472,B (Treatment),0,86.75,3,1
USR_08473,B (Treatment),0,66.14,3,0
USR_08474,B (Treatment),1,17.86,5,3
USR_08475,B (Treatment),0,9.07,3,0
USR_08476,B (Treatment),0,18.0,5,4
USR_08477,B (Treatment),0,11.86,4,2
USR_08478,B (Treatment),0,71.2,4,2
USR_08479,B (Treatment),0,27.21,12,3
USR_08480,B (Treatment),0,65.24,6,1
USR_08481,B (Treatment),0,43.86,7,2
USR_08482,B (Treatment),1,26.91,6,4
USR_08483,B (Treatment),0,21.46,6,3
USR_08484,B (Treatment),0,25.49,6,2
USR_08485,B (Treatment),0,14.7,6,5
USR_08486,B (Treatment),0,123.66,6,1
USR_08487,B (Treatment),0,40.53,7,2
USR_08488,B (Treatment),0,43.9,8,5
USR_08489,B (Treatment),0,43.1,6,0
USR_08490,B (Treatment),1,70.06,3,0
USR_08491,B (Treatment),0,23.71,8,4
USR_08492,B (Treatment),1,89.92,6,5
USR_08493,B (Treatment),0,34.71,6,2
USR_08494,B (Treatment),0,33.73,3,0
USR_08495,B (Treatment),0,98.69,3,4
USR_08496,B (Treatment),0,23.43,4,2
USR_08497,B (Treatment),0,56.95,4,0
USR_08498,B (Treatment),0,42.87,5,1
USR_08499,B (Treatment),0,26.78,5,2
USR_08500,B (Treatment),0,62.99,3,0
USR_08501,B (Treatment),0,16.81,9,5
USR_08502,B (Treatment),0,26.61,3,1
USR_08503,B (Treatment),0,46.37,7,4
USR_08504,B (Treatment),1,112.58,5,2
USR_08505,B (Treatment),0,106.28,9,4
USR_08506,B (Treatment),0,57.51,3,3
USR_08507,B (Treatment),0,35.28,4,1
USR_08508,B (Treatment),0,7.19,3,0
USR_08509,B (Treatment),0,77.14,4,5
USR_08510,B (Treatment),0,84.22,5,0
USR_08511,B (Treatment),0,56.99,4,4
USR_08512,B (Treatment),1,36.42,4,3
USR_08513,B (Treatment),0,72.86,4,2
USR_08514,B (Treatment),0,42.03,4,3
USR_08515,B (Treatment),0,38.64,5,1
USR_08516,B (Treatment),1,11.87,6,4
USR_08517,B (Treatment),0,70.43,6,4
USR_08518,B (Treatment),0,47.53,6,1
USR_08519,B (Treatment),0,105.94,8,4
USR_08520,B (Treatment),0,28.2,3,3
USR_08521,B (Treatment),0,22.25,3,3
USR_08522,B (Treatment),0,83.69,6,7
USR_08523,B (Treatment),0,95.11,4,2
USR_08524,B (Treatment),0,43.82,1,0
USR_08525,B (Treatment),0,74.91,4,1
USR_08526,B (Treatment),1,34.63,2,1
USR_08527,B (Treatment),0,35.96,4,1
USR_08528,B (Treatment),0,57.19,3,2
USR_08529,B (Treatment),0,35.64,3,3
USR_08530,B (Treatment),0,51.65,5,3
USR_08531,B (Treatment),0,46.71,3,1
USR_08532,B (Treatment),0,18.38,4,3
USR_08533,B (Treatment),0,51.47,1,0
USR_08534,B (Treatment),0,18.85,4,1
USR_08535,B (Treatment),0,71.2,6,4
USR_08536,B (Treatment),0,84.59,4,3
USR_08537,B (Treatment),0,38.91,6,2
USR_08538,B (Treatment),0,113.03,6,6
USR_08539,B (Treatment),0,94.03,6,2
USR_08540,B (Treatment),0,52.03,4,2
USR_08541,B (Treatment),0,36.13,3,3
USR_08542,B (Treatment),0,80.07,8,4
USR_08543,B (Treatment),0,114.32,3,1
USR_08544,B (Treatment),1,54.76,3,0
USR_08545,B (Treatment),1,125.81,2,0
USR_08546,B (Treatment),1,30.75,3,0
USR_08547,B (Treatment),0,66.86,3,1
USR_08548,B (Treatment),0,43.54,4,2
USR_08549,B (Treatment),0,21.44,3,3
USR_08550,B (Treatment),0,32.83,6,2
USR_08551,B (Treatment),0,84.33,3,2
USR_08552,B (Treatment),0,40.37,7,4
USR_08553,B (Treatment),0,29.78,5,3
USR_08554,B (Treatment),0,96.88,4,1
USR_08555,B (Treatment),0,82.78,5,2
USR_08556,B (Treatment),0,33.78,4,3
USR_08557,B (Treatment),0,129.66,3,1
USR_08558,B (Treatment),0,41.72,2,0
USR_08559,B (Treatment),0,54.93,4,5
USR_08560,B (Treatment),1,46.31,5,8
USR_08561,B (Treatment),0,24.03,4,0
USR_08562,B (Treatment),0,39.52,5,3
USR_08563,B (Treatment),0,43.07,6,3
USR_08564,B (Treatment),0,9.45,5,2
USR_08565,B (Treatment),0,53.15,3,1
USR_08566,B (Treatment),0,76.42,5,2
USR_08567,B (Treatment),0,19.03,3,1
USR_08568,B (Treatment),0,68.03,6,2
USR_08569,B (Treatment),0,87.04,3,3
USR_08570,B (Treatment),0,1.84,2,0
USR_08571,B (Treatment),0,39.95,4,2
USR_08572,B (Treatment),1,128.29,4,3
USR_08573,B (Treatment),1,52.31,5,6
USR_08574,B (Treatment),1,9.05,8,4
USR_08575,B (Treatment),0,16.29,4,2
USR_08576,B (Treatment),0,53.87,4,3
USR_08577,B (Treatment),0,65.79,4,1
USR_08578,B (Treatment),0,45.67,6,3
USR_08579,B (Treatment),0,51.81,6,1
USR_08580,B (Treatment),1,46.58,5,3
USR_08581,B (Treatment),0,27.77,4,3
USR_08582,B (Treatment),0,46.67,4,0
USR_08583,B (Treatment),1,12.76,3,3
USR_08584,B (Treatment),0,34.91,6,1
USR_08585,B (Treatment),0,62.93,8,2
USR_08586,B (Treatment),0,22.94,2,2
USR_08587,B (Treatment),0,37.11,6,1
USR_08588,B (Treatment),0,48.84,7,4
USR_08589,B (Treatment),0,123.74,5,1
USR_08590,B (Treatment),0,82.45,6,2
USR_08591,B (Treatment),0,12.35,3,2
USR_08592,B (Treatment),0,141.97,5,1
USR_08593,B (Treatment),0,101.03,6,3
USR_08594,B (Treatment),1,50.94,5,5
USR_08595,B (Treatment),1,74.05,3,3
USR_08596,B (Treatment),0,25.46,4,3
USR_08597,B (Treatment),0,43.2,5,2
USR_08598,B (Treatment),0,24.32,6,4
USR_08599,B (Treatment),0,65.36,4,3
USR_08600,B (Treatment),0,168.42,6,5
USR_08601,B (Treatment),0,33.6,4,1
USR_08602,B (Treatment),0,40.11,4,3
USR_08603,B (Treatment),0,44.21,6,2
USR_08604,B (Treatment),0,34.92,7,0
USR_08605,B (Treatment),1,63.01,4,2
USR_08606,B (Treatment),0,86.4,10,6
USR_08607,B (Treatment),0,29.58,7,2
USR_08608,B (Treatment),0,43.84,6,0
USR_08609,B (Treatment),0,68.34,4,1
USR_08610,B (Treatment),0,22.7,2,0
USR_08611,B (Treatment),0,17.26,6,2
USR_08612,B (Treatment),0,29.17,6,5
USR_08613,B (Treatment),0,70.54,1,1
USR_08614,B (Treatment),0,21.83,3,1
USR_08615,B (Treatment),0,30.64,4,1
USR_08616,B (Treatment),0,44.11,3,3
USR_08617,B (Treatment),0,49.12,5,4
USR_08618,B (Treatment),0,40.16,6,3
USR_08619,B (Treatment),0,44.78,6,2
USR_08620,B (Treatment),0,13.75,4,3
USR_08621,B (Treatment),0,28.32,5,3
USR_08622,B (Treatment),0,73.91,9,4
USR_08623,B (Treatment),0,26.69,2,1
USR_08624,B (Treatment),0,50.02,3,0
USR_08625,B (Treatment),0,46.86,6,5
USR_08626,B (Treatment),0,69.23,5,5
USR_08627,B (Treatment),1,75.63,6,2
USR_08628,B (Treatment),0,88.85,7,6
USR_08629,B (Treatment),0,105.64,3,2
USR_08630,B (Treatment),0,22.04,3,3
USR_08631,B (Treatment),0,7.56,8,6
USR_08632,B (Treatment),0,33.7,4,1
USR_08633,B (Treatment),0,20.79,6,2
USR_08634,B (Treatment),0,24.38,7,2
USR_08635,B (Treatment),0,61.38,3,0
USR_08636,B (Treatment),0,85.64,6,2
USR_08637,B (Treatment),0,50.89,4,1
USR_08638,B (Treatment),0,27.52,2,0
USR_08639,B (Treatment),1,52.57,4,1
USR_08640,B (Treatment),0,70.74,3,0
USR_08641,B (Treatment),0,13.83,2,0
USR_08642,B (Treatment),0,35.41,4,1
USR_08643,B (Treatment),0,37.53,5,4
USR_08644,B (Treatment),0,39.4,5,5
USR_08645,B (Treatment),0,23.1,7,2
USR_08646,B (Treatment),0,53.39,4,2
USR_08647,B (Treatment),0,56.69,2,2
USR_08648,B (Treatment),1,21.69,3,1
USR_08649,B (Treatment),0,98.54,4,3
USR_08650,B (Treatment),0,17.71,5,6
USR_08651,B (Treatment),0,26.79,5,1
USR_08652,B (Treatment),0,16.36,5,0
USR_08653,B (Treatment),0,14.39,4,2
USR_08654,B (Treatment),0,47.6,3,1
USR_08655,B (Treatment),1,26.74,7,2
USR_08656,B (Treatment),0,75.92,1,1
USR_08657,B (Treatment),0,23.32,6,4
USR_08658,B (Treatment),0,26.99,2,0
USR_08659,B (Treatment),1,69.71,6,4
USR_08660,B (Treatment),0,19.2,4,3
USR_08661,B (Treatment),0,31.47,5,2
USR_08662,B (Treatment),0,97.52,5,1
USR_08663,B (Treatment),0,4.11,5,4
USR_08664,B (Treatment),0,1.95,7,1
USR_08665,B (Treatment),0,13.86,4,2
USR_08666,B (Treatment),1,108.1,5,1
USR_08667,B (Treatment),0,57.37,4,4
USR_08668,B (Treatment),0,53.22,3,0
USR_08669,B (Treatment),0,13.88,4,0
USR_08670,B (Treatment),0,46.37,2,1
USR_08671,B (Treatment),0,22.01,4,1
USR_08672,B (Treatment),0,77.2,5,1
USR_08673,B (Treatment),0,79.48,4,1
USR_08674,B (Treatment),0,28.87,8,4
USR_08675,B (Treatment),0,60.21,5,1
USR_08676,B (Treatment),0,55.01,4,1
USR_08677,B (Treatment),0,39.85,4,3
USR_08678,B (Treatment),0,22.63,4,1
USR_08679,B (Treatment),0,31.59,3,2
USR_08680,B (Treatment),1,75.31,3,2
USR_08681,B (Treatment),1,98.42,7,5
USR_08682,B (Treatment),0,33.69,2,0
USR_08683,B (Treatment),0,104.7,3,1
USR_08684,B (Treatment),0,57.41,6,4
USR_08685,B (Treatment),0,40.79,5,0
USR_08686,B (Treatment),0,37.61,5,3
USR_08687,B (Treatment),0,23.72,6,1
USR_08688,B (Treatment),0,62.97,6,2
USR_08689,B (Treatment),0,115.82,7,5
USR_08690,B (Treatment),0,39.66,7,4
USR_08691,B (Treatment),0,20.5,2,1
USR_08692,B (Treatment),0,69.69,3,1
USR_08693,B (Treatment),0,32.49,6,3
USR_08694,B (Treatment),0,23.46,2,0
USR_08695,B (Treatment),0,13.31,2,3
USR_08696,B (Treatment),0,61.66,5,1
USR_08697,B (Treatment),0,88.78,4,3
USR_08698,B (Treatment),0,16.79,5,5
USR_08699,B (Treatment),0,34.99,5,1
USR_08700,B (Treatment),0,37.24,3,0
USR_08701,B (Treatment),0,24.74,6,5
USR_08702,B (Treatment),0,102.93,6,4
USR_08703,B (Treatment),0,12.78,2,0
USR_08704,B (Treatment),0,57.79,5,4
USR_08705,B (Treatment),0,65.12,5,4
USR_08706,B (Treatment),0,24.6,3,1
USR_08707,B (Treatment),0,20.22,8,7
USR_08708,B (Treatment),0,27.81,3,2
USR_08709,B (Treatment),0,9.04,7,3
USR_08710,B (Treatment),0,117.8,5,0
USR_08711,B (Treatment),0,29.53,8,7
USR_08712,B (Treatment),0,32.53,3,0
USR_08713,B (Treatment),0,130.5,4,1
USR_08714,B (Treatment),0,10.53,4,3
USR_08715,B (Treatment),0,39.42,5,0
USR_08716,B (Treatment),0,70.89,3,1
USR_08717,B (Treatment),0,117.95,3,0
USR_08718,B (Treatment),1,11.74,3,0
USR_08719,B (Treatment),0,128.29,4,2
USR_08720,B (Treatment),0,34.88,7,4
USR_08721,B (Treatment),1,35.08,4,3
USR_08722,B (Treatment),0,17.08,3,2
USR_08723,B (Treatment),0,45.45,3,1
USR_08724,B (Treatment),1,128.64,7,3
USR_08725,B (Treatment),0,44.85,5,1
USR_08726,B (Treatment),0,22.76,1,0
USR_08727,B (Treatment),0,26.48,6,5
USR_08728,B (Treatment),0,27.45,4,2
USR_08729,B (Treatment),0,107.91,5,1
USR_08730,B (Treatment),1,122.8,7,2
USR_08731,B (Treatment),0,12.75,6,5
USR_08732,B (Treatment),0,18.18,3,4
USR_08733,B (Treatment),0,19.99,3,2
USR_08734,B (Treatment),0,28.7,6,3
USR_08735,B (Treatment),1,137.47,5,4
USR_08736,B (Treatment),0,127.07,3,2
USR_08737,B (Treatment),0,43.14,2,1
USR_08738,B (Treatment),0,31.37,4,3
USR_08739,B (Treatment),0,7.01,9,3
USR_08740,B (Treatment),0,49.7,7,5
USR_08741,B (Treatment),0,46.01,3,0
USR_08742,B (Treatment),0,16.54,5,1
USR_08743,B (Treatment),0,56.61,3,2
USR_08744,B (Treatment),0,78.07,2,1
USR_08745,B (Treatment),0,16.36,5,2
USR_08746,B (Treatment),0,29.89,3,1
USR_08747,B (Treatment),0,75.59,8,8
USR_08748,B (Treatment),0,25.4,2,2
USR_08749,B (Treatment),0,28.95,7,3
USR_08750,B (Treatment),0,30.39,8,4
USR_08751,B (Treatment),0,58.34,3,2
USR_08752,B (Treatment),1,85.01,6,4
USR_08753,B (Treatment),1,113.51,4,3
USR_08754,B (Treatment),0,81.15,5,1
USR_08755,B (Treatment),1,42.84,6,3
USR_08756,B (Treatment),0,65.12,1,0
USR_08757,B (Treatment),0,15.41,2,1
USR_08758,B (Treatment),0,148.42,7,2
USR_08759,B (Treatment),0,23.54,5,4
USR_08760,B (Treatment),0,61.99,2,1
USR_08761,B (Treatment),0,47.67,5,4
USR_08762,B (Treatment),0,14.08,6,6
USR_08763,B (Treatment),0,23.65,6,5
USR_08764,B (Treatment),0,88.54,5,1
USR_08765,B (Treatment),0,39.07,2,1
USR_08766,B (Treatment),0,20.63,5,2
USR_08767,B (Treatment),0,35.0,7,5
USR_08768,B (Treatment),0,20.63,4,0
USR_08769,B (Treatment),0,28.73,5,5
USR_08770,B (Treatment),0,11.35,4,1
USR_08771,B (Treatment),0,42.82,2,1
USR_08772,B (Treatment),0,47.36,6,7
USR_08773,B (Treatment),0,29.06,2,2
USR_08774,B (Treatment),0,88.27,4,1
USR_08775,B (Treatment),0,30.34,2,1
USR_08776,B (Treatment),0,39.06,1,1
USR_08777,B (Treatment),0,27.77,6,4
USR_08778,B (Treatment),0,32.49,3,2
USR_08779,B (Treatment),0,66.92,3,0
USR_08780,B (Treatment),0,15.83,8,2
USR_08781,B (Treatment),0,56.24,5,1
USR_08782,B (Treatment),0,25.25,4,1
USR_08783,B (Treatment),0,16.42,2,0
USR_08784,B (Treatment),0,33.27,4,3
USR_08785,B (Treatment),1,107.69,13,5
USR_08786,B (Treatment),1,61.58,5,3
USR_08787,B (Treatment),1,32.74,5,5
USR_08788,B (Treatment),0,21.27,6,2
USR_08789,B (Treatment),0,124.32,4,2
USR_08790,B (Treatment),0,51.43,5,1
USR_08791,B (Treatment),1,43.89,4,1
USR_08792,B (Treatment),0,60.41,6,3
USR_08793,B (Treatment),0,64.62,6,1
USR_08794,B (Treatment),0,30.04,1,0
USR_08795,B (Treatment),0,72.82,6,2
USR_08796,B (Treatment),0,13.57,7,8
USR_08797,B (Treatment),0,62.8,4,1
USR_08798,B (Treatment),0,31.46,5,0
USR_08799,B (Treatment),0,90.02,4,2
USR_08800,B (Treatment),0,29.89,3,1
USR_08801,B (Treatment),0,79.94,11,4
USR_08802,B (Treatment),0,52.51,2,1
USR_08803,B (Treatment),0,70.94,5,4
USR_08804,B (Treatment),1,44.55,4,2
USR_08805,B (Treatment),0,10.0,5,1
USR_08806,B (Treatment),0,85.94,3,2
USR_08807,B (Treatment),1,89.48,4,2
USR_08808,B (Treatment),0,33.66,7,2
USR_08809,B (Treatment),0,25.95,4,7
USR_08810,B (Treatment),0,74.71,10,1
USR_08811,B (Treatment),0,51.93,6,4
USR_08812,B (Treatment),0,38.17,4,3
USR_08813,B (Treatment),0,58.5,5,2
USR_08814,B (Treatment),0,33.58,3,0
USR_08815,B (Treatment),0,88.67,4,2
USR_08816,B (Treatment),0,35.53,4,2
USR_08817,B (Treatment),1,74.72,3,6
USR_08818,B (Treatment),0,44.5,4,0
USR_08819,B (Treatment),0,54.23,4,2
USR_08820,B (Treatment),0,121.94,4,3
USR_08821,B (Treatment),0,30.59,6,3
USR_08822,B (Treatment),0,71.61,5,3
USR_08823,B (Treatment),0,105.01,5,4
USR_08824,B (Treatment),0,69.95,7,3
USR_08825,B (Treatment),0,91.83,1,1
USR_08826,B (Treatment),0,47.65,3,0
USR_08827,B (Treatment),0,67.52,2,1
USR_08828,B (Treatment),0,79.7,4,0
USR_08829,B (Treatment),0,43.86,8,5
USR_08830,B (Treatment),0,23.48,2,2
USR_08831,B (Treatment),0,20.5,7,3
USR_08832,B (Treatment),0,113.64,2,1
USR_08833,B (Treatment),1,102.42,3,1
USR_08834,B (Treatment),0,26.4,7,2
USR_08835,B (Treatment),0,91.81,9,4
USR_08836,B (Treatment),0,58.86,5,2
USR_08837,B (Treatment),0,44.87,2,1
USR_08838,B (Treatment),0,25.76,4,3
USR_08839,B (Treatment),1,40.62,4,2
USR_08840,B (Treatment),0,22.14,3,1
USR_08841,B (Treatment),0,36.05,1,2
USR_08842,B (Treatment),0,21.71,3,0
USR_08843,B (Treatment),0,14.98,4,2
USR_08844,B (Treatment),1,93.24,2,0
USR_08845,B (Treatment),0,38.9,4,2
USR_08846,B (Treatment),0,55.48,7,4
USR_08847,B (Treatment),0,29.47,6,4
USR_08848,B (Treatment),0,37.65,5,3
USR_08849,B (Treatment),0,21.19,4,0
USR_08850,B (Treatment),0,114.28,9,1
USR_08851,B (Treatment),0,6.92,7,4
USR_08852,B (Treatment),0,76.62,7,5
USR_08853,B (Treatment),0,29.06,2,0
USR_08854,B (Treatment),0,21.12,4,1
USR_08855,B (Treatment),0,13.97,4,3
USR_08856,B (Treatment),0,47.57,4,5
USR_08857,B (Treatment),0,70.69,3,1
USR_08858,B (Treatment),0,66.17,6,1
USR_08859,B (Treatment),0,32.09,3,1
USR_08860,B (Treatment),0,37.43,7,5
USR_08861,B (Treatment),0,20.64,5,2
USR_08862,B (Treatment),0,23.46,4,0
USR_08863,B (Treatment),0,93.06,7,2
USR_08864,B (Treatment),0,10.09,4,3
USR_08865,B (Treatment),0,8.93,3,1
USR_08866,B (Treatment),0,26.42,6,2
USR_08867,B (Treatment),0,113.44,4,4
USR_08868,B (Treatment),0,44.25,3,4
USR_08869,B (Treatment),1,164.8,2,2
USR_08870,B (Treatment),1,34.51,4,1
USR_08871,B (Treatment),0,67.65,7,2
USR_08872,B (Treatment),0,85.32,6,2
USR_08873,B (Treatment),0,147.13,4,1
USR_08874,B (Treatment),1,28.17,5,1
USR_08875,B (Treatment),0,43.9,7,2
USR_08876,B (Treatment),0,38.34,2,1
USR_08877,B (Treatment),1,71.28,3,2
USR_08878,B (Treatment),1,105.98,2,0
USR_08879,B (Treatment),1,105.79,4,1
USR_08880,B (Treatment),0,27.7,3,2
USR_08881,B (Treatment),0,23.55,7,1
USR_08882,B (Treatment),0,66.47,4,1
USR_08883,B (Treatment),0,18.66,4,1
USR_08884,B (Treatment),0,72.38,6,3
USR_08885,B (Treatment),0,43.84,7,4
USR_08886,B (Treatment),1,95.65,3,2
USR_08887,B (Treatment),0,86.37,4,1
USR_08888,B (Treatment),1,47.7,4,2
USR_08889,B (Treatment),0,17.39,6,2
USR_08890,B (Treatment),0,18.62,5,2
USR_08891,B (Treatment),1,45.39,2,1
USR_08892,B (Treatment),0,59.52,1,1
USR_08893,B (Treatment),0,34.98,6,1
USR_08894,B (Treatment),0,21.9,2,0
USR_08895,B (Treatment),0,35.84,4,0
USR_08896,B (Treatment),0,96.1,5,2
USR_08897,B (Treatment),0,35.85,2,1
USR_08898,B (Treatment),0,28.42,4,0
USR_08899,B (Treatment),0,18.16,5,3
USR_08900,B (Treatment),0,41.8,7,4
USR_08901,B (Treatment),0,86.93,6,1
USR_08902,B (Treatment),0,89.53,2,0
USR_08903,B (Treatment),0,24.31,3,3
USR_08904,B (Treatment),1,47.96,4,2
USR_08905,B (Treatment),0,26.11,4,1
USR_08906,B (Treatment),0,33.77,2,1
USR_08907,B (Treatment),0,41.29,5,4
USR_08908,B (Treatment),1,30.71,5,2
USR_08909,B (Treatment),0,2.19,4,2
USR_08910,B (Treatment),0,114.49,7,1
USR_08911,B (Treatment),0,28.28,6,1
USR_08912,B (Treatment),0,26.65,5,3
USR_08913,B (Treatment),0,24.2,5,2
USR_08914,B (Treatment),0,13.03,4,3
USR_08915,B (Treatment),0,116.59,2,2
USR_08916,B (Treatment),0,43.23,3,1
USR_08917,B (Treatment),0,60.0,6,3
USR_08918,B (Treatment),0,55.03,8,5
USR_08919,B (Treatment),0,30.06,5,1
USR_08920,B (Treatment),0,43.14,7,3
USR_08921,B (Treatment),0,68.8,2,0
USR_08922,B (Treatment),0,14.39,3,0
USR_08923,B (Treatment),1,33.34,3,2
USR_08924,B (Treatment),0,37.49,4,2
USR_08925,B (Treatment),0,29.38,2,0
USR_08926,B (Treatment),0,28.98,10,1
USR_08927,B (Treatment),0,48.8,2,0
USR_08928,B (Treatment),0,99.04,4,3
USR_08929,B (Treatment),0,58.19,5,1
USR_08930,B (Treatment),0,23.72,4,1
USR_08931,B (Treatment),0,185.42,2,0
USR_08932,B (Treatment),0,99.61,5,2
USR_08933,B (Treatment),0,30.94,5,2
USR_08934,B (Treatment),1,100.54,3,4
USR_08935,B (Treatment),0,49.53,1,1
USR_08936,B (Treatment),0,17.81,5,5
USR_08937,B (Treatment),0,92.79,1,0
USR_08938,B (Treatment),0,23.72,6,4
USR_08939,B (Treatment),0,59.92,4,4
USR_08940,B (Treatment),0,47.78,3,0
USR_08941,B (Treatment),0,63.18,7,6
USR_08942,B (Treatment),1,122.03,4,1
USR_08943,B (Treatment),0,42.71,6,4
USR_08944,B (Treatment),0,17.62,6,4
USR_08945,B (Treatment),0,26.27,3,0
USR_08946,B (Treatment),0,16.61,3,4
USR_08947,B (Treatment),0,12.61,3,3
USR_08948,B (Treatment),0,85.77,7,4
USR_08949,B (Treatment),0,46.68,4,1
USR_08950,B (Treatment),0,39.38,6,3
USR_08951,B (Treatment),0,31.45,4,1
USR_08952,B (Treatment),0,73.57,4,4
USR_08953,B (Treatment),0,107.61,5,2
USR_08954,B (Treatment),0,23.2,3,2
USR_08955,B (Treatment),0,58.42,8,4
USR_08956,B (Treatment),1,82.04,5,1
USR_08957,B (Treatment),0,51.03,6,3
USR_08958,B (Treatment),0,69.84,1,0
USR_08959,B (Treatment),0,17.44,2,1
USR_08960,B (Treatment),0,109.44,8,6
USR_08961,B (Treatment),0,73.79,3,0
USR_08962,B (Treatment),0,62.23,3,1
USR_08963,B (Treatment),0,78.48,7,0
USR_08964,B (Treatment),0,35.17,1,0
USR_08965,B (Treatment),0,20.11,7,4
USR_08966,B (Treatment),0,16.71,5,1
USR_08967,B (Treatment),0,14.69,3,1
USR_08968,B (Treatment),0,57.88,6,5
USR_08969,B (Treatment),0,32.44,4,2
USR_08970,B (Treatment),1,105.28,4,0
USR_08971,B (Treatment),0,92.1,3,5
USR_08972,B (Treatment),0,73.48,2,3
USR_08973,B (Treatment),0,63.58,5,1
USR_08974,B (Treatment),0,26.19,4,4
USR_08975,B (Treatment),0,29.83,5,2
USR_08976,B (Treatment),0,26.09,7,6
USR_08977,B (Treatment),0,19.6,2,3
USR_08978,B (Treatment),1,40.21,3,2
USR_08979,B (Treatment),0,81.36,3,1
USR_08980,B (Treatment),0,38.46,7,6
USR_08981,B (Treatment),0,25.11,5,3
USR_08982,B (Treatment),0,38.49,6,2
USR_08983,B (Treatment),0,48.56,4,2
USR_08984,B (Treatment),0,30.53,7,3
USR_08985,B (Treatment),0,40.44,4,4
USR_08986,B (Treatment),1,183.51,5,4
USR_08987,B (Treatment),0,14.31,4,0
USR_08988,B (Treatment),0,7.12,5,0
USR_08989,B (Treatment),0,46.28,3,0
USR_08990,B (Treatment),0,56.19,4,2
USR_08991,B (Treatment),0,39.07,1,1
USR_08992,B (Treatment),0,20.96,6,3
USR_08993,B (Treatment),0,104.14,4,2
USR_08994,B (Treatment),0,44.46,4,1
USR_08995,B (Treatment),0,47.71,4,2
USR_08996,B (Treatment),0,72.72,2,0
USR_08997,B (Treatment),0,37.96,7,2
USR_08998,B (Treatment),0,35.58,6,2
USR_08999,B (Treatment),1,104.14,2,0
USR_09000,B (Treatment),0,10.89,6,6
USR_09001,B (Treatment),0,54.27,2,2
USR_09002,B (Treatment),0,51.18,8,5
USR_09003,B (Treatment),1,32.19,5,2
USR_09004,B (Treatment),0,39.12,4,3
USR_09005,B (Treatment),0,98.59,7,7
USR_09006,B (Treatment),0,23.67,6,2
USR_09007,B (Treatment),0,69.73,5,2
USR_09008,B (Treatment),0,43.54,3,2
USR_09009,B (Treatment),0,65.1,4,2
USR_09010,B (Treatment),0,56.81,2,2
USR_09011,B (Treatment),0,6.72,3,1
USR_09012,B (Treatment),0,23.24,4,1
USR_09013,B (Treatment),0,26.0,5,3
USR_09014,B (Treatment),0,20.8,2,0
USR_09015,B (Treatment),0,28.51,5,0
USR_09016,B (Treatment),0,47.64,7,2
USR_09017,B (Treatment),0,77.09,2,0
USR_09018,B (Treatment),0,15.94,9,0
USR_09019,B (Treatment),0,43.97,4,3
USR_09020,B (Treatment),0,52.42,7,3
USR_09021,B (Treatment),0,86.39,9,5
USR_09022,B (Treatment),1,111.47,4,1
USR_09023,B (Treatment),0,37.79,7,2
USR_09024,B (Treatment),0,21.17,2,0
USR_09025,B (Treatment),0,54.72,3,5
USR_09026,B (Treatment),0,21.95,4,0
USR_09027,B (Treatment),0,51.81,2,0
USR_09028,B (Treatment),0,25.08,3,2
USR_09029,B (Treatment),0,60.43,8,3
USR_09030,B (Treatment),0,26.39,4,4
USR_09031,B (Treatment),1,105.2,6,4
USR_09032,B (Treatment),0,43.66,1,1
USR_09033,B (Treatment),0,11.92,4,3
USR_09034,B (Treatment),0,78.51,2,0
USR_09035,B (Treatment),0,38.19,3,0
USR_09036,B (Treatment),0,63.39,3,0
USR_09037,B (Treatment),0,79.44,3,2
USR_09038,B (Treatment),0,45.24,5,3
USR_09039,B (Treatment),0,15.1,1,2
USR_09040,B (Treatment),0,48.08,2,1
USR_09041,B (Treatment),0,96.66,6,2
USR_09042,B (Treatment),0,40.59,3,0
USR_09043,B (Treatment),0,56.89,3,1
USR_09044,B (Treatment),0,23.82,4,1
USR_09045,B (Treatment),0,13.03,2,1
USR_09046,B (Treatment),0,38.75,4,0
USR_09047,B (Treatment),1,44.36,3,2
USR_09048,B (Treatment),0,85.31,4,2
USR_09049,B (Treatment),0,46.29,3,2
USR_09050,B (Treatment),1,81.23,2,3
USR_09051,B (Treatment),0,31.83,7,4
USR_09052,B (Treatment),0,14.76,4,3
USR_09053,B (Treatment),0,58.98,3,0
USR_09054,B (Treatment),1,102.98,5,5
USR_09055,B (Treatment),0,28.74,5,1
USR_09056,B (Treatment),0,64.62,7,3
USR_09057,B (Treatment),0,66.15,5,5
USR_09058,B (Treatment),0,13.15,3,0
USR_09059,B (Treatment),0,37.6,7,1
USR_09060,B (Treatment),0,68.01,4,1
USR_09061,B (Treatment),0,54.6,5,1
USR_09062,B (Treatment),0,68.04,5,3
USR_09063,B (Treatment),0,61.03,5,1
USR_09064,B (Treatment),0,40.95,5,0
USR_09065,B (Treatment),0,44.29,3,3
USR_09066,B (Treatment),0,83.88,5,0
USR_09067,B (Treatment),0,48.02,5,1
USR_09068,B (Treatment),0,26.0,3,1
USR_09069,B (Treatment),0,38.02,2,0
USR_09070,B (Treatment),0,56.76,6,1
USR_09071,B (Treatment),0,80.65,4,3
USR_09072,B (Treatment),0,12.9,3,0
USR_09073,B (Treatment),0,36.64,4,0
USR_09074,B (Treatment),0,76.93,6,3
USR_09075,B (Treatment),0,23.6,3,0
USR_09076,B (Treatment),0,23.68,4,1
USR_09077,B (Treatment),0,43.93,6,0
USR_09078,B (Treatment),0,12.07,7,3
USR_09079,B (Treatment),0,119.96,6,2
USR_09080,B (Treatment),1,56.3,4,2
USR_09081,B (Treatment),1,64.47,1,0
USR_09082,B (Treatment),0,87.45,4,2
USR_09083,B (Treatment),0,161.13,4,4
USR_09084,B (Treatment),0,41.05,8,5
USR_09085,B (Treatment),0,12.76,3,3
USR_09086,B (Treatment),0,53.13,3,0
USR_09087,B (Treatment),0,24.71,3,5
USR_09088,B (Treatment),0,18.07,2,0
USR_09089,B (Treatment),0,30.78,3,1
USR_09090,B (Treatment),1,40.52,4,1
USR_09091,B (Treatment),0,88.42,7,5
USR_09092,B (Treatment),0,121.87,6,6
USR_09093,B (Treatment),0,19.98,5,2
USR_09094,B (Treatment),0,32.38,5,1
USR_09095,B (Treatment),0,62.64,3,0
USR_09096,B (Treatment),1,68.19,5,2
USR_09097,B (Treatment),0,21.79,5,2
USR_09098,B (Treatment),0,77.0,6,2
USR_09099,B (Treatment),0,25.91,5,4
USR_09100,B (Treatment),0,21.12,5,1
USR_09101,B (Treatment),1,60.96,7,4
USR_09102,B (Treatment),0,89.89,5,2
USR_09103,B (Treatment),0,53.12,5,5
USR_09104,B (Treatment),0,47.47,4,2
USR_09105,B (Treatment),0,41.05,5,2
USR_09106,B (Treatment),0,45.73,5,3
USR_09107,B (Treatment),0,37.29,5,2
USR_09108,B (Treatment),1,62.11,6,1
USR_09109,B (Treatment),0,45.75,6,3
USR_09110,B (Treatment),0,155.22,5,4
USR_09111,B (Treatment),0,54.54,3,3
USR_09112,B (Treatment),0,37.34,2,1
USR_09113,B (Treatment),0,20.21,4,2
USR_09114,B (Treatment),0,22.25,8,4
USR_09115,B (Treatment),0,56.03,9,6
USR_09116,B (Treatment),0,29.62,1,0
USR_09117,B (Treatment),0,49.07,4,1
USR_09118,B (Treatment),0,93.09,3,1
USR_09119,B (Treatment),0,17.12,4,0
USR_09120,B (Treatment),0,39.05,8,6
USR_09121,B (Treatment),0,5.19,3,0
USR_09122,B (Treatment),0,13.22,3,1
USR_09123,B (Treatment),0,50.33,1,1
USR_09124,B (Treatment),0,14.48,3,2
USR_09125,B (Treatment),0,16.78,3,1
USR_09126,B (Treatment),1,113.6,5,2
USR_09127,B (Treatment),0,27.5,5,2
USR_09128,B (Treatment),0,21.08,5,0
USR_09129,B (Treatment),1,92.7,4,3
USR_09130,B (Treatment),1,20.95,3,1
USR_09131,B (Treatment),0,53.97,1,0
USR_09132,B (Treatment),0,54.98,2,0
USR_09133,B (Treatment),0,73.89,3,2
USR_09134,B (Treatment),0,18.4,5,4
USR_09135,B (Treatment),0,23.52,2,1
USR_09136,B (Treatment),0,27.74,7,1
USR_09137,B (Treatment),0,24.33,7,6
USR_09138,B (Treatment),0,70.85,4,2
USR_09139,B (Treatment),0,55.04,2,0
USR_09140,B (Treatment),0,60.54,3,0
USR_09141,B (Treatment),0,12.63,5,1
USR_09142,B (Treatment),0,49.49,3,0
USR_09143,B (Treatment),0,101.86,2,0
USR_09144,B (Treatment),1,143.36,4,4
USR_09145,B (Treatment),0,31.17,8,2
USR_09146,B (Treatment),1,74.87,3,1
USR_09147,B (Treatment),1,23.97,3,2
USR_09148,B (Treatment),0,13.06,4,2
USR_09149,B (Treatment),0,13.76,4,4
USR_09150,B (Treatment),1,93.57,6,6
USR_09151,B (Treatment),0,32.83,2,1
USR_09152,B (Treatment),0,28.4,3,2
USR_09153,B (Treatment),1,69.29,5,2
USR_09154,B (Treatment),1,16.29,5,2
USR_09155,B (Treatment),0,58.82,4,0
USR_09156,B (Treatment),0,37.26,2,1
USR_09157,B (Treatment),0,135.16,6,2
USR_09158,B (Treatment),0,32.18,3,0
USR_09159,B (Treatment),0,39.24,5,1
USR_09160,B (Treatment),0,13.6,2,1
USR_09161,B (Treatment),0,147.82,5,1
USR_09162,B (Treatment),0,33.76,6,4
USR_09163,B (Treatment),0,116.83,4,4
USR_09164,B (Treatment),0,10.31,6,2
USR_09165,B (Treatment),0,51.98,3,2
USR_09166,B (Treatment),1,138.4,10,4
USR_09167,B (Treatment),0,27.56,5,3
USR_09168,B (Treatment),0,49.71,3,1
USR_09169,B (Treatment),0,95.5,11,9
USR_09170,B (Treatment),0,34.09,8,8
USR_09171,B (Treatment),0,13.21,3,1
USR_09172,B (Treatment),0,30.62,4,1
USR_09173,B (Treatment),1,52.44,2,1
USR_09174,B (Treatment),0,52.05,3,2
USR_09175,B (Treatment),0,66.92,4,6
USR_09176,B (Treatment),0,23.19,8,5
USR_09177,B (Treatment),0,131.87,3,3
USR_09178,B (Treatment),0,23.78,4,3
USR_09179,B (Treatment),0,45.72,4,1
USR_09180,B (Treatment),0,53.69,5,5
USR_09181,B (Treatment),0,50.38,4,2
USR_09182,B (Treatment),0,18.51,3,1
USR_09183,B (Treatment),1,96.91,4,1
USR_09184,B (Treatment),0,29.57,6,2
USR_09185,B (Treatment),0,56.79,7,0
USR_09186,B (Treatment),0,49.41,5,3
USR_09187,B (Treatment),0,49.27,3,2
USR_09188,B (Treatment),0,12.25,7,3
USR_09189,B (Treatment),0,27.78,6,6
USR_09190,B (Treatment),0,56.44,3,2
USR_09191,B (Treatment),0,12.85,5,1
USR_09192,B (Treatment),0,37.15,2,1
USR_09193,B (Treatment),0,46.55,7,3
USR_09194,B (Treatment),0,64.84,6,3
USR_09195,B (Treatment),0,45.9,3,1
USR_09196,B (Treatment),0,38.0,3,1
USR_09197,B (Treatment),0,50.95,10,4
USR_09198,B (Treatment),0,36.41,3,4
USR_09199,B (Treatment),0,22.56,7,3
USR_09200,B (Treatment),0,30.38,3,1
USR_09201,B (Treatment),0,55.98,6,4
USR_09202,B (Treatment),0,38.23,2,0
USR_09203,B (Treatment),1,173.6,4,2
USR_09204,B (Treatment),0,17.86,5,3
USR_09205,B (Treatment),0,54.85,5,0
USR_09206,B (Treatment),0,60.55,4,1
USR_09207,B (Treatment),0,45.16,5,2
USR_09208,B (Treatment),0,34.78,3,3
USR_09209,B (Treatment),0,42.68,6,4
USR_09210,B (Treatment),0,42.88,7,5
USR_09211,B (Treatment),0,108.69,3,3
USR_09212,B (Treatment),0,9.47,3,1
USR_09213,B (Treatment),0,22.14,4,2
USR_09214,B (Treatment),0,51.17,2,2
USR_09215,B (Treatment),1,82.23,2,1
USR_09216,B (Treatment),0,23.22,3,1
USR_09217,B (Treatment),0,18.83,3,1
USR_09218,B (Treatment),0,39.28,3,1
USR_09219,B (Treatment),0,22.26,7,3
USR_09220,B (Treatment),0,39.48,3,1
USR_09221,B (Treatment),0,22.6,5,1
USR_09222,B (Treatment),0,65.51,1,0
USR_09223,B (Treatment),0,23.09,6,5
USR_09224,B (Treatment),0,11.11,4,2
USR_09225,B (Treatment),0,65.65,2,0
USR_09226,B (Treatment),0,43.29,6,4
USR_09227,B (Treatment),0,32.19,4,3
USR_09228,B (Treatment),0,32.84,5,3
USR_09229,B (Treatment),0,46.62,4,2
USR_09230,B (Treatment),0,18.88,3,2
USR_09231,B (Treatment),0,14.49,4,3
USR_09232,B (Treatment),0,23.04,5,4
USR_09233,B (Treatment),0,34.86,4,2
USR_09234,B (Treatment),0,21.66,6,2
USR_09235,B (Treatment),1,108.3,4,0
USR_09236,B (Treatment),0,23.05,5,3
USR_09237,B (Treatment),0,44.41,4,1
USR_09238,B (Treatment),0,58.25,1,1
USR_09239,B (Treatment),0,88.69,8,3
USR_09240,B (Treatment),0,118.63,6,5
USR_09241,B (Treatment),0,146.47,5,2
USR_09242,B (Treatment),0,86.07,6,3
USR_09243,B (Treatment),0,78.03,5,2
USR_09244,B (Treatment),0,19.86,2,0
USR_09245,B (Treatment),0,60.43,5,0
USR_09246,B (Treatment),0,36.21,5,2
USR_09247,B (Treatment),0,36.47,4,4
USR_09248,B (Treatment),0,32.33,3,2
USR_09249,B (Treatment),0,19.52,11,8
USR_09250,B (Treatment),0,28.74,8,11
USR_09251,B (Treatment),0,22.13,5,1
USR_09252,B (Treatment),0,9.47,3,2
USR_09253,B (Treatment),1,97.04,7,3
USR_09254,B (Treatment),1,43.81,4,1
USR_09255,B (Treatment),0,45.01,5,1
USR_09256,B (Treatment),0,41.17,4,1
USR_09257,B (Treatment),0,81.93,8,5
USR_09258,B (Treatment),0,47.78,3,1
USR_09259,B (Treatment),0,98.95,4,1
USR_09260,B (Treatment),0,64.3,6,5
USR_09261,B (Treatment),0,25.25,10,1
USR_09262,B (Treatment),0,89.97,10,6
USR_09263,B (Treatment),0,53.45,1,2
USR_09264,B (Treatment),0,40.54,6,3
USR_09265,B (Treatment),0,76.15,2,1
USR_09266,B (Treatment),0,44.13,6,1
USR_09267,B (Treatment),0,67.82,6,3
USR_09268,B (Treatment),0,17.19,3,1
USR_09269,B (Treatment),0,44.79,4,3
USR_09270,B (Treatment),0,26.52,3,2
USR_09271,B (Treatment),0,143.42,2,0
USR_09272,B (Treatment),0,94.84,2,1
USR_09273,B (Treatment),0,49.67,3,3
USR_09274,B (Treatment),0,89.56,3,2
USR_09275,B (Treatment),0,26.87,2,1
USR_09276,B (Treatment),0,31.34,6,5
USR_09277,B (Treatment),0,7.81,2,3
USR_09278,B (Treatment),0,65.65,8,2
USR_09279,B (Treatment),0,7.01,4,1
USR_09280,B (Treatment),0,29.1,7,5
USR_09281,B (Treatment),0,16.76,5,1
USR_09282,B (Treatment),0,80.7,5,4
USR_09283,B (Treatment),0,135.08,5,2
USR_09284,B (Treatment),0,72.3,4,0
USR_09285,B (Treatment),0,64.55,3,1
USR_09286,B (Treatment),0,50.03,2,0
USR_09287,B (Treatment),0,47.21,1,0
USR_09288,B (Treatment),0,23.46,3,1
USR_09289,B (Treatment),0,12.45,2,0
USR_09290,B (Treatment),0,46.57,8,1
USR_09291,B (Treatment),0,53.89,3,0
USR_09292,B (Treatment),0,53.68,4,2
USR_09293,B (Treatment),0,58.73,4,5
USR_09294,B (Treatment),0,68.77,9,2
USR_09295,B (Treatment),0,45.25,5,3
USR_09296,B (Treatment),0,21.75,4,2
USR_09297,B (Treatment),0,57.48,5,0
USR_09298,B (Treatment),0,66.1,5,0
USR_09299,B (Treatment),0,35.28,5,1
USR_09300,B (Treatment),0,66.24,4,2
USR_09301,B (Treatment),0,46.9,6,6
USR_09302,B (Treatment),0,19.36,3,1
USR_09303,B (Treatment),0,162.79,5,0
USR_09304,B (Treatment),0,34.06,3,1
USR_09305,B (Treatment),0,20.52,5,5
USR_09306,B (Treatment),0,26.32,6,0
USR_09307,B (Treatment),0,5.25,2,1
USR_09308,B (Treatment),0,36.02,3,0
USR_09309,B (Treatment),0,97.8,4,0
USR_09310,B (Treatment),0,49.53,3,1
USR_09311,B (Treatment),0,24.48,6,5
USR_09312,B (Treatment),0,42.06,6,4
USR_09313,B (Treatment),0,7.86,4,1
USR_09314,B (Treatment),0,42.32,8,1
USR_09315,B (Treatment),0,34.69,1,0
USR_09316,B (Treatment),0,77.6,8,1
USR_09317,B (Treatment),0,54.31,4,1
USR_09318,B (Treatment),0,21.28,4,3
USR_09319,B (Treatment),1,76.26,2,1
USR_09320,B (Treatment),0,92.21,4,4
USR_09321,B (Treatment),0,55.43,6,4
USR_09322,B (Treatment),0,37.2,5,2
USR_09323,B (Treatment),0,29.77,3,2
USR_09324,B (Treatment),0,111.32,5,1
USR_09325,B (Treatment),1,52.65,5,1
USR_09326,B (Treatment),0,46.18,4,2
USR_09327,B (Treatment),0,17.83,5,0
USR_09328,B (Treatment),0,22.91,3,0
USR_09329,B (Treatment),0,14.07,9,4
USR_09330,B (Treatment),0,36.84,3,3
USR_09331,B (Treatment),0,29.31,2,3
USR_09332,B (Treatment),0,47.66,7,4
USR_09333,B (Treatment),0,85.11,7,6
USR_09334,B (Treatment),0,66.48,4,3
USR_09335,B (Treatment),0,74.79,7,2
USR_09336,B (Treatment),1,83.81,4,1
USR_09337,B (Treatment),0,24.34,3,2
USR_09338,B (Treatment),0,32.81,3,0
USR_09339,B (Treatment),0,29.67,5,2
USR_09340,B (Treatment),0,68.64,3,2
USR_09341,B (Treatment),0,17.36,4,1
USR_09342,B (Treatment),0,100.63,2,2
USR_09343,B (Treatment),0,31.94,3,1
USR_09344,B (Treatment),0,18.35,4,1
USR_09345,B (Treatment),0,32.89,7,2
USR_09346,B (Treatment),0,34.45,5,3
USR_09347,B (Treatment),0,37.92,6,2
USR_09348,B (Treatment),0,39.1,4,1
USR_09349,B (Treatment),0,83.34,4,2
USR_09350,B (Treatment),0,53.26,7,3
USR_09351,B (Treatment),0,18.16,7,5
USR_09352,B (Treatment),0,33.97,7,3
USR_09353,B (Treatment),0,29.04,5,5
USR_09354,B (Treatment),0,44.91,5,2
USR_09355,B (Treatment),0,40.79,7,2
USR_09356,B (Treatment),0,119.56,2,1
USR_09357,B (Treatment),0,74.58,3,2
USR_09358,B (Treatment),0,62.53,5,0
USR_09359,B (Treatment),0,7.22,4,2
USR_09360,B (Treatment),1,72.76,5,1
USR_09361,B (Treatment),0,9.93,6,6
USR_09362,B (Treatment),0,30.99,3,1
USR_09363,B (Treatment),0,33.85,6,1
USR_09364,B (Treatment),0,81.39,4,0
USR_09365,B (Treatment),0,20.67,3,3
USR_09366,B (Treatment),0,37.99,5,4
USR_09367,B (Treatment),0,15.05,3,1
USR_09368,B (Treatment),0,59.49,3,0
USR_09369,B (Treatment),0,31.22,2,1
USR_09370,B (Treatment),0,48.08,1,1
USR_09371,B (Treatment),1,3.38,2,1
USR_09372,B (Treatment),0,18.86,7,5
USR_09373,B (Treatment),0,49.04,3,2
USR_09374,B (Treatment),0,64.89,4,1
USR_09375,B (Treatment),0,101.42,9,3
USR_09376,B (Treatment),1,92.6,5,3
USR_09377,B (Treatment),0,28.06,3,1
USR_09378,B (Treatment),0,47.55,2,2
USR_09379,B (Treatment),0,69.43,7,2
USR_09380,B (Treatment),0,52.61,3,1
USR_09381,B (Treatment),0,34.08,10,2
USR_09382,B (Treatment),0,48.92,2,0
USR_09383,B (Treatment),0,96.96,3,0
USR_09384,B (Treatment),0,42.03,3,1
USR_09385,B (Treatment),0,60.26,3,0
USR_09386,B (Treatment),0,51.03,2,1
USR_09387,B (Treatment),0,26.96,6,2
USR_09388,B (Treatment),0,81.1,3,1
USR_09389,B (Treatment),1,42.84,4,2
USR_09390,B (Treatment),1,33.8,3,3
USR_09391,B (Treatment),0,50.65,7,4
USR_09392,B (Treatment),0,86.84,8,6
USR_09393,B (Treatment),0,48.6,6,7
USR_09394,B (Treatment),0,48.02,8,0
USR_09395,B (Treatment),0,59.06,5,3
USR_09396,B (Treatment),0,68.01,6,1
USR_09397,B (Treatment),0,36.36,4,4
USR_09398,B (Treatment),0,39.54,3,1
USR_09399,B (Treatment),0,34.53,3,1
USR_09400,B (Treatment),0,58.73,5,6
USR_09401,B (Treatment),0,42.82,2,2
USR_09402,B (Treatment),0,44.26,5,0
USR_09403,B (Treatment),0,45.23,3,0
USR_09404,B (Treatment),0,16.81,2,2
USR_09405,B (Treatment),0,64.44,2,0
USR_09406,B (Treatment),0,35.56,3,3
USR_09407,B (Treatment),0,43.16,2,2
USR_09408,B (Treatment),0,31.41,7,0
USR_09409,B (Treatment),0,20.63,5,1
USR_09410,B (Treatment),0,48.34,4,0
USR_09411,B (Treatment),0,56.57,6,1
USR_09412,B (Treatment),0,161.18,3,1
USR_09413,B (Treatment),0,29.58,5,3
USR_09414,B (Treatment),0,71.0,4,2
USR_09415,B (Treatment),0,35.08,3,1
USR_09416,B (Treatment),0,74.82,4,1
USR_09417,B (Treatment),0,62.23,6,2
USR_09418,B (Treatment),0,29.88,4,2
USR_09419,B (Treatment),0,19.32,3,3
USR_09420,B (Treatment),0,14.91,5,2
USR_09421,B (Treatment),0,79.35,2,3
USR_09422,B (Treatment),0,23.34,5,0
USR_09423,B (Treatment),0,12.95,7,5
USR_09424,B (Treatment),0,78.3,4,1
USR_09425,B (Treatment),0,44.58,2,2
USR_09426,B (Treatment),0,36.73,4,4
USR_09427,B (Treatment),0,67.91,5,3
USR_09428,B (Treatment),0,35.21,5,2
USR_09429,B (Treatment),0,64.06,4,2
USR_09430,B (Treatment),0,29.91,4,2
USR_09431,B (Treatment),0,96.1,4,2
USR_09432,B (Treatment),0,26.78,4,3
USR_09433,B (Treatment),0,64.63,4,3
USR_09434,B (Treatment),0,85.77,5,0
USR_09435,B (Treatment),0,2.29,6,1
USR_09436,B (Treatment),0,60.78,3,1
USR_09437,B (Treatment),0,27.14,4,2
USR_09438,B (Treatment),0,67.66,4,1
USR_09439,B (Treatment),0,51.11,7,2
USR_09440,B (Treatment),0,59.54,1,0
USR_09441,B (Treatment),0,42.49,7,4
USR_09442,B (Treatment),0,89.17,4,4
USR_09443,B (Treatment),0,15.45,3,2
USR_09444,B (Treatment),0,83.49,3,1
USR_09445,B (Treatment),0,30.24,4,3
USR_09446,B (Treatment),0,9.42,2,2
USR_09447,B (Treatment),1,45.72,4,2
USR_09448,B (Treatment),0,27.85,5,1
USR_09449,B (Treatment),0,58.14,9,8
USR_09450,B (Treatment),0,61.68,9,8
USR_09451,B (Treatment),0,39.93,5,1
USR_09452,B (Treatment),0,59.82,6,4
USR_09453,B (Treatment),1,53.09,5,0
USR_09454,B (Treatment),0,45.19,2,0
USR_09455,B (Treatment),0,39.08,3,1
USR_09456,B (Treatment),0,31.63,9,4
USR_09457,B (Treatment),0,120.24,4,2
USR_09458,B (Treatment),1,43.83,5,2
USR_09459,B (Treatment),0,54.64,4,0
USR_09460,B (Treatment),0,65.77,4,1
USR_09461,B (Treatment),0,36.94,4,3
USR_09462,B (Treatment),0,57.08,11,4
USR_09463,B (Treatment),0,113.81,2,1
USR_09464,B (Treatment),0,26.73,4,2
USR_09465,B (Treatment),0,113.78,6,4
USR_09466,B (Treatment),0,68.67,3,1
USR_09467,B (Treatment),0,29.97,4,0
USR_09468,B (Treatment),0,25.61,6,5
USR_09469,B (Treatment),0,113.4,2,0
USR_09470,B (Treatment),1,80.0,4,1
USR_09471,B (Treatment),0,40.75,8,5
USR_09472,B (Treatment),0,32.53,6,4
USR_09473,B (Treatment),0,30.06,3,3
USR_09474,B (Treatment),0,39.46,5,0
USR_09475,B (Treatment),0,41.92,8,6
USR_09476,B (Treatment),0,49.47,3,2
USR_09477,B (Treatment),0,22.9,2,1
USR_09478,B (Treatment),0,29.17,3,0
USR_09479,B (Treatment),0,38.16,5,2
USR_09480,B (Treatment),0,139.03,3,0
USR_09481,B (Treatment),0,52.87,7,7
USR_09482,B (Treatment),0,17.08,4,3
USR_09483,B (Treatment),0,23.73,5,3
USR_09484,B (Treatment),0,112.57,4,3
USR_09485,B (Treatment),0,89.61,2,1
USR_09486,B (Treatment),0,34.93,3,0
USR_09487,B (Treatment),0,60.55,6,2
USR_09488,B (Treatment),0,56.35,5,6
USR_09489,B (Treatment),1,44.72,5,4
USR_09490,B (Treatment),0,25.83,6,5
USR_09491,B (Treatment),0,11.94,4,0
USR_09492,B (Treatment),0,74.98,5,1
USR_09493,B (Treatment),0,57.15,3,0
USR_09494,B (Treatment),0,26.12,4,3
USR_09495,B (Treatment),0,87.3,3,0
USR_09496,B (Treatment),0,110.01,3,1
USR_09497,B (Treatment),0,51.77,3,1
USR_09498,B (Treatment),0,43.68,5,5
USR_09499,B (Treatment),0,14.72,5,3
USR_09500,B (Treatment),0,39.78,6,4
USR_09501,B (Treatment),0,21.44,3,2
USR_09502,B (Treatment),0,41.24,3,2
USR_09503,B (Treatment),0,81.78,7,3
USR_09504,B (Treatment),0,65.54,3,1
USR_09505,B (Treatment),0,88.77,5,2
USR_09506,B (Treatment),0,37.64,5,1
USR_09507,B (Treatment),0,17.89,6,4
USR_09508,B (Treatment),0,36.62,2,1
USR_09509,B (Treatment),0,51.91,4,2
USR_09510,B (Treatment),0,91.09,5,3
USR_09511,B (Treatment),0,73.33,5,1
USR_09512,B (Treatment),1,12.96,5,2
USR_09513,B (Treatment),0,50.91,5,2
USR_09514,B (Treatment),0,81.32,7,1
USR_09515,B (Treatment),0,94.9,4,1
USR_09516,B (Treatment),0,85.1,3,0
USR_09517,B (Treatment),0,28.15,4,3
USR_09518,B (Treatment),0,29.14,5,2
USR_09519,B (Treatment),0,120.26,5,2
USR_09520,B (Treatment),0,33.35,6,3
USR_09521,B (Treatment),0,109.06,3,4
USR_09522,B (Treatment),0,23.91,3,2
USR_09523,B (Treatment),0,41.21,3,0
USR_09524,B (Treatment),0,8.92,7,2
USR_09525,B (Treatment),0,39.35,2,0
USR_09526,B (Treatment),0,25.46,5,0
USR_09527,B (Treatment),0,65.82,3,0
USR_09528,B (Treatment),0,65.5,7,2
USR_09529,B (Treatment),0,58.44,5,1
USR_09530,B (Treatment),0,26.34,8,3
USR_09531,B (Treatment),0,89.01,4,3
USR_09532,B (Treatment),0,45.94,5,4
USR_09533,B (Treatment),1,69.09,3,1
USR_09534,B (Treatment),0,85.38,3,2
USR_09535,B (Treatment),1,49.26,7,3
USR_09536,B (Treatment),0,16.59,3,1
USR_09537,B (Treatment),0,52.87,7,4
USR_09538,B (Treatment),0,39.67,3,1
USR_09539,B (Treatment),0,24.56,6,3
USR_09540,B (Treatment),0,102.03,3,0
USR_09541,B (Treatment),0,36.87,1,0
USR_09542,B (Treatment),0,63.15,5,3
USR_09543,B (Treatment),0,72.4,5,4
USR_09544,B (Treatment),0,52.88,5,1
USR_09545,B (Treatment),0,34.22,8,3
USR_09546,B (Treatment),0,15.24,4,2
USR_09547,B (Treatment),1,58.04,4,4
USR_09548,B (Treatment),0,37.08,3,1
USR_09549,B (Treatment),0,118.42,4,1
USR_09550,B (Treatment),1,28.62,7,1
USR_09551,B (Treatment),0,9.14,4,1
USR_09552,B (Treatment),0,19.91,6,5
USR_09553,B (Treatment),0,85.01,6,3
USR_09554,B (Treatment),0,73.77,3,1
USR_09555,B (Treatment),0,101.53,2,2
USR_09556,B (Treatment),0,40.09,3,1
USR_09557,B (Treatment),0,68.22,3,3
USR_09558,B (Treatment),0,51.33,4,3
USR_09559,B (Treatment),0,30.09,5,0
USR_09560,B (Treatment),0,45.74,6,3
USR_09561,B (Treatment),0,35.39,7,5
USR_09562,B (Treatment),0,98.13,1,0
USR_09563,B (Treatment),0,29.94,4,5
USR_09564,B (Treatment),0,106.65,3,3
USR_09565,B (Treatment),0,28.66,5,3
USR_09566,B (Treatment),0,35.41,5,1
USR_09567,B (Treatment),0,47.13,4,0
USR_09568,B (Treatment),0,27.78,6,3
USR_09569,B (Treatment),0,46.87,3,2
USR_09570,B (Treatment),0,50.92,7,2
USR_09571,B (Treatment),1,95.09,4,3
USR_09572,B (Treatment),0,9.01,4,3
USR_09573,B (Treatment),0,28.84,2,1
USR_09574,B (Treatment),0,114.79,4,2
USR_09575,B (Treatment),1,34.92,3,1
USR_09576,B (Treatment),0,34.91,4,0
USR_09577,B (Treatment),0,27.58,4,0
USR_09578,B (Treatment),1,67.32,7,5
USR_09579,B (Treatment),0,14.36,5,2
USR_09580,B (Treatment),0,56.32,3,2
USR_09581,B (Treatment),0,124.82,4,2
USR_09582,B (Treatment),0,11.67,2,1
USR_09583,B (Treatment),0,67.79,3,0
USR_09584,B (Treatment),0,19.09,4,3
USR_09585,B (Treatment),0,58.43,2,1
USR_09586,B (Treatment),0,55.41,7,1
USR_09587,B (Treatment),0,70.65,3,0
USR_09588,B (Treatment),0,31.98,4,0
USR_09589,B (Treatment),0,33.11,9,1
USR_09590,B (Treatment),0,71.81,5,1
USR_09591,B (Treatment),0,31.79,4,1
USR_09592,B (Treatment),0,76.92,5,1
USR_09593,B (Treatment),0,6.95,5,3
USR_09594,B (Treatment),1,53.3,3,1
USR_09595,B (Treatment),1,73.99,5,3
USR_09596,B (Treatment),0,40.13,5,4
USR_09597,B (Treatment),0,97.43,4,1
USR_09598,B (Treatment),0,32.73,6,4
USR_09599,B (Treatment),0,52.03,5,1
USR_09600,B (Treatment),0,81.61,5,2
USR_09601,B (Treatment),0,20.67,4,2
USR_09602,B (Treatment),0,85.85,4,4
USR_09603,B (Treatment),0,55.9,3,2
USR_09604,B (Treatment),0,26.78,6,2
USR_09605,B (Treatment),0,44.43,9,3
USR_09606,B (Treatment),0,25.21,5,2
USR_09607,B (Treatment),0,64.6,5,3
USR_09608,B (Treatment),0,38.04,6,2
USR_09609,B (Treatment),0,35.02,7,3
USR_09610,B (Treatment),0,65.83,2,2
USR_09611,B (Treatment),0,39.55,4,1
USR_09612,B (Treatment),0,45.88,6,4
USR_09613,B (Treatment),0,43.83,6,4
USR_09614,B (Treatment),0,8.73,5,4
USR_09615,B (Treatment),0,16.41,4,0
USR_09616,B (Treatment),0,29.1,6,1
USR_09617,B (Treatment),1,30.53,5,5
USR_09618,B (Treatment),0,8.0,2,0
USR_09619,B (Treatment),0,45.83,7,3
USR_09620,B (Treatment),0,41.57,4,1
USR_09621,B (Treatment),0,49.18,6,4
USR_09622,B (Treatment),0,36.53,5,1
USR_09623,B (Treatment),1,104.63,5,1
USR_09624,B (Treatment),0,61.14,3,1
USR_09625,B (Treatment),0,112.58,3,1
USR_09626,B (Treatment),0,20.6,3,2
USR_09627,B (Treatment),0,35.85,3,2
USR_09628,B (Treatment),0,30.9,4,2
USR_09629,B (Treatment),0,13.63,6,4
USR_09630,B (Treatment),0,40.21,6,4
USR_09631,B (Treatment),0,7.54,4,1
USR_09632,B (Treatment),0,64.18,3,0
USR_09633,B (Treatment),0,90.2,6,4
USR_09634,B (Treatment),0,38.7,8,5
USR_09635,B (Treatment),1,48.88,3,3
USR_09636,B (Treatment),0,90.71,8,2
USR_09637,B (Treatment),0,23.51,5,1
USR_09638,B (Treatment),0,13.51,5,3
USR_09639,B (Treatment),0,7.36,5,1
USR_09640,B (Treatment),0,25.36,5,1
USR_09641,B (Treatment),0,28.43,3,2
USR_09642,B (Treatment),0,67.12,9,3
USR_09643,B (Treatment),0,17.04,5,0
USR_09644,B (Treatment),0,13.06,2,1
USR_09645,B (Treatment),0,74.33,9,2
USR_09646,B (Treatment),0,29.76,6,1
USR_09647,B (Treatment),1,49.12,3,0
USR_09648,B (Treatment),0,69.62,3,2
USR_09649,B (Treatment),0,172.84,6,3
USR_09650,B (Treatment),0,56.64,11,3
USR_09651,B (Treatment),0,27.61,2,0
USR_09652,B (Treatment),0,73.46,2,1
USR_09653,B (Treatment),0,22.5,2,2
USR_09654,B (Treatment),0,90.06,2,3
USR_09655,B (Treatment),0,26.32,2,0
USR_09656,B (Treatment),0,19.57,9,5
USR_09657,B (Treatment),0,45.39,3,0
USR_09658,B (Treatment),0,55.58,3,0
USR_09659,B (Treatment),0,20.22,5,2
USR_09660,B (Treatment),1,29.2,3,1
USR_09661,B (Treatment),0,59.53,5,3
USR_09662,B (Treatment),0,50.0,3,0
USR_09663,B (Treatment),1,57.47,5,5
USR_09664,B (Treatment),0,91.09,1,0
USR_09665,B (Treatment),0,53.45,3,0
USR_09666,B (Treatment),0,106.26,5,2
USR_09667,B (Treatment),0,76.08,4,4
USR_09668,B (Treatment),0,29.68,3,5
USR_09669,B (Treatment),0,93.64,8,0
USR_09670,B (Treatment),0,52.06,6,2
USR_09671,B (Treatment),0,85.02,4,2
USR_09672,B (Treatment),0,58.16,7,4
USR_09673,B (Treatment),1,122.17,7,4
USR_09674,B (Treatment),0,19.6,3,1
USR_09675,B (Treatment),0,38.25,7,2
USR_09676,B (Treatment),0,64.93,2,0
USR_09677,B (Treatment),0,48.52,1,1
USR_09678,B (Treatment),0,22.65,2,1
USR_09679,B (Treatment),1,114.87,5,4
USR_09680,B (Treatment),0,42.02,3,1
USR_09681,B (Treatment),0,80.06,7,4
USR_09682,B (Treatment),0,61.78,3,0
USR_09683,B (Treatment),0,71.78,5,4
USR_09684,B (Treatment),0,18.61,5,4
USR_09685,B (Treatment),0,43.18,5,1
USR_09686,B (Treatment),0,72.9,5,1
USR_09687,B (Treatment),0,79.72,7,2
USR_09688,B (Treatment),0,75.46,4,3
USR_09689,B (Treatment),0,26.46,2,0
USR_09690,B (Treatment),0,11.97,3,1
USR_09691,B (Treatment),0,16.82,3,4
USR_09692,B (Treatment),0,44.63,6,3
USR_09693,B (Treatment),0,47.58,3,2
USR_09694,B (Treatment),0,44.51,5,3
USR_09695,B (Treatment),0,19.03,3,1
USR_09696,B (Treatment),0,30.39,7,5
USR_09697,B (Treatment),0,114.22,4,2
USR_09698,B (Treatment),1,55.96,7,4
USR_09699,B (Treatment),0,42.63,6,2
USR_09700,B (Treatment),0,112.67,3,4
USR_09701,B (Treatment),1,128.29,1,1
USR_09702,B (Treatment),0,32.62,3,0
USR_09703,B (Treatment),0,56.22,5,1
USR_09704,B (Treatment),0,14.06,5,3
USR_09705,B (Treatment),0,11.1,10,1
USR_09706,B (Treatment),0,38.09,5,2
USR_09707,B (Treatment),0,18.14,2,1
USR_09708,B (Treatment),0,30.42,6,1
USR_09709,B (Treatment),0,52.76,4,3
USR_09710,B (Treatment),1,99.11,7,5
USR_09711,B (Treatment),0,57.2,8,7
USR_09712,B (Treatment),0,32.86,2,0
USR_09713,B (Treatment),0,132.67,3,0
USR_09714,B (Treatment),0,46.81,7,3
USR_09715,B (Treatment),0,80.33,2,2
USR_09716,B (Treatment),0,84.6,6,2
USR_09717,B (Treatment),0,42.4,4,1
USR_09718,B (Treatment),0,4.96,4,2
USR_09719,B (Treatment),0,27.85,3,1
USR_09720,B (Treatment),0,28.81,2,1
USR_09721,B (Treatment),0,43.4,1,0
USR_09722,B (Treatment),0,37.32,3,2
USR_09723,B (Treatment),0,38.71,3,2
USR_09724,B (Treatment),0,45.22,6,3
USR_09725,B (Treatment),0,50.85,3,2
USR_09726,B (Treatment),0,11.67,7,2
USR_09727,B (Treatment),0,50.29,2,2
USR_09728,B (Treatment),0,68.09,4,1
USR_09729,B (Treatment),0,133.78,5,2
USR_09730,B (Treatment),0,49.13,4,2
USR_09731,B (Treatment),0,77.27,4,1
USR_09732,B (Treatment),0,64.31,4,1
USR_09733,B (Treatment),0,25.5,4,0
USR_09734,B (Treatment),0,51.19,6,3
USR_09735,B (Treatment),1,106.8,4,4
USR_09736,B (Treatment),0,103.46,3,2
USR_09737,B (Treatment),0,103.37,4,2
USR_09738,B (Treatment),1,196.29,5,3
USR_09739,B (Treatment),0,67.53,4,5
USR_09740,B (Treatment),0,33.38,4,1
USR_09741,B (Treatment),1,68.52,4,2
USR_09742,B (Treatment),0,22.85,5,1
USR_09743,B (Treatment),1,61.4,4,0
USR_09744,B (Treatment),0,21.88,2,0
USR_09745,B (Treatment),0,27.65,3,0
USR_09746,B (Treatment),0,10.61,1,1
USR_09747,B (Treatment),1,58.56,5,3
USR_09748,B (Treatment),0,100.14,3,1
USR_09749,B (Treatment),0,49.3,3,1
USR_09750,B (Treatment),0,45.22,3,1
USR_09751,B (Treatment),0,29.2,5,4
USR_09752,B (Treatment),1,82.08,5,3
USR_09753,B (Treatment),1,90.59,7,0
USR_09754,B (Treatment),0,14.67,6,4
USR_09755,B (Treatment),0,52.22,4,3
USR_09756,B (Treatment),0,80.24,6,1
USR_09757,B (Treatment),0,33.16,4,3
USR_09758,B (Treatment),0,12.8,8,2
USR_09759,B (Treatment),0,21.03,8,2
USR_09760,B (Treatment),1,110.12,5,2
USR_09761,B (Treatment),0,88.62,6,3
USR_09762,B (Treatment),0,95.64,4,2
USR_09763,B (Treatment),0,16.84,3,3
USR_09764,B (Treatment),0,79.76,2,0
USR_09765,B (Treatment),0,114.46,4,2
USR_09766,B (Treatment),1,27.83,4,1
USR_09767,B (Treatment),0,39.72,4,3
USR_09768,B (Treatment),0,53.68,4,0
USR_09769,B (Treatment),0,59.53,2,0
USR_09770,B (Treatment),0,34.44,3,5
USR_09771,B (Treatment),0,85.5,3,2
USR_09772,B (Treatment),0,65.86,5,4
USR_09773,B (Treatment),0,23.89,4,1
USR_09774,B (Treatment),0,82.05,5,3
USR_09775,B (Treatment),0,41.7,9,5
USR_09776,B (Treatment),0,67.66,5,6
USR_09777,B (Treatment),0,25.46,6,1
USR_09778,B (Treatment),0,26.56,6,1
USR_09779,B (Treatment),0,11.93,5,2
USR_09780,B (Treatment),0,92.42,2,0
USR_09781,B (Treatment),0,77.18,5,3
USR_09782,B (Treatment),0,53.88,4,5
USR_09783,B (Treatment),0,16.29,5,4
USR_09784,B (Treatment),0,101.96,2,0
USR_09785,B (Treatment),0,66.84,4,3
USR_09786,B (Treatment),0,34.42,3,2
USR_09787,B (Treatment),0,57.24,3,0
USR_09788,B (Treatment),0,40.95,2,1
USR_09789,B (Treatment),0,66.87,8,6
USR_09790,B (Treatment),0,22.26,9,3
USR_09791,B (Treatment),0,7.84,8,4
USR_09792,B (Treatment),1,62.99,4,0
USR_09793,B (Treatment),0,69.42,3,2
USR_09794,B (Treatment),0,11.91,6,1
USR_09795,B (Treatment),0,5.05,7,4
USR_09796,B (Treatment),0,54.27,4,2
USR_09797,B (Treatment),0,64.41,5,2
USR_09798,B (Treatment),0,39.82,3,1
USR_09799,B (Treatment),0,23.43,5,2
USR_09800,B (Treatment),1,134.29,3,2
USR_09801,B (Treatment),0,60.76,6,2
USR_09802,B (Treatment),0,91.68,3,2
USR_09803,B (Treatment),0,19.41,4,1
USR_09804,B (Treatment),0,100.15,4,2
USR_09805,B (Treatment),0,59.31,1,1
USR_09806,B (Treatment),0,126.23,5,2
USR_09807,B (Treatment),0,67.66,4,1
USR_09808,B (Treatment),0,48.77,2,0
USR_09809,B (Treatment),0,43.3,5,3
USR_09810,B (Treatment),1,28.54,3,0
USR_09811,B (Treatment),0,43.61,6,3
USR_09812,B (Treatment),1,68.41,4,1
USR_09813,B (Treatment),0,75.98,5,1
USR_09814,B (Treatment),0,25.38,1,0
USR_09815,B (Treatment),0,14.76,4,1
USR_09816,B (Treatment),0,56.15,6,5
USR_09817,B (Treatment),0,11.31,4,2
USR_09818,B (Treatment),0,44.23,3,2
USR_09819,B (Treatment),0,16.52,8,2
USR_09820,B (Treatment),0,74.05,3,1
USR_09821,B (Treatment),0,34.3,6,2
USR_09822,B (Treatment),0,37.38,5,4
USR_09823,B (Treatment),0,13.97,6,3
USR_09824,B (Treatment),0,86.24,5,2
USR_09825,B (Treatment),0,52.29,6,2
USR_09826,B (Treatment),0,53.52,6,4
USR_09827,B (Treatment),0,17.15,5,4
USR_09828,B (Treatment),0,10.35,3,1
USR_09829,B (Treatment),0,25.24,5,0
USR_09830,B (Treatment),0,33.7,6,2
USR_09831,B (Treatment),0,24.69,3,2
USR_09832,B (Treatment),0,126.58,6,2
USR_09833,B (Treatment),1,87.65,5,3
USR_09834,B (Treatment),0,44.98,2,1
USR_09835,B (Treatment),0,26.7,5,4
USR_09836,B (Treatment),0,19.75,2,0
USR_09837,B (Treatment),0,43.65,3,1
USR_09838,B (Treatment),0,54.63,6,1
USR_09839,B (Treatment),0,32.45,6,4
USR_09840,B (Treatment),0,59.76,4,1
USR_09841,B (Treatment),0,30.7,4,3
USR_09842,B (Treatment),0,19.57,5,0
USR_09843,B (Treatment),0,59.86,5,4
USR_09844,B (Treatment),0,10.0,3,4
USR_09845,B (Treatment),0,14.7,3,1
USR_09846,B (Treatment),0,22.3,7,3
USR_09847,B (Treatment),0,28.99,3,2
USR_09848,B (Treatment),0,68.55,4,5
USR_09849,B (Treatment),0,14.02,8,4
USR_09850,B (Treatment),0,37.5,1,0
USR_09851,B (Treatment),0,55.06,2,1
USR_09852,B (Treatment),0,52.1,4,1
USR_09853,B (Treatment),0,68.57,2,2
USR_09854,B (Treatment),0,38.27,4,1
USR_09855,B (Treatment),0,28.3,2,2
USR_09856,B (Treatment),0,95.88,3,2
USR_09857,B (Treatment),0,27.51,3,1
USR_09858,B (Treatment),0,24.79,5,2
USR_09859,B (Treatment),0,23.48,3,1
USR_09860,B (Treatment),0,22.83,3,0
USR_09861,B (Treatment),1,109.63,6,4
USR_09862,B (Treatment),0,120.68,5,3
USR_09863,B (Treatment),0,73.85,8,3
USR_09864,B (Treatment),0,61.36,6,3
USR_09865,B (Treatment),0,24.83,3,0
USR_09866,B (Treatment),0,32.1,5,5
USR_09867,B (Treatment),0,12.44,3,0
USR_09868,B (Treatment),0,37.7,4,1
USR_09869,B (Treatment),0,15.99,5,5
USR_09870,B (Treatment),0,49.71,4,1
USR_09871,B (Treatment),0,26.25,6,5
USR_09872,B (Treatment),0,52.46,4,1
USR_09873,B (Treatment),0,23.12,5,0
USR_09874,B (Treatment),0,10.64,2,0
USR_09875,B (Treatment),0,20.37,7,7
USR_09876,B (Treatment),0,55.43,5,1
USR_09877,B (Treatment),0,57.75,5,3
USR_09878,B (Treatment),0,54.09,2,1
USR_09879,B (Treatment),0,49.29,4,3
USR_09880,B (Treatment),0,45.0,2,0
USR_09881,B (Treatment),0,66.0,3,0
USR_09882,B (Treatment),0,5.19,4,3
USR_09883,B (Treatment),1,106.55,5,3
USR_09884,B (Treatment),0,36.99,4,2
USR_09885,B (Treatment),0,66.3,3,1
USR_09886,B (Treatment),0,42.51,5,4
USR_09887,B (Treatment),0,25.88,4,0
USR_09888,B (Treatment),0,35.07,4,1
USR_09889,B (Treatment),0,19.5,3,0
USR_09890,B (Treatment),0,22.07,4,0
USR_09891,B (Treatment),0,59.48,4,3
USR_09892,B (Treatment),0,49.94,3,2
USR_09893,B (Treatment),0,9.62,8,2
USR_09894,B (Treatment),0,22.73,5,3
USR_09895,B (Treatment),0,36.87,2,1
USR_09896,B (Treatment),0,42.67,7,3
USR_09897,B (Treatment),1,131.66,2,0
USR_09898,B (Treatment),0,49.05,4,2
USR_09899,B (Treatment),0,8.34,8,6
USR_09900,B (Treatment),0,44.18,2,1
USR_09901,B (Treatment),0,16.33,6,2
USR_09902,B (Treatment),0,38.09,6,4
USR_09903,B (Treatment),0,138.97,8,2
USR_09904,B (Treatment),0,30.71,5,1
USR_09905,B (Treatment),0,75.93,3,2
USR_09906,B (Treatment),0,43.85,4,2
USR_09907,B (Treatment),0,103.54,5,4
USR_09908,B (Treatment),0,62.06,7,2
USR_09909,B (Treatment),1,82.07,3,0
USR_09910,B (Treatment),0,55.0,5,2
USR_09911,B (Treatment),0,30.42,2,1
USR_09912,B (Treatment),0,96.29,4,4
USR_09913,B (Treatment),0,51.11,7,6
USR_09914,B (Treatment),0,31.84,4,2
USR_09915,B (Treatment),0,25.88,3,1
USR_09916,B (Treatment),0,52.27,3,1
USR_09917,B (Treatment),0,86.35,6,4
USR_09918,B (Treatment),0,58.04,5,2
USR_09919,B (Treatment),0,33.58,5,1
USR_09920,B (Treatment),0,56.63,3,2
USR_09921,B (Treatment),0,71.3,5,4
USR_09922,B (Treatment),0,11.98,4,3
USR_09923,B (Treatment),0,16.46,2,0
USR_09924,B (Treatment),1,67.19,3,2
USR_09925,B (Treatment),0,15.92,4,5
USR_09926,B (Treatment),0,38.05,5,3
USR_09927,B (Treatment),0,46.83,3,1
USR_09928,B (Treatment),0,20.66,4,0
USR_09929,B (Treatment),0,39.11,1,0
USR_09930,B (Treatment),1,47.28,5,2
USR_09931,B (Treatment),0,88.71,6,5
USR_09932,B (Treatment),1,83.12,2,1
USR_09933,B (Treatment),0,52.13,2,0
USR_09934,B (Treatment),0,28.34,4,2
USR_09935,B (Treatment),0,84.2,4,0
USR_09936,B (Treatment),0,85.97,7,2
USR_09937,B (Treatment),0,25.48,5,3
USR_09938,B (Treatment),0,49.21,4,1
USR_09939,B (Treatment),0,31.87,4,0
USR_09940,B (Treatment),0,53.3,4,2
USR_09941,B (Treatment),0,24.12,4,2
USR_09942,B (Treatment),0,70.81,5,3
USR_09943,B (Treatment),0,53.52,4,1
USR_09944,B (Treatment),0,24.16,6,2
USR_09945,B (Treatment),0,67.04,7,3
USR_09946,B (Treatment),0,28.17,3,0
USR_09947,B (Treatment),0,9.85,4,1
USR_09948,B (Treatment),0,20.37,2,1
USR_09949,B (Treatment),0,75.64,4,1
USR_09950,B (Treatment),0,110.87,7,3
USR_09951,B (Treatment),1,112.52,7,4
USR_09952,B (Treatment),0,29.42,6,3
USR_09953,B (Treatment),0,38.02,3,2
USR_09954,B (Treatment),0,32.32,6,3
USR_09955,B (Treatment),0,42.9,7,2
USR_09956,B (Treatment),0,15.44,1,0
USR_09957,B (Treatment),0,30.0,2,1
USR_09958,B (Treatment),0,49.32,5,1
USR_09959,B (Treatment),1,75.88,6,2
USR_09960,B (Treatment),0,52.12,2,2
USR_09961,B (Treatment),0,36.86,7,2
USR_09962,B (Treatment),0,20.77,6,3
USR_09963,B (Treatment),0,78.67,3,0
USR_09964,B (Treatment),0,13.75,5,2
USR_09965,B (Treatment),0,16.24,4,5
USR_09966,B (Treatment),0,62.72,4,4
USR_09967,B (Treatment),0,68.2,4,4
USR_09968,B (Treatment),0,4.87,3,2
USR_09969,B (Treatment),0,37.08,5,1
USR_09970,B (Treatment),0,8.38,4,1
USR_09971,B (Treatment),0,38.63,3,0
USR_09972,B (Treatment),1,33.31,6,1
USR_09973,B (Treatment),0,96.95,2,0
USR_09974,B (Treatment),0,57.07,4,2
USR_09975,B (Treatment),0,58.25,4,0
USR_09976,B (Treatment),0,87.48,4,4
USR_09977,B (Treatment),0,89.46,6,3
USR_09978,B (Treatment),0,47.46,3,0
USR_09979,B (Treatment),0,27.59,7,3
USR_09980,B (Treatment),1,73.35,7,3
USR_09981,B (Treatment),0,71.12,4,3
USR_09982,B (Treatment),0,62.34,2,0
USR_09983,B (Treatment),0,47.32,1,0
USR_09984,B (Treatment),0,38.37,4,3
USR_09985,B (Treatment),0,89.62,4,1
USR_09986,B (Treatment),0,33.24,5,2
USR_09987,B (Treatment),0,26.68,3,1
USR_09988,B (Treatment),1,36.75,3,2
USR_09989,B (Treatment),0,23.71,5,1
USR_09990,B (Treatment),0,71.32,3,3
USR_09991,B (Treatment),0,47.35,3,0
USR_09992,B (Treatment),0,8.9,4,1
USR_09993,B (Treatment),0,57.22,3,1
USR_09994,B (Treatment),0,37.59,10,4
USR_09995,B (Treatment),0,43.74,7,2
USR_09996,B (Treatment),0,51.17,4,2
USR_09997,B (Treatment),0,30.52,6,3
USR_09998,B (Treatment),0,26.47,3,1
USR_09999,B (Treatment),0,62.48,4,2
USR_10000,B (Treatment),0,17.84,4,1
